-- APSL Players (Scraped Data)
-- Generated by database-driven scraper from apslsoccer.com
-- This file is regenerated on each scrape - do not edit manually

-- Insert persons
INSERT INTO persons (id, first_name, last_name) VALUES
  (50000, 'Sahil', 'Banerjee'),
  (50001, 'Massimiliano', 'Bruno'),
  (50002, 'Kevin Alves', 'Cruz'),
  (50003, 'Ryan', 'Cura'),
  (50004, 'Emilano De La Macorra', 'Cardoso'),
  (50005, 'Jeffery', 'Dietrich'),
  (50006, 'Claudio', 'Dragonetti'),
  (50007, 'Miguel', 'Enriquez'),
  (50008, 'Charles Esber', 'Tavares'),
  (50009, 'Kaven', 'Fitch'),
  (50010, 'Vincenzo', 'Fuentes'),
  (50011, 'Payson', 'Goyette'),
  (50012, 'Pano', 'Haseotes'),
  (50013, 'Aidan', 'Hayes'),
  (50014, 'Samuel', 'Hong'),
  (50015, 'Santiago', 'Kadadihi'),
  (50016, 'George', 'Karafilidis'),
  (50017, 'Jeremy', 'Kim'),
  (50018, 'Eduardo', 'Marquez'),
  (50019, 'Nicolas', 'Martignoni'),
  (50020, 'Evan', 'Mendonca'),
  (50021, 'Pablo', 'Montilla'),
  (50022, 'Lucas Ortega', 'Morales'),
  (50023, 'Nicholas Stephen', 'Pierangeli'),
  (50024, 'Mario Ruiz', 'Perez'),
  (50025, 'Edwin', 'Saravia'),
  (50026, 'Caio', 'Soares'),
  (50027, 'Johner', 'Soe'),
  (50028, 'Luka', 'Szymanski'),
  (50029, 'Ross Lamont', 'Watson'),
  (50030, 'Moises De pina', 'Alves'),
  (50031, 'Jack', 'Aronson'),
  (50032, 'Joao P', 'Carvalho'),
  (50033, 'Mana', 'Chavali'),
  (50034, 'Suri', 'Chavali'),
  (50035, 'Brendan', 'Claflin'),
  (50036, 'Matthew Daniel', 'Cosentino'),
  (50037, 'Patrick', 'Davison'),
  (50038, 'Joao Paulo De Mattos', 'Almeida'),
  (50039, 'Manuel António', 'Depina'),
  (50040, 'Michael', 'Eve'),
  (50041, 'Nicholas', 'Falcone'),
  (50042, 'Jackson', 'Faulx'),
  (50043, 'Luke', 'Hanchar'),
  (50044, 'Oswaldo', 'Hernandez'),
  (50045, 'Martin', 'Konstantinov'),
  (50046, 'Kyle', 'Lasewicz'),
  (50047, 'Surya', 'Mani'),
  (50048, 'Christian', 'Martins'),
  (50049, 'Gilson', 'Martins'),
  (50050, 'Stephen Denis Silva', 'Mendes'),
  (50051, 'Chad', 'Meyers'),
  (50052, 'Charles', 'Miller'),
  (50053, 'Jonathan Ernesto', 'Rodriguez'),
  (50054, 'Carlos', 'Rojas'),
  (50055, 'Jaderson', 'Rutsatz'),
  (50056, 'Alexander', 'Shanley'),
  (50057, 'Griffin', 'Sisk'),
  (50058, 'Daniel', 'Soto'),
  (50059, 'Elisandro', 'Tavares'),
  (50060, 'Nick', 'Winn'),
  (50061, 'Jackson', 'Yager'),
  (50062, 'Mario', 'Amado'),
  (50063, 'Brenner', 'Cardoso'),
  (50064, 'Wendy', 'Celestin'),
  (50065, 'Denilson Barros', 'Centeio'),
  (50066, 'Jacinto', 'Correia'),
  (50067, 'Edson Andarade Da', 'Silva'),
  (50068, 'Fabio Pires Da', 'Silva'),
  (50069, 'Rivaldo Baessa Da', 'Silva'),
  (50070, 'Heracles De Pina', 'Fernandes'),
  (50071, 'Paulo De Pina', 'Goncalves'),
  (50072, 'Valdir', 'Depina'),
  (50073, 'Isandro Fernandes', 'Lopes'),
  (50074, 'Mario Figueroa', 'Garcia'),
  (50075, 'Adilson', 'Gomes'),
  (50076, 'Clayton', 'Gomes'),
  (50077, 'Estevao', 'Gomes'),
  (50078, 'Jair Gomes De', 'Pina'),
  (50079, 'Jose Gomes', 'Rodrigues'),
  (50080, 'Papa', 'Ndiaye'),
  (50081, 'Lucas Nogueira', 'Monteiro'),
  (50082, 'Nima Norouzi', 'Behjat'),
  (50083, 'Imauro', 'Pina'),
  (50084, 'Mauro Pires', 'Amado'),
  (50085, 'Anthony', 'Ramos'),
  (50086, 'Jose Rodrigues', 'Teixeira'),
  (50087, 'Djeison Rodrigues', 'Vieira'),
  (50088, 'Tahir Akil', 'Scott'),
  (50089, 'Ronilson', 'Semedo'),
  (50090, 'Francisco M', 'Silveira'),
  (50091, 'Yassine', 'Smissame'),
  (50092, 'Kevin Sos Santos', 'Barbisa'),
  (50093, 'Domingos', 'Tavares'),
  (50094, 'Edson Irlandino Tavares', 'Dossantos'),
  (50095, 'Elton J', 'Teixeira'),
  (50096, 'Daniel', 'Andrade'),
  (50097, 'Edmilson', 'Andrade'),
  (50098, 'Damian', 'Anerdson'),
  (50099, 'Ronis', 'Ayala'),
  (50100, 'Dominique', 'Baessa'),
  (50101, 'Gio', 'Barros'),
  (50102, 'Justin', 'Barros'),
  (50103, 'Dominek', 'Borden'),
  (50104, 'Edemilson', 'Candida'),
  (50105, 'Kevin', 'Correia'),
  (50106, 'Neil', 'Cunha'),
  (50107, 'Mason', 'Dealmeida'),
  (50108, 'Clayton', 'Demelo'),
  (50109, 'Ethan', 'Demelo'),
  (50110, 'Dawson', 'Dosvais'),
  (50111, 'Zajdele', 'Dulcine'),
  (50112, 'Augustin', 'Edwin'),
  (50113, 'Austin', 'Eugenio'),
  (50114, 'Malaquias Tavares', 'Garcia'),
  (50115, 'Michael', 'Garcia'),
  (50116, 'Damon', 'Greene'),
  (50117, 'Ricardo', 'Macedo'),
  (50118, 'Sam', 'Matias'),
  (50119, 'Dylan', 'Mendes'),
  (50120, 'Jose Carlos "Ze"', 'Mendes'),
  (50121, 'Ethan', 'Paiva'),
  (50122, 'Joey', 'Paiva'),
  (50123, 'Colin', 'Pereira'),
  (50124, 'Jacob', 'Ramos'),
  (50125, 'Rafael', 'Raposo'),
  (50126, 'Dylan', 'Senra'),
  (50127, 'Flavio Joel Soares', 'Carvalho'),
  (50128, 'Christian', 'Sousa'),
  (50129, 'Wilson Omar Amaya', 'Lara'),
  (50130, 'Jessiel Alexander', 'Amparo'),
  (50131, 'Minor Ojanny Angel', 'Merida'),
  (50132, 'Yaw', 'Bediako'),
  (50133, 'Elvino Tavares Da', 'Silva'),
  (50134, 'Delvino Tavares', 'Dasilva'),
  (50135, 'Jamel Anch', 'David'),
  (50136, 'Henry', 'Edeko'),
  (50137, 'Ayoub', 'Essaoui'),
  (50138, 'Jackson', 'Fernandes'),
  (50139, 'Carlos Augusto Gomez', 'Hernandez'),
  (50140, 'Braulio Gonzalez', 'Oliveria'),
  (50141, 'Alejandro Alfonso Guerrero', 'Vargas'),
  (50142, 'Kenneth Jared Ibarra', 'Suarez'),
  (50143, 'Aeshan', 'Kapil'),
  (50144, 'Jesus Gilberto', 'Martinez'),
  (50145, 'Ricosta', 'Mede'),
  (50146, 'Sheventz', 'Multy'),
  (50147, 'Samuel Armando', 'Perez'),
  (50148, 'Aiden Thor', 'Perry'),
  (50149, 'Alex Andrade', 'Pina'),
  (50150, 'Connor', 'Poliquin'),
  (50151, 'Timothy', 'Singleton'),
  (50152, 'Francisco Aron', 'Villacorta'),
  (50153, 'Benjamin', 'Watts'),
  (50154, 'Mo Amine', 'Faleh'),
  (50155, 'Ludwin Daniel', 'Carranza'),
  (50156, 'Albert', 'Daniels'),
  (50157, 'Yassine', 'ElBasli'),
  (50158, 'Eduardo', 'Engst-Mansilla'),
  (50159, 'Kerllon Silva', 'Felipe'),
  (50160, 'Cole', 'Fergusson'),
  (50161, 'Joao Victor', 'Ferreira'),
  (50162, 'Carl', 'Foming'),
  (50163, 'Jackson C', 'Gilstrap'),
  (50164, 'Bernadin', 'Herard'),
  (50165, 'Juan camilo', 'Hernández'),
  (50166, 'Delices', 'Keyri'),
  (50167, 'Hindolo Brima', 'Mansaray'),
  (50168, 'John', 'Massaquoi'),
  (50169, 'Vincent', 'Miller'),
  (50170, 'Hassan', 'Mutaasa'),
  (50171, 'Amadou Moustapha', 'Ndiaye'),
  (50172, 'Carl', 'Olivier'),
  (50173, 'Roodchyl Samuel', 'Pauleon'),
  (50174, 'Jaydon', 'Perez'),
  (50175, 'Joseph', 'Saidu'),
  (50176, 'Destin', 'Sleeter'),
  (50177, 'Pierre St', 'Simon'),
  (50178, 'Isaiah', 'Stessman'),
  (50179, 'Carlos', 'Teixeira'),
  (50180, 'Hamza', 'Tribia'),
  (50181, 'Luiz Gustavo', 'Zanellato'),
  (50182, 'Abraham', 'Zepeda'),
  (50183, 'Mustapha Ait', 'Zbair'),
  (50184, 'Joshua', 'Atemkeng'),
  (50185, 'Ousmane', 'balde'),
  (50186, 'John', 'Brewer'),
  (50187, 'Oscar', 'Castillo'),
  (50188, 'Edmond', 'Charles'),
  (50189, 'Dimitri', 'Costa'),
  (50190, 'Hamza El', 'Amane'),
  (50191, 'Mohamed', 'El-Rhoufi'),
  (50192, 'Hyacinth', 'Fongang'),
  (50193, 'Metayer', 'Gassamar'),
  (50194, 'Abubakar Sidiq', 'Hamidu'),
  (50195, 'Diallo', 'Ibrahima'),
  (50196, 'Ralph Jean', 'Baptiste'),
  (50197, 'Root-mael Jean', 'Baptiste'),
  (50198, 'Cedrick', 'Labah'),
  (50199, 'Bruno', 'Lana'),
  (50200, 'Longtse Mofor', 'Landoh'),
  (50201, 'Roberto', 'Martinez'),
  (50202, 'Quang', 'Milligan'),
  (50203, 'Bonjoh', 'Ngoasong'),
  (50204, 'Sydiney', 'Nyabiosi'),
  (50205, 'Pedro', 'Pedrine'),
  (50206, 'Marc Hattley', 'Pierre'),
  (50207, 'Luvensky', 'Polycarpe'),
  (50208, 'Angelo', 'Ramirez'),
  (50209, 'Emerson', 'Roman'),
  (50210, 'Yostin', 'Roman'),
  (50211, 'Shelton', 'Sidelca'),
  (50212, 'Redwane', 'Tinfle'),
  (50213, 'Nelvin', 'Vando'),
  (50214, 'Jonathan', 'Vazquez'),
  (50215, 'Ethan', 'Vitello'),
  (50216, 'Trevor', 'Voisine'),
  (50217, 'Zamy Youri ', 'Ansley'),
  (50218, 'Meysar', 'Abdulkadir'),
  (50219, 'Joel', 'Agebtossou'),
  (50220, 'Davaughn', 'Anderson'),
  (50221, 'Deante', 'Anderson'),
  (50222, 'Jimmy', 'Arita'),
  (50223, 'Ben', 'Awashie'),
  (50224, 'Alessandro', 'Bacabac'),
  (50225, 'Dejaun', 'Beckford'),
  (50226, 'Joseph', 'Boakye'),
  (50227, 'Alexander', 'Clarke'),
  (50228, 'Caleb', 'Ennin'),
  (50229, 'Tim', 'Ennin'),
  (50230, 'Shaquan', 'Facey'),
  (50231, 'Jahvanni', 'Grant'),
  (50232, 'Elian', 'Guaman'),
  (50233, 'Dax', 'Hoffman'),
  (50234, 'George', 'Jimenez'),
  (50235, 'Gideon', 'Kadiri'),
  (50236, 'Jaheim', 'Kennedy'),
  (50237, 'Brenden', 'Landry'),
  (50238, 'Shani', 'Miller'),
  (50239, 'Kwesi', 'Mills-Odoi'),
  (50240, 'Shemar', 'Moore'),
  (50241, 'Andre', 'Morrison'),
  (50242, 'Yaw', 'Nimo-Agyare'),
  (50243, 'Kenny', 'Ofori'),
  (50244, 'Diwash', 'Pun'),
  (50245, 'Shamar', 'Smith'),
  (50246, 'Sholay', 'Sock'),
  (50247, 'Dane', 'Stephens'),
  (50248, 'Romaine', 'Walters'),
  (50249, 'Colin', 'Branigan'),
  (50250, 'Colin', 'Brocksieper'),
  (50251, 'Nick', 'Burkle'),
  (50252, 'Rocco', 'D’Arcangelo'),
  (50253, 'Massimo', 'Eichner'),
  (50254, 'Eddy', 'Enowbi'),
  (50255, 'Sean', 'Gannon'),
  (50256, 'Andrew Hayden', 'Geres'),
  (50257, 'Donovan', 'Harris'),
  (50258, 'John', 'Hess'),
  (50259, 'Jalen', 'Jean'),
  (50260, 'Eric-Bertin', 'Kalumbwe'),
  (50261, 'Sevon Komlan', 'Koudaya'),
  (50262, 'Senan', 'Lonergan'),
  (50263, 'Luke', 'McNabb'),
  (50264, 'Aidan', 'Nolan'),
  (50265, 'Aidan', 'O''Brien'),
  (50266, 'Liam', 'O''Brien'),
  (50267, 'Ronan', 'O''Brien'),
  (50268, 'Marco', 'Parisi'),
  (50269, 'Christian', 'Rivas-Plata'),
  (50270, 'Colm', 'Ryan'),
  (50271, 'Ian', 'Slattery'),
  (50272, 'Marcris', 'Webb'),
  (50273, 'Nick', 'Wlodarcyk'),
  (50274, 'Kaio Ramos', 'Araujo'),
  (50275, 'Luciano', 'Artaza'),
  (50276, 'Luke', 'Bello'),
  (50277, 'Marc', 'Calle'),
  (50278, 'Leonardo Da', 'Graca'),
  (50279, 'Ricardo', 'Dias'),
  (50280, 'Matthew', 'Evora'),
  (50281, 'Anthony', 'Faienza'),
  (50282, 'Thomas', 'Fernandez-Wolff'),
  (50283, 'Nicholas', 'Fernández-Wolff'),
  (50284, 'Abdulmohaymen', 'Gadoush'),
  (50285, 'Eurico', 'Gomes'),
  (50286, 'Javier', 'Hernandez'),
  (50287, 'Joni', 'Kadrioski'),
  (50288, 'Chavez', 'Mbeki'),
  (50289, 'Kenan', 'Mujic'),
  (50290, 'Ermis', 'Paguada'),
  (50291, 'Paulo', 'Paris'),
  (50292, 'Juan', 'Saca'),
  (50293, 'Bruno', 'Silva'),
  (50294, 'Matthew', 'Silva'),
  (50295, 'Michel', 'Souza'),
  (50296, 'Kadin', 'Talho'),
  (50297, 'Diego', 'Vasquez'),
  (50298, 'Jannik', 'Wille'),
  (50299, 'Caleb', 'Wu'),
  (50300, 'Alan', 'Xavier'),
  (50301, 'Bright', 'Agyemang'),
  (50302, 'Wander', 'Alves'),
  (50303, 'Guilherme', 'Andrade'),
  (50304, 'Hayllan', 'Batista'),
  (50305, 'Gabriel', 'Berthoud'),
  (50306, 'Gabriel', 'Carrelo'),
  (50307, 'Rodney', 'Delgado'),
  (50308, 'Gregorio', 'Espinoza'),
  (50309, 'Wilmer', 'Flores'),
  (50310, 'Zouhair', 'Khal'),
  (50311, 'Shamar J', 'Kingston'),
  (50312, 'Bruno', 'Luiz'),
  (50313, 'Colton', 'Lukuc'),
  (50314, 'Abdessamad', 'Machi'),
  (50315, 'David', 'Mollenthiel'),
  (50316, 'Phila', 'Nxumalo'),
  (50317, 'Johan', 'Pineda'),
  (50318, 'Patrick', 'Pineda'),
  (50319, 'Andrew', 'Ranieri'),
  (50320, 'Anthony', 'Ranieri'),
  (50321, 'Steven', 'Rivera'),
  (50322, 'Maynor', 'Robles'),
  (50323, 'Michael', 'Rodriguez'),
  (50324, 'Walter', 'Romero'),
  (50325, 'Edwin', 'Rosano'),
  (50326, 'Bairon', 'Tejada'),
  (50327, 'Diego Vega', 'Toledo'),
  (50328, 'Oscar Eduardo Velasquez', 'Centeno'),
  (50329, 'Anderson', 'Velez'),
  (50330, 'Tristan', 'Vincent'),
  (50331, 'Tyler', 'Wrenn'),
  (50332, 'Javier', 'Yanez'),
  (50333, 'Hermanus', 'Achterkamp'),
  (50334, 'Christopher Diego', 'Anderson'),
  (50335, 'Daniel', 'Bedoya'),
  (50336, 'Etienne', 'Botty'),
  (50337, 'Daniel', 'Burko'),
  (50338, 'Stefano', 'Campisi'),
  (50339, 'Francesco', 'Caorsi'),
  (50340, 'Roc Carles', 'Puig'),
  (50341, 'Myson', 'Colo'),
  (50342, 'Rodrigo Descalzo', 'Rocca'),
  (50343, 'Miguel Mauricio Diaz', 'Cubas'),
  (50344, 'Timothy Joseph Gallagher-De', 'Meij'),
  (50345, 'Miguel Soto', 'Gonzalez'),
  (50346, 'Pierce John', 'Infuso'),
  (50347, 'Adam', 'Marcu'),
  (50348, 'Patrick', 'McCann'),
  (50349, 'Paul', 'McVeigh'),
  (50350, 'James', 'Nealis'),
  (50351, 'Jack', 'O''Malley'),
  (50352, 'George', 'O`Malley'),
  (50353, 'Nicholas', 'Oberrauch'),
  (50354, 'Alberto', 'Pangrazzi'),
  (50355, 'Francesco', 'Perinelli'),
  (50356, 'Nicholas', 'Petridis'),
  (50357, 'Cormac', 'Pike'),
  (50358, 'Saeed', 'Robinson'),
  (50359, 'John', 'Sabal'),
  (50360, 'Brian Sousa', 'Saramago'),
  (50361, 'Joshua', 'Schaffer'),
  (50362, 'Barakatulla', 'Sharifi'),
  (50363, 'Yacine Sidi', 'Aissa'),
  (50364, 'Gabriel Villanueva', 'Pacheco'),
  (50365, 'Leo Wei', 'Pinto'),
  (50366, 'Joseph', 'Wright'),
  (50367, 'El Mahdi', 'Youssoufi'),
  (50368, 'Santiago', 'Arroyave'),
  (50369, 'Tristan', 'Barquin'),
  (50370, 'Ethan', 'Bazan'),
  (50371, 'Steven', 'Bednarsky'),
  (50372, 'Isimohi Mike', 'Bello'),
  (50373, 'Kouadio', 'Bolaty'),
  (50374, 'Andrew', 'Bortey'),
  (50375, 'Kelvin', 'Brito'),
  (50376, 'Dorgeles', 'Coulibaly'),
  (50377, 'Tyler', 'Diaz'),
  (50378, 'Samuel', 'Epitime'),
  (50379, 'Adam', 'Garner'),
  (50380, 'Matthew', 'Gotrell'),
  (50381, 'Ivan Enrique', 'Hurtado'),
  (50382, 'Stefan', 'Koroman'),
  (50383, 'Joseph', 'Kresse'),
  (50384, 'Keeroy', 'Lionel'),
  (50385, 'Yamil', 'Macias'),
  (50386, 'Cameron', 'McGregor'),
  (50387, 'Coby', 'Mcgregor'),
  (50388, 'Joseph', 'Moon'),
  (50389, 'Israel', 'Neto'),
  (50390, 'Abdoul', 'Ouedraogo'),
  (50391, 'Brian', 'Paredes'),
  (50392, 'Jung', 'Park'),
  (50393, 'Ewan', 'Sanchez'),
  (50394, 'Kevin', 'Santamaria'),
  (50395, 'Rodrigo', 'Santiago'),
  (50396, 'Miguel', 'Sencion'),
  (50397, 'Toheeb', 'Shodimu'),
  (50398, 'Luc', 'Smith'),
  (50399, 'Ramchwy St', 'Vil'),
  (50400, 'Mohamed', 'Tall'),
  (50401, 'Christian Villegas', 'Libreros'),
  (50402, 'Andrew', 'Weiner'),
  (50403, 'Pablo Ablanedo', 'Llaneza'),
  (50404, 'Jordan', 'Bailon'),
  (50405, 'Filip', 'Basili'),
  (50406, 'Axel', 'Berglund'),
  (50407, 'Christopher', 'Bermudez'),
  (50408, 'Victor', 'Castel'),
  (50409, 'Rikard', 'Cederberg'),
  (50410, 'Nicolas Cifuentes', 'DIaz'),
  (50411, 'Sergio', 'Diaz'),
  (50412, 'Eric', 'Frimpong'),
  (50413, 'George', 'Gantalis'),
  (50414, 'Gonzalo Gil de', 'Pareja'),
  (50415, 'Ede Mateo', 'Gramberg'),
  (50416, 'Thomas', 'Gray'),
  (50417, 'Antreas', 'Hadjigavriel'),
  (50418, 'Harri', 'Hawkins'),
  (50419, 'Devin', 'Heanue'),
  (50420, 'Christopher', 'Heckenberg'),
  (50421, 'Kevin', 'Hernandez'),
  (50422, 'Jens Mannhart', 'Hoff'),
  (50423, 'Joseph', 'Holland'),
  (50424, 'Filip', 'Jauk'),
  (50425, 'Konstantinos', 'Karousis'),
  (50426, 'Benny', 'Lafortune'),
  (50427, 'Joshua', 'Levine'),
  (50428, 'Juan Martinez', 'Moreno'),
  (50429, 'Filip', 'Mirkovic'),
  (50430, 'Christoforos', 'Moulinos'),
  (50431, 'Stephen O’', 'Connell'),
  (50432, 'Alex', 'Palas'),
  (50433, 'Sebastian', 'Ruiz'),
  (50434, 'Athanasis', 'Shehadeh'),
  (50435, 'James', 'Thristino'),
  (50436, 'Sean', 'Towey'),
  (50437, 'John', 'Bernardi'),
  (50438, 'James Peter', 'Boote'),
  (50439, 'Aidan', 'Borra'),
  (50440, 'Marco', 'Charnas'),
  (50441, 'Constantine', 'Christodoulou'),
  (50442, 'Stefan', 'Copetti'),
  (50443, 'Carlos', 'Cortes'),
  (50444, 'Musa Bala', 'Danso'),
  (50445, 'Ali', 'Dawha'),
  (50446, 'Daniel', 'Dimarco'),
  (50447, 'Sean', 'Doran'),
  (50448, 'Dino', 'Feratovic'),
  (50449, 'Ethan', 'Furphy'),
  (50450, 'Michael', 'Gallagher'),
  (50451, 'Kyle', 'Galloway'),
  (50452, 'Henry', 'Hamilton'),
  (50453, 'Cillian', 'Heaney'),
  (50454, 'Michael', 'Hewes'),
  (50455, 'Ethan', 'Homler'),
  (50456, 'Jared', 'Juleau'),
  (50457, 'Andy', 'Kasza'),
  (50458, 'Daryl', 'Kavanagh'),
  (50459, 'Seamus', 'Keogh'),
  (50460, 'Sean', 'Kerrigan'),
  (50461, 'Danu', 'Kinsella-Bishop'),
  (50462, 'Nicolas Macri', 'Badessich'),
  (50463, 'Luis Puchol Del', 'Pozo'),
  (50464, 'Sebastian', 'Rojek'),
  (50465, 'Liam', 'Salmon'),
  (50466, 'Harry', 'Sankey'),
  (50467, 'Edward', 'Speed'),
  (50468, 'Benjamin', 'Stitz'),
  (50469, 'Liam', 'Walsh'),
  (50470, 'Oskar', 'Zywiec'),
  (50471, 'Adrian', 'Aguilera'),
  (50472, 'Julian', 'Anderson'),
  (50473, 'Balint', 'Barabas'),
  (50474, 'Vasilios', 'Brisnovalis'),
  (50475, 'Robert', 'Cabrera'),
  (50476, 'Murat Edgar', 'Calkap'),
  (50477, 'Daniel', 'Curmi'),
  (50478, 'Duga', 'Dambelly'),
  (50479, 'Khaled', 'Daoud'),
  (50480, 'Mohamed', 'Diaw'),
  (50481, 'Julio', 'Espinal'),
  (50482, 'Jeison Gonzalez', 'Sanchez'),
  (50483, 'James', 'Greco'),
  (50484, 'Grady', 'Kozak'),
  (50485, 'Antonio', 'Linge'),
  (50486, 'Tyrone', 'Malango'),
  (50487, 'William', 'Marment'),
  (50488, 'Augustus Manuel', 'Mcgiff'),
  (50489, 'Christopher', 'Morandi'),
  (50490, 'Richard', 'Morel'),
  (50491, 'Peter', 'Myrianthopoulos'),
  (50492, 'Stefen', 'Nikolic'),
  (50493, 'Martin', 'Nikprelaj'),
  (50494, 'Sergio', 'Peralta'),
  (50495, 'Marco', 'Primavera'),
  (50496, 'Paolo Cerruto', 'Primavera'),
  (50497, 'Chris', 'Riordan'),
  (50498, 'David', 'Rodriguez'),
  (50499, 'Ronaldo Rodriguez', 'Jurado'),
  (50500, 'Fredy', 'Rosales'),
  (50501, 'Duvan', 'Sanchez'),
  (50502, 'Giuliano', 'Santucci'),
  (50503, 'Navruz', 'Shukroev'),
  (50504, 'Milorad', 'Sobot'),
  (50505, 'Michalis', 'Stylianou'),
  (50506, 'Keirol', 'Aaron'),
  (50507, 'Matthais', 'Adamek'),
  (50508, 'Yohance', 'Alexander'),
  (50509, 'Andrea', 'Andreou'),
  (50510, 'Luis', 'Argudo'),
  (50511, 'Theodore', 'Bernhard'),
  (50512, 'Antonio', 'Biggs'),
  (50513, 'Mason', 'Chetti'),
  (50514, 'Jarvis', 'Cleal'),
  (50515, 'Joel', 'Cunningham'),
  (50516, 'Caleb', 'Danquah'),
  (50517, 'Eric', 'Danquah'),
  (50518, 'Sameer', 'Fathazada'),
  (50519, 'Leo', 'Folla'),
  (50520, 'Jakob', 'Friedman'),
  (50521, 'Sebastian', 'Goicochea'),
  (50522, 'Juan Antonio', 'Gomez'),
  (50523, 'Alessio', 'Hernandez'),
  (50524, 'Benjamin', 'Jones'),
  (50525, 'Selcuk', 'Kahveci'),
  (50526, 'Chad', 'Mark'),
  (50527, 'Eoin', 'Martin'),
  (50528, 'Leonardo', 'Martinelli'),
  (50529, 'Alexander', 'McLachlan'),
  (50530, 'Giovanny', 'Morales'),
  (50531, 'Bradley', 'Nestor'),
  (50532, 'Godwin', 'Partey'),
  (50533, 'Junior', 'Rosero'),
  (50534, 'Karim', 'Russell'),
  (50535, 'Sanoussi', 'Sangary'),
  (50536, 'Shaquille', 'Saunchez'),
  (50537, 'Kendell', 'Thomas'),
  (50538, 'Dillon', 'Woods'),
  (50539, 'George', 'Yusuff'),
  (50540, 'Joshua', 'Adejokun'),
  (50541, 'Saad', 'Afif'),
  (50542, 'Youssef', 'Afif'),
  (50543, 'Osama Al', 'Sahybi'),
  (50544, 'Eric', 'Anderson'),
  (50545, 'Raphael', 'Carvalho'),
  (50546, 'Oscar', 'Champigneulle'),
  (50547, 'Ryan', 'Chuang'),
  (50548, 'Michael', 'Dempsey'),
  (50549, 'Byran', 'Dia'),
  (50550, 'Yohance', 'Douglas'),
  (50551, 'Jeffrey', 'Gad'),
  (50552, 'Jahdea', 'Gildin'),
  (50553, 'Ross', 'Holden'),
  (50554, 'Hugo', 'Howard'),
  (50555, 'Ikrom', 'Husanov'),
  (50556, 'Geireann', 'Lindfield'),
  (50557, 'Sean', 'Molloy'),
  (50558, 'Shamir', 'Mullings'),
  (50559, 'Ridwan', 'Olawin'),
  (50560, 'Gary', 'Philpott'),
  (50561, 'Sean', 'Reilly'),
  (50562, 'Faissal', 'Sanfo'),
  (50563, 'Ensa', 'Sanneh'),
  (50564, 'Avinash', 'Singh'),
  (50565, 'John', 'Stevens'),
  (50566, 'Alexandru', 'Teodorescu'),
  (50567, 'Maurice', 'Vermeulen'),
  (50568, 'Hermes', 'Ademovi'),
  (50569, 'Mamadou', 'Bah'),
  (50570, 'Bljedi', 'Bardic'),
  (50571, 'Giuseppe', 'Barone'),
  (50572, 'Salvatore', 'Barone'),
  (50573, 'Kemal', 'Brkanovic'),
  (50574, 'Cesare', 'Cali'),
  (50575, 'Keithlend', 'Cesar'),
  (50576, 'Kyaire', 'Clarke'),
  (50577, 'Luis', 'Cueva'),
  (50578, 'Bradley', 'Espejo'),
  (50579, 'Roberto', 'Gioffre'),
  (50580, 'Pietro', 'Giove'),
  (50581, 'Christopher', 'Gjini'),
  (50582, 'Peter', 'Gjini'),
  (50583, 'Armando', 'Guarnera'),
  (50584, 'James', 'Haddad'),
  (50585, 'Yassin', 'Hairane'),
  (50586, 'Amir', 'Islami'),
  (50587, 'Timothy Francis', 'Kane'),
  (50588, 'Brian', 'Kerliu'),
  (50589, 'Peterson', 'Larose'),
  (50590, 'Dylan', 'Meadows'),
  (50591, 'Gerald', 'Mehja'),
  (50592, 'Michael', 'Mollica'),
  (50593, 'Anthony', 'Oliveira'),
  (50594, 'Cristiano', 'Oliveira'),
  (50595, 'Andrea', 'Ruggiero'),
  (50596, 'Leutrim', 'Saiti'),
  (50597, 'Valeriy', 'Saramoutin'),
  (50598, 'Mark', 'Shnadshteyn'),
  (50599, 'Demyan', 'Turiy'),
  (50600, 'Dominik', 'Urban'),
  (50601, 'Bryant', 'Vidals'),
  (50602, 'Dani', 'Villa'),
  (50603, 'Richard', 'Bastian'),
  (50604, 'Tal', 'Benhamou'),
  (50605, 'Nathan', 'Bennett'),
  (50606, 'Jason', 'Budhai'),
  (50607, 'Dennis Coke', 'Jr'),
  (50608, 'Sully', 'Corneille'),
  (50609, 'Dario Giovanni', 'Cruz'),
  (50610, 'Juan', 'Cruz'),
  (50611, 'Tomas de Andrade', 'Gomes'),
  (50612, 'Felix', 'Dyckerhoff'),
  (50613, 'Salim', 'Dziri'),
  (50614, 'Glenford', 'Gentle'),
  (50615, 'Boris', 'Grubic'),
  (50616, 'Wisdom', 'Hountondji'),
  (50617, 'Tom', 'Hultsch'),
  (50618, 'Raphael', 'John'),
  (50619, 'Ryo', 'Koiso'),
  (50620, 'Michael', 'Laret'),
  (50621, 'Jason', 'Lee'),
  (50622, 'Cesare', 'Marconi'),
  (50623, 'Denny', 'Morinigo-Arce'),
  (50624, 'Mateo', 'Munoz'),
  (50625, 'Deniz', 'Oncu'),
  (50626, 'Mubarak', 'Ouro'),
  (50627, 'Jean Carlo', 'Perez'),
  (50628, 'Mario', 'Ramirez'),
  (50629, 'Paul', 'Restrepo'),
  (50630, 'Ely', 'Schartz'),
  (50631, 'Diego', 'Silva'),
  (50632, 'Tyler', 'Swaby'),
  (50633, 'Andrade', 'Wright'),
  (50634, 'Abdul Karim', 'Bah'),
  (50635, 'Ibrahima', 'Bah'),
  (50636, 'Matthew', 'Baringer'),
  (50637, 'Cesar', 'Buitrago'),
  (50638, 'Saul', 'Cardozo'),
  (50639, 'Elhadj', 'Diallo'),
  (50640, 'Youssouf', 'Diallo'),
  (50641, 'Ighoghoe', 'Erediauwa'),
  (50642, 'Vincent', 'Galia'),
  (50643, 'Luis', 'Granados'),
  (50644, 'Radouane', 'Guissi'),
  (50645, 'Joseph', 'Kalilwa'),
  (50646, 'Nicholas', 'King'),
  (50647, 'Jonathan', 'Lima'),
  (50648, 'Anyolo', 'Makatiani'),
  (50649, 'Matthew', 'McDonnell'),
  (50650, 'Mohamad', 'Miri'),
  (50651, 'Eoghan', 'Morgan'),
  (50652, 'Ezekiel', 'Omosanya'),
  (50653, 'Maynor', 'Palacios'),
  (50654, 'Justin', 'Peters'),
  (50655, 'Alec', 'Pineda'),
  (50656, 'Alejandro', 'Sanchez'),
  (50657, 'Jaidon', 'Selden'),
  (50658, 'James', 'Terpak'),
  (50659, 'Dominic', 'Tomety'),
  (50660, 'Samuel', 'Urban'),
  (50661, 'Christopher', 'Valentine'),
  (50662, 'Marcial', 'Viveros'),
  (50663, 'Timothy', 'Williams'),
  (50664, 'Johannes', 'Alvarez'),
  (50665, 'Jason', 'Alves'),
  (50666, 'Christopher', 'Barnas'),
  (50667, 'Sebastian', 'Capozucchi'),
  (50668, 'Roberto', 'Chernez'),
  (50669, 'Gabriel', 'Costa'),
  (50670, 'Keijon', 'Davis'),
  (50671, 'Shaunavon', 'DeSouza'),
  (50672, 'Gabriel', 'DiPierro'),
  (50673, 'Emiland', 'Elezaj'),
  (50674, 'Andres', 'Gonzalez-Rios'),
  (50675, 'Jonathan', 'Gutierrez'),
  (50676, 'Oscar', 'Horwitz'),
  (50677, 'Jashar', 'Jashar'),
  (50678, 'Christopher', 'Karcz'),
  (50679, 'Wiktor', 'Kiszkiel'),
  (50680, 'Christopher', 'Kondratowicz'),
  (50681, 'Paul', 'Kondratowicz'),
  (50682, 'Nicholas', 'Kozdron'),
  (50683, 'Sebastian', 'Lapczynski'),
  (50684, 'John', 'McGeechan'),
  (50685, 'Mark', 'Mikanik'),
  (50686, 'Aldo', 'Munoz'),
  (50687, 'Cyrus', 'Nasseri'),
  (50688, 'Krystian', 'Nitek'),
  (50689, 'Viktor', 'Pervushkin'),
  (50690, 'Tyler', 'Pinho'),
  (50691, 'Alvaro', 'Rodriguez'),
  (50692, 'Daniel', 'Sawicki'),
  (50693, 'Gabriel', 'Serafin'),
  (50694, 'William', 'Tomlinson'),
  (50695, 'Igor', 'Trajceski'),
  (50696, 'Kevin', 'Valdivia'),
  (50697, 'Dominik', 'Brulinski'),
  (50698, 'Mathew', 'Contino'),
  (50699, 'Joseph', 'Core'),
  (50700, 'Jacob', 'Denison'),
  (50701, 'Jack', 'Doran'),
  (50702, 'Javiar', 'Edwards'),
  (50703, 'Humbert', 'Ferrer'),
  (50704, 'Spencer', 'Fleurant'),
  (50705, 'Jason', 'Gaylord'),
  (50706, 'Daniel', 'Giorgi'),
  (50707, 'Kevin', 'Harrington'),
  (50708, 'Stephanos', 'Hondrakis'),
  (50709, 'Cris', 'Huacon'),
  (50710, 'Samuka', 'Kenneh'),
  (50711, 'Evan', 'Kim'),
  (50712, 'Brent', 'McKeown'),
  (50713, 'Enrique Montana', 'III'),
  (50714, 'Jack', 'Mulhare'),
  (50715, 'Curtis', 'Oberg'),
  (50716, 'Farouk', 'Osman'),
  (50717, 'Cole', 'Parete'),
  (50718, 'William', 'Pearce'),
  (50719, 'Akeem', 'Phipps'),
  (50720, 'Layton', 'Purchase'),
  (50721, 'Nabeel', 'Qawasmi'),
  (50722, 'Yannick', 'Rihs'),
  (50723, 'Antonio', 'Rocha'),
  (50724, 'Jake', 'Rozhansky'),
  (50725, 'Yahli', 'Saltsberg'),
  (50726, 'Frank', 'Shkreli'),
  (50727, 'Michael', 'Soboff'),
  (50728, 'Tom', 'Wallenstein'),
  (50729, 'Michael', 'Wampler'),
  (50730, 'Peter', 'Wentzel'),
  (50731, 'Edwin Zuniga', 'Lopez'),
  (50732, 'Brahim Hadj', 'Abboud'),
  (50733, 'Tomas', 'Ascoli'),
  (50734, 'August', 'Axtman'),
  (50735, 'Edwin', 'Bedolla'),
  (50736, 'Noah Sutton', 'Beltran'),
  (50737, 'Ammit', 'Bhogal'),
  (50738, 'John', 'Bonas'),
  (50739, 'Marcus', 'Brenes'),
  (50740, 'Carter', 'Burris'),
  (50741, 'Colin Forster', 'Davis'),
  (50742, 'Alex', 'Demars'),
  (50743, 'Oliver', 'Garcia'),
  (50744, 'Michael', 'Gonzalez'),
  (50745, 'Emmanuel', 'Hewitt'),
  (50746, 'Luke', 'Hill'),
  (50747, 'Jack', 'Jasinski'),
  (50748, 'Dylan Leonid', 'Lacy'),
  (50749, 'Joel', 'Lopez'),
  (50750, 'Dominick', 'Martinez'),
  (50751, 'Brian', 'McDaid'),
  (50752, 'Luca', 'Mellor'),
  (50753, 'Mason', 'Miller'),
  (50754, 'Ayoub', 'Mouhou'),
  (50755, 'Riley', 'Porter'),
  (50756, 'Luke', 'Pressler'),
  (50757, 'Ridge', 'Robinson'),
  (50758, 'Miguel', 'Ross'),
  (50759, 'Maximos', 'Sacarellos'),
  (50760, 'Justin', 'Thomas'),
  (50761, 'Luke', 'Thomas'),
  (50762, 'Sama', 'Tima'),
  (50763, 'Kyle', 'Tucker'),
  (50764, 'Nikhil Ashish', 'Verma'),
  (50765, 'Jacob', 'Weaver'),
  (50766, 'Charles', 'Wilson'),
  (50767, 'Matteo', 'Adiletta'),
  (50768, 'William', 'Ardiles'),
  (50769, 'Serge', 'Biket'),
  (50770, 'Ryan', 'Butler'),
  (50771, 'Obiazie', 'Chinatu'),
  (50772, 'Seth', 'Crabbe'),
  (50773, 'Leo', 'Dunia'),
  (50774, 'Ivan', 'Fombu'),
  (50775, 'Nikolaos', 'Gousios'),
  (50776, 'Isaac', 'Hollinger'),
  (50777, 'Micah', 'Hostetter'),
  (50778, 'Abdoul', 'Issoufou'),
  (50779, 'Clovis', 'Kabre'),
  (50780, 'Justin', 'Keefer'),
  (50781, 'Mehluko', 'Letsoalo'),
  (50782, 'Kel', 'Merckel'),
  (50783, 'Caden', 'Mullen'),
  (50784, 'Babunga', 'Mulumeoderwa'),
  (50785, 'Luke', 'Nall'),
  (50786, 'Sivpheng', 'Phann'),
  (50787, 'Derek', 'Ramirez'),
  (50788, 'Ethan', 'Ramirez'),
  (50789, 'Josiah', 'Ramirez'),
  (50790, 'Chris', 'Richards'),
  (50791, 'Daniel', 'Rowe'),
  (50792, 'Lazaro', 'Salazar'),
  (50793, 'David Tai', 'San'),
  (50794, 'Dawson', 'Schreck'),
  (50795, 'Owen', 'Shea'),
  (50796, 'Denis', 'Tarasov'),
  (50797, 'Babo', 'Tereffe'),
  (50798, 'William', 'Vasquez'),
  (50799, 'Joel', 'Walker'),
  (50800, 'Christian', 'Wieand'),
  (50801, 'Kedric', 'Yoder'),
  (50802, 'Osman', 'Barrie'),
  (50803, 'Paul', 'Bechtelheimer'),
  (50804, 'Nathan', 'Biersbach'),
  (50805, 'Brayden', 'Birnstiel'),
  (50806, 'Ryan', 'Cleary'),
  (50807, 'Theo Da', 'Silva'),
  (50808, 'Kaelan', 'Debbage'),
  (50809, 'Blake', 'Driehuis'),
  (50810, 'Gavin', 'Faracchio'),
  (50811, 'Vincent', 'Guzzo'),
  (50812, 'Maxwell Byrd', 'Hawk'),
  (50813, 'Austin', 'Johnson'),
  (50814, 'Sincere', 'Kato'),
  (50815, 'Muhammed Ali', 'Kol'),
  (50816, 'Berlenz', 'Lumarque'),
  (50817, 'Jason', 'Mancuso'),
  (50818, 'Jade', 'Mesias'),
  (50819, 'Tommy', 'Monaghan'),
  (50820, 'Jeff', 'Morgan'),
  (50821, 'Jake', 'Mulinge'),
  (50822, 'Joseph', 'Nguyen'),
  (50823, 'Carter Jack', 'Norton'),
  (50824, 'Matthew', 'Perrella'),
  (50825, 'Dylan', 'Pino'),
  (50826, 'Samuel', 'Quaye'),
  (50827, 'Julito', 'Quintana'),
  (50828, 'Ethan', 'Romito'),
  (50829, 'Ahmed', 'Saidi'),
  (50830, 'Max', 'Schrader'),
  (50831, 'Seth', 'Sidle'),
  (50832, 'Adam', 'Sternberger'),
  (50833, 'Steven', 'Thompson'),
  (50834, 'Nico', 'Tramontana'),
  (50835, 'John', 'Troiano'),
  (50836, 'Djibi Tata', 'Bah'),
  (50837, 'James', 'Bernstein'),
  (50838, 'Pierre', 'Bosquet'),
  (50839, 'Erik', 'Carchipulla'),
  (50840, 'Filippo', 'D''Anna'),
  (50841, 'Jonathan', 'Firmino'),
  (50842, 'Jose (Tony)', 'Flores'),
  (50843, 'Liam', 'Fredericks'),
  (50844, 'Eric', 'Goldberg'),
  (50845, 'Taeus', 'Jones'),
  (50846, 'Brendan', 'Kerins'),
  (50847, 'Sean Ryan', 'Milelli'),
  (50848, 'Conlan Michael', 'Paventi'),
  (50849, 'Kevin', 'Perez'),
  (50850, 'Giovanni', 'Pierleonardi'),
  (50851, 'Giuseppe', 'Pierleonardi'),
  (50852, 'Guiliano', 'Pierleonardi'),
  (50853, 'Vincenzo', 'Pugliese'),
  (50854, 'Joel', 'Quist'),
  (50855, 'Dennis', 'Rooney'),
  (50856, 'Ilia', 'Sakheishvili'),
  (50857, 'Cole', 'Sotack'),
  (50858, 'Reed', 'Sviben'),
  (50859, 'Brandon D', 'Valeri'),
  (50860, 'Ronald', 'Ventura'),
  (50861, 'Eric', 'Adamo'),
  (50862, 'Salam', 'Ashurmamadov'),
  (50863, 'Matthew', 'Bergmaier'),
  (50864, 'Daniel', 'Bloyou'),
  (50865, 'Lawrence', 'Buigbo'),
  (50866, 'Diego', 'Cabrera'),
  (50867, 'Emanuel', 'Caire'),
  (50868, 'Sebastian', 'Carmona'),
  (50869, 'Chad', 'Catalana'),
  (50870, 'Nyles', 'Cayemitte'),
  (50871, 'Justin', 'Cooper'),
  (50872, 'Kevin', 'Davis'),
  (50873, 'Alvin', 'Deegon'),
  (50874, 'Yousouf', 'Doucoure'),
  (50875, 'Nick', 'Dudek'),
  (50876, 'Andres', 'Freire'),
  (50877, 'Luka', 'Gogidze'),
  (50878, 'Andres', 'Gomez'),
  (50879, 'Brendan', 'Gorman'),
  (50880, 'Ermir', 'Hoti'),
  (50881, 'Hamin', 'Kim'),
  (50882, 'Kalvin', 'Matischak'),
  (50883, 'Gabriel', 'Matute'),
  (50884, 'Aidan', 'Meissler'),
  (50885, 'Glenn', 'Moyer'),
  (50886, 'Kyle', 'Mtshazo'),
  (50887, 'Daniel', 'Murtagh'),
  (50888, 'Justin', 'Odoemene'),
  (50889, 'Ryan', 'Pereus'),
  (50890, 'Christopher', 'Rodriguez'),
  (50891, 'Eran', 'Shifris'),
  (50892, 'Andres', 'Velez'),
  (50893, 'Seth', 'Walker'),
  (50894, 'John Steven', 'Warren'),
  (50895, 'Mark', 'Abbonizio'),
  (50896, 'Sergio', 'Abelardy'),
  (50897, 'Harry', 'Angelis'),
  (50898, 'Pedro', 'Barbosa'),
  (50899, 'Hunter', 'Bell'),
  (50900, 'Brendan', 'Callahan'),
  (50901, 'Mohamed', 'Elgayar'),
  (50902, 'Salvatore', 'Ficarotta'),
  (50903, 'Henry', 'Guzman'),
  (50904, 'Theophilus', 'Ijeboi'),
  (50905, 'Mohamed', 'Jawara'),
  (50906, 'Sean', 'Murray'),
  (50907, 'Laurence', 'Narcisi'),
  (50908, 'Michael', 'Newell'),
  (50909, 'Kaleb', 'Raymond'),
  (50910, 'Joel', 'Richmond'),
  (50911, 'Benjamin', 'Richter'),
  (50912, 'Joshua', 'Rifkin'),
  (50913, 'Daniel', 'Saint-Pol'),
  (50914, 'David', 'Skiendzielewski'),
  (50915, 'Owen', 'Stock'),
  (50916, 'Ryan', 'Stock'),
  (50917, 'Rasheed', 'Thomas'),
  (50918, 'Sean', 'Touey'),
  (50919, 'Jesse', 'Weick'),
  (50920, 'Emani', 'Arroyo'),
  (50921, 'Nolan', 'Bair'),
  (50922, 'Almuthenna Hseen', 'Baled'),
  (50923, 'Richard', 'Blanchard'),
  (50924, 'Bakuri', 'Buadze'),
  (50925, 'Maximo', 'Chavez'),
  (50926, 'Evan Chinwendu', 'Azoro'),
  (50927, 'Adan', 'Crispin-Morales'),
  (50928, 'Jorge Luis Diaz', 'Lobo'),
  (50929, 'Spencer', 'Dickinson'),
  (50930, 'Isaiah', 'Fox'),
  (50931, 'Goga', 'Gogoladze'),
  (50932, 'Stephen', 'Grazioli'),
  (50933, 'Mohamed', 'Ibrahim'),
  (50934, 'Matthew', 'JeanPierre'),
  (50935, 'Mohammadzain', 'Kazi'),
  (50936, 'Guilherme', 'Martins'),
  (50937, 'John', 'Miller'),
  (50938, 'Edwin Owusu', 'Siaw'),
  (50939, 'Juan', 'Polanco'),
  (50940, 'Angel Javier', 'Rodriguez'),
  (50941, 'Ahmed', 'Saedahmed'),
  (50942, 'Edi', 'Schwartz'),
  (50943, 'Maksym', 'Shevchenko'),
  (50944, 'Alexander', 'Simon'),
  (50945, 'Daniel', 'Smith'),
  (50946, 'Christian', 'Sorteberg'),
  (50947, 'Sekou', 'Sylla'),
  (50948, 'Abraham', 'Waldman'),
  (50949, 'Geovany', 'Acevedo'),
  (50950, 'Axel', 'Bladimir'),
  (50951, 'Michael', 'Carmody'),
  (50952, 'Julien', 'Carraha'),
  (50953, 'Nicholas', 'Cruz'),
  (50954, 'Aba', 'David'),
  (50955, 'Jonah', 'Dias'),
  (50956, 'Mamadou', 'Diouf'),
  (50957, 'Oliver', 'Dyson'),
  (50958, 'Allan', 'Francisco'),
  (50959, 'Randy', 'Gonzalez'),
  (50960, 'Daniel', 'Grund'),
  (50961, 'Ryan', 'Grund'),
  (50962, 'Jeremy Hernandez', 'Ortega'),
  (50963, 'Chidi', 'Iloka'),
  (50964, 'Cesar', 'Jarmillo'),
  (50965, 'Tomtom', 'Johnson'),
  (50966, 'Davenson', 'Joinvilmar'),
  (50967, 'Dylan', 'Kotch'),
  (50968, 'adan', 'lopez'),
  (50969, 'Liam', 'MacDonald'),
  (50970, 'Mario', 'Martell'),
  (50971, 'Arnaldo', 'Mendoza'),
  (50972, 'Dani', 'Morales'),
  (50973, 'jonathan', 'olaleye'),
  (50974, 'Lucknerson', 'Pierre'),
  (50975, 'Kyle', 'Pilliteri'),
  (50976, 'Alex', 'Quezada'),
  (50977, 'Wesley', 'Reyes'),
  (50978, 'Nick', 'Sample'),
  (50979, 'Melvin', 'Sapon'),
  (50980, 'Chefetson', 'Simeus'),
  (50981, 'Emerson', 'Vicente'),
  (50982, 'Mate', 'Vilagosi'),
  (50983, 'John', 'Warwick'),
  (50984, 'Musa', 'Abdelgadir'),
  (50985, 'Amar', 'Abdelrazek'),
  (50986, 'Abdelrahman', 'Ali'),
  (50987, 'Ahmed', 'Ali'),
  (50988, 'Erwa', 'Babiker'),
  (50989, 'Arsene', 'Bado'),
  (50990, 'Logan', 'Bersani'),
  (50991, 'Mohamed', 'Bility'),
  (50992, 'Hamzah', 'Dabbour'),
  (50993, 'Terrence', 'Doe'),
  (50994, 'Musa', 'Donza'),
  (50995, 'Alexander', 'Duopu'),
  (50996, 'Luis', 'Espejo'),
  (50997, 'Christopher', 'Fletcher'),
  (50998, 'Mujtaba', 'Galas'),
  (50999, 'Mustafa', 'Galas'),
  (51000, 'John', 'Gonzalez'),
  (51001, 'Ahmed', 'Gosie'),
  (51002, 'Maccarrey', 'Guillaume'),
  (51003, 'Otmane', 'Houasli'),
  (51004, 'Esnayder', 'Josue'),
  (51005, 'Abdoulaye', 'Kamagate'),
  (51006, 'Amadou', 'Kamagate'),
  (51007, 'Majid', 'Kawa'),
  (51008, 'Mohamed', 'Khalafalla'),
  (51009, 'Kouassi', 'Nguessan'),
  (51010, 'Benell', 'Saygarn'),
  (51011, 'Oumar', 'Sylla'),
  (51012, 'Justin', 'Alves'),
  (51013, 'Rob', 'Andrade'),
  (51014, 'Tyler', 'Andreas'),
  (51015, 'William', 'Bartels'),
  (51016, 'Harmony', 'Bell-Gam'),
  (51017, 'Dane', 'Calhoun'),
  (51018, 'Adrian', 'Dilascio'),
  (51019, 'Grady', 'Edwards'),
  (51020, 'Matt', 'Fuentes'),
  (51021, 'Douglas', 'Jensen'),
  (51022, 'Dylan', 'Kanson'),
  (51023, 'Marcus', 'Mason'),
  (51024, 'Carter', 'Mathis'),
  (51025, 'Alex', 'Matos'),
  (51026, 'Rafael', 'Pereira'),
  (51027, 'Anthony', 'Ryan'),
  (51028, 'Bryan', 'Sanchez'),
  (51029, 'Dante', 'Shenkin'),
  (51030, 'Gianni', 'Smith'),
  (51031, 'Kieran', 'Sundermann'),
  (51032, 'Albert', 'Truszkowski'),
  (51033, 'Uche', 'Wokocha'),
  (51034, 'Clay', 'Yannazzone'),
  (51035, 'Alex', 'Zargo'),
  (51036, 'Dylan Frank', 'Aportela'),
  (51037, 'Monsif', 'Atify'),
  (51038, 'Shane', 'Baker'),
  (51039, 'Mava Mboko', 'Celestin'),
  (51040, 'Gunnar William', 'Christensen'),
  (51041, 'Bailey', 'Cifone'),
  (51042, 'Emmett', 'Dougherty'),
  (51043, 'Sean', 'Fatiga'),
  (51044, 'Gil', 'Ferreira'),
  (51045, 'Greg', 'Ferreira'),
  (51046, 'Ryan', 'Gale'),
  (51047, 'Elvis', 'Gboho'),
  (51048, 'McCarthy Tyler', 'Gomes'),
  (51049, 'Jeshohaih', 'Hernandez'),
  (51050, 'Ahmir Lamar', 'Johnson'),
  (51051, 'Ahsan', 'Johnson'),
  (51052, 'Bugra', 'Kumas'),
  (51053, 'Jake', 'Kuzmick'),
  (51054, 'Dominic Antonio', 'lodise'),
  (51055, 'Gavin', 'O''Neill'),
  (51056, 'Krish', 'Olmedo'),
  (51057, 'Alexander Charles', 'Patton'),
  (51058, 'Noam', 'Raz'),
  (51059, 'Mason James', 'Regan'),
  (51060, 'Fred', 'Renzulli'),
  (51061, 'Joseph', 'Romano'),
  (51062, 'Joshua', 'Rossell'),
  (51063, 'Brian', 'Sharkey'),
  (51064, 'Christopher John', 'Spicer'),
  (51065, 'Kyle William', 'Stone'),
  (51066, 'Owen', 'Strohm'),
  (51067, 'Jackson M', 'Stuetz'),
  (51068, 'Melcohol', 'Velasquez'),
  (51069, 'Christian', 'Vetter'),
  (51070, 'Anthony Alexis', 'Ali'),
  (51071, 'Dylan', 'Bednarek'),
  (51072, 'Garrett', 'Blankinship'),
  (51073, 'Matthew David', 'Dottavi'),
  (51074, 'Mohamed Kasongo', 'Doukoure'),
  (51075, 'Noel', 'Fernadez'),
  (51076, 'Patrick James', 'Fluharty'),
  (51077, 'Astin Timothy', 'Galanis'),
  (51078, 'Anthony Frank', 'Giafaglione'),
  (51079, 'Amir', 'Khan'),
  (51080, 'Anthony', 'Konah'),
  (51081, 'Brian', 'Lorenz'),
  (51082, 'Yoni Andre', 'Moussodou'),
  (51083, 'Oguzhan', 'Mutaf'),
  (51084, 'Rami Mahmoud', 'Nasr'),
  (51085, 'Michael', 'Negrete'),
  (51086, 'Juan', 'Oliveira'),
  (51087, 'Edwin', 'Perez'),
  (51088, 'Antonio', 'Ramos'),
  (51089, 'Ethan', 'Rosado'),
  (51090, 'Todd Richard', 'Salmon'),
  (51091, 'Aiden Francis', 'Schmitt'),
  (51092, 'Liam', 'Smith'),
  (51093, 'Jovanny', 'Trinidad-Romero'),
  (51094, 'Isaiah Roman', 'Woods-Kolsky'),
  (51095, 'Chenyu', 'Yi'),
  (51096, 'Samuel Tony', 'Zonoe'),
  (51097, 'Skylar', 'Zugay'),
  (51098, 'Soheyl Ali', 'Rafi'),
  (51099, 'Jonathan', 'Arguta'),
  (51100, 'Jean', 'Ayolmbong'),
  (51101, 'Eric', 'Calvillo'),
  (51102, 'Jhonny De', 'Souza'),
  (51103, 'Valdir De', 'Souza'),
  (51104, 'Isiah', 'Dorsey'),
  (51105, 'Ricardo', 'Espinoza'),
  (51106, 'Jerry', 'Felix'),
  (51107, 'Caleb', 'Ghannam'),
  (51108, 'Jose', 'Gonzlaez'),
  (51109, 'Adsam', 'Guennouni'),
  (51110, 'Jackson', 'Hall'),
  (51111, 'Emmitt', 'Inestroza'),
  (51112, 'Abdul-Azim', 'Ismail'),
  (51113, 'Abdul-Rahman', 'Ismail'),
  (51114, 'Ethan', 'Lee'),
  (51115, 'Huber', 'Letona'),
  (51116, 'Ethan', 'Lloyd'),
  (51117, 'Bernardo', 'Majano'),
  (51118, 'Reda', 'Manafi'),
  (51119, 'Jack', 'Pinson'),
  (51120, 'Jaime', 'Quintanilla'),
  (51121, 'Michael', 'Radomski'),
  (51122, 'Ahmed', 'Sheta'),
  (51123, 'Roman', 'Topler'),
  (51124, 'Marques', 'Vagner'),
  (51125, 'Alton', 'West'),
  (51126, 'Mohamed', 'Abdelrehman'),
  (51127, 'Nyliek', 'Allen'),
  (51128, 'Jared', 'Benedict'),
  (51129, 'David', 'Bernal-Clark'),
  (51130, 'Alex', 'Bilski'),
  (51131, 'Nicholas', 'Blake'),
  (51132, 'Edwardo', 'Chavez'),
  (51133, 'Charles', 'Evangelos'),
  (51134, 'Jessi e', 'Garcia'),
  (51135, 'Daniel', 'Gonzalez'),
  (51136, 'Sayed', 'Hashemi'),
  (51137, 'Sayed', 'Hashemi'),
  (51138, 'Vasilios', 'Kazakos'),
  (51139, 'Alejandro', 'Lenz'),
  (51140, 'Josaphat', 'Letona'),
  (51141, 'Braden', 'Lopez'),
  (51142, 'Gabriel', 'Maguire'),
  (51143, 'Moussa', 'Mahama'),
  (51144, 'Louis', 'Manyele'),
  (51145, 'Carlos', 'Mareno'),
  (51146, 'George', 'Mavronis'),
  (51147, 'Michael', 'Medina'),
  (51148, 'Roman', 'Milian'),
  (51149, 'Johnny', 'Paletar'),
  (51150, 'Danish', 'Saeedi'),
  (51151, 'Jordon', 'Salvi'),
  (51152, 'Leonel', 'Sanchez'),
  (51153, 'Selim', 'Senel'),
  (51154, 'Ahmadi', 'Shayan'),
  (51155, 'Akimanzi', 'Siibo'),
  (51156, 'Alex', 'Sosa'),
  (51157, 'Viktor', 'Tachev'),
  (51158, 'Matthew', 'Zelaya'),
  (51159, 'Nebeyo', 'Zerihun'),
  (51160, 'Ossy', 'Zubiria'),
  (51161, 'Kelechi', 'Akujuobi'),
  (51162, 'Faisal', 'Alay'),
  (51163, 'Victorine Kwame', 'Appohsam'),
  (51164, 'Hector Avila', 'Hernandez'),
  (51165, 'Eduardo G', 'Barria'),
  (51166, 'Zavier', 'Bell'),
  (51167, 'Zach', 'Boyd'),
  (51168, 'Julio', 'Bravo-Guzman'),
  (51169, 'Deontae', 'Campbell'),
  (51170, 'Brandon', 'Chambers'),
  (51171, 'Aiden', 'Chen'),
  (51172, 'Marckensley', 'Constant'),
  (51173, 'Tim', 'Cooley'),
  (51174, 'Christian', 'Cruz'),
  (51175, 'Danilo', 'Duric'),
  (51176, 'Logan', 'Flanagan'),
  (51177, 'Colin', 'Foley'),
  (51178, 'Nathan', 'Gichuhi'),
  (51179, 'Jeremy', 'Gonzalez'),
  (51180, 'Josh', 'Gutierrez'),
  (51181, 'Jonah', 'Harvey'),
  (51182, 'Josh', 'Haynie'),
  (51183, 'Mitchell', 'Hopkins'),
  (51184, 'Tanner', 'Johnston'),
  (51185, 'David', 'Miller'),
  (51186, 'Abdul', 'Mokhtar'),
  (51187, 'Bijan', 'Morshedi'),
  (51188, 'Ander', 'Ochoa'),
  (51189, 'Victor', 'Oladeinde'),
  (51190, 'Oved', 'Ortega'),
  (51191, 'Kameron', 'Payne'),
  (51192, 'Jayden', 'Rodriguez'),
  (51193, 'Oumar', 'Thiandoum'),
  (51194, 'Ronju', 'Walters'),
  (51195, 'Kennison', 'Akuro'),
  (51196, 'Melvin', 'Asanji'),
  (51197, 'Brandon', 'Betts'),
  (51198, 'Isaac', 'Carvajal'),
  (51199, 'Elido Noel Chun', 'Reyes'),
  (51200, 'Jenovic', 'Elumbu'),
  (51201, 'Anderson', 'Fernandez'),
  (51202, 'Angello', 'Fernandez'),
  (51203, 'Terry', 'Fon'),
  (51204, 'Eduardo', 'Fuentes'),
  (51205, 'Christian', 'Garavito'),
  (51206, 'Thaddeus', 'Goddard'),
  (51207, 'Alexis Gonzalez', 'Ayala'),
  (51208, 'Chayton', 'Kuidlan'),
  (51209, 'Tobias', 'Lane'),
  (51210, 'Jonathan Lemus', 'Morales'),
  (51211, 'Creasy', 'Lopez'),
  (51212, 'Lutho', 'Mlunguza'),
  (51213, 'Toju', 'Okonedo'),
  (51214, 'David', 'Pawlowski'),
  (51215, 'Danny', 'Paz'),
  (51216, 'Brayan Perez', 'Mendez'),
  (51217, 'Bronson', 'Shepherd'),
  (51218, 'Nicholas', 'Tziamouranis'),
  (51219, 'William Villatoro', 'Velasquez'),
  (51220, 'Brian', 'Ware'),
  (51221, 'Sami', 'Afiouni'),
  (51222, 'Samuel', 'Amedeker'),
  (51223, 'Owen', 'Blount'),
  (51224, 'Jordan', 'Bonnett'),
  (51225, 'Evan', 'Bosak'),
  (51226, 'Gerard', 'Broussard'),
  (51227, 'Brian', 'Chidzvondo'),
  (51228, 'Matthew', 'Do'),
  (51229, 'Joseph', 'Enebeli'),
  (51230, 'Adam', 'Grace'),
  (51231, 'Demetrius', 'Howe'),
  (51232, 'Massimo', 'Johnson'),
  (51233, 'Benjamin', 'Jones'),
  (51234, 'Aidan', 'Krivanec'),
  (51235, 'Leighton', 'Langenhoven'),
  (51236, 'Salah', 'Mahmoud'),
  (51237, 'Treyvon', 'Medley-Green'),
  (51238, 'Museba', 'Mwape'),
  (51239, 'Jake', 'Nelson'),
  (51240, 'Abulfazl', 'Panahi'),
  (51241, 'Dame', 'Pene'),
  (51242, 'Henry', 'Pittman'),
  (51243, 'Yoskar Alejandro', 'Quintanilla'),
  (51244, 'Emerson', 'Reyes'),
  (51245, 'Mahdi', 'Reza'),
  (51246, 'Mourtala', 'Seck'),
  (51247, 'Alakhe', 'Sibeko'),
  (51248, 'Noe', 'Soriano'),
  (51249, 'Sharief', 'Stancil'),
  (51250, 'Max', 'Taliaferro'),
  (51251, 'Asanda', 'Tom'),
  (51252, 'Caleb', 'Underwood'),
  (51253, 'Callum', 'Vellozzi'),
  (51254, 'Chrisendo', 'Wentzel'),
  (51255, 'John', 'Williams'),
  (51256, 'Felix', 'Amankwah'),
  (51257, 'Daniel', 'Baxter'),
  (51258, 'Drew', 'Belcher'),
  (51259, 'Elijah', 'Belcher'),
  (51260, 'Ethan', 'Belcher'),
  (51261, 'Jacob', 'Bender'),
  (51262, 'Jalen', 'Boston'),
  (51263, 'Brandon', 'Burkholder'),
  (51264, 'Nero', 'Cooper'),
  (51265, 'Anthony', 'Dragisics'),
  (51266, 'Alejandro', 'Estrada'),
  (51267, 'Justin', 'Gielen'),
  (51268, 'Brian', 'Graham'),
  (51269, 'Brett', 'Joyner'),
  (51270, 'Tanner', 'Kennard'),
  (51271, 'Tyler', 'Lee'),
  (51272, 'Stiven', 'Llano'),
  (51273, 'Morgan', 'Lussi'),
  (51274, 'Raffaele', 'Mazzone'),
  (51275, 'Daniel', 'McCleary'),
  (51276, 'Edixon', 'Moreira'),
  (51277, 'David', 'Ogbonna'),
  (51278, 'Garrett', 'Peters'),
  (51279, 'Juston', 'Rainey'),
  (51280, 'Cesar', 'Ramos'),
  (51281, 'Aaron', 'Rilling'),
  (51282, 'Jackson', 'Ruckman'),
  (51283, 'Kyle', 'Saunderson'),
  (51284, 'Luis', 'Soria'),
  (51285, 'Brett St', 'Martin'),
  (51286, 'Alexander', 'Wardle'),
  (51287, 'Joseph Daly', 'Aigner'),
  (51288, 'Liam Charles', 'Aigner'),
  (51289, 'Jacob L', 'Amon'),
  (51290, 'Samuel', 'Amon'),
  (51291, 'Walner', 'Anescar'),
  (51292, 'Samuel', 'Burbage'),
  (51293, 'Joshua Alexander', 'Carey'),
  (51294, 'Corvens Jay', 'Corvil'),
  (51295, 'Zechariah', 'Dapaah'),
  (51296, 'Adam Stephen', 'DeLizza'),
  (51297, 'Heberson', 'Edouard'),
  (51298, 'Ashley', 'Fevrier'),
  (51299, 'Christ-Daniel', 'Fils'),
  (51300, 'Caleb James', 'Gragg'),
  (51301, 'Marc', 'Henrice'),
  (51302, 'Colin Benjamin', 'Hofmann'),
  (51303, 'Elijah', 'Jabagat'),
  (51304, 'Rickelmy', 'Jeune'),
  (51305, 'Damarius', 'Kelley'),
  (51306, 'Goran', 'Mijalkovski'),
  (51307, 'Sean Chidozie', 'Morse'),
  (51308, 'Abdelazim', 'Osman'),
  (51309, 'Ahmed', 'Osman'),
  (51310, 'Pat', 'Parrish'),
  (51311, 'Caden Mark', 'Pollard'),
  (51312, 'Ivan', 'Sanchez-Gonzalez'),
  (51313, 'Gianluca', 'Secondi'),
  (51314, 'Mourad', 'Shalaby'),
  (51315, 'Kenny', 'Spock'),
  (51316, 'Guy Holmeade Talbott', 'V'),
  (51317, 'Devon', 'Warman'),
  (51318, 'Skyler', 'Williams'),
  (51319, 'David', 'Alverez'),
  (51320, 'Carlos', 'Amador'),
  (51321, 'Chris', 'Avila'),
  (51322, 'Yaseen Ben', 'Chouikha'),
  (51323, 'Amir', 'Bentaleb'),
  (51324, 'Angel Viera', 'Castro'),
  (51325, 'Jesse', 'Conteh'),
  (51326, 'Gio', 'Cruz'),
  (51327, 'German Del', 'Cid'),
  (51328, 'Mohammed Ahmed', 'Elsir'),
  (51329, 'Collins', 'Frimpong'),
  (51330, 'Roy Alex', 'Galeano'),
  (51331, 'Oscar', 'Garcia'),
  (51332, 'Sam', 'Garcia'),
  (51333, 'Anthony', 'Juarez'),
  (51334, 'Kwasi', 'Kotoko'),
  (51335, 'Orlando', 'Martinez'),
  (51336, 'Andrew', 'Mejia'),
  (51337, 'Chris', 'Mejia'),
  (51338, 'Milton', 'Miranda'),
  (51339, 'Nasrullah', 'Muhammed'),
  (51340, 'Alexis', 'Palma'),
  (51341, 'Luis', 'Reyes'),
  (51342, 'Romel', 'Reyes'),
  (51343, 'Jason', 'Rodriguez'),
  (51344, 'Elias San', 'Juan'),
  (51345, 'Ricardo', 'Vega'),
  (51346, 'Raul', 'Villalta'),
  (51347, 'Nour', 'Alamri'),
  (51348, 'Henry', 'Asbill'),
  (51349, 'Asad', 'Bashir'),
  (51350, 'Kai', 'Bennett'),
  (51351, 'Alex', 'Caskey'),
  (51352, 'Damian', 'Charles'),
  (51353, 'Jamie', 'Gleeson'),
  (51354, 'Noah', 'Goodman'),
  (51355, 'Anthony', 'Gourdine'),
  (51356, 'Morgan', 'Hall'),
  (51357, 'Josh', 'Hughes'),
  (51358, 'Gad', 'Kabwende'),
  (51359, 'Jason', 'Kayne'),
  (51360, 'JT', 'Keiffer'),
  (51361, 'Sebastian', 'Lopez'),
  (51362, 'Jean', 'Malilo'),
  (51363, 'Zion Jediah-Jason', 'McClean'),
  (51364, 'Gregg', 'McPheely'),
  (51365, 'Nathan', 'Miles'),
  (51366, 'Alex', 'Rotoloni'),
  (51367, 'Jack', 'Snyder'),
  (51368, 'Brynn', 'Thompson'),
  (51369, 'Tyler', 'Vogt'),
  (51370, 'Renaldo', 'Walters'),
  (51371, 'Matt', 'Williams'),
  (51372, 'Nick', 'York'),
  (51373, 'Zackeriah', 'Aday-Nicholson'),
  (51374, 'Gabriel', 'Alvarez'),
  (51375, 'Dylan', 'Bapst'),
  (51376, 'Mitchell', 'Barry'),
  (51377, 'Charles', 'Blakenship'),
  (51378, 'Davis', 'Bryan'),
  (51379, 'Kevin', 'Carvalho'),
  (51380, 'John', 'Fragakis'),
  (51381, 'Stefan', 'Gojic'),
  (51382, 'Andrew', 'Grodhaus'),
  (51383, 'Colton', 'Huebner'),
  (51384, 'Joshua', 'James'),
  (51385, 'William', 'Keegan'),
  (51386, 'Konrad', 'Knap'),
  (51387, 'Jordan', 'Locke'),
  (51388, 'Christopher', 'Marshall'),
  (51389, 'Javier', 'Martinez'),
  (51390, 'Cain', 'McMillan'),
  (51391, 'Anthony', 'Norman'),
  (51392, 'Sampson', 'Nsemoh'),
  (51393, 'Thomas', 'Powers'),
  (51394, 'Seth', 'Prieto'),
  (51395, 'Adam', 'Rooney'),
  (51396, 'Jacob', 'Sayer'),
  (51397, 'Zachary', 'Smith'),
  (51398, 'Christian', 'Waeglin'),
  (51399, 'Christopher', 'Witmond'),
  (51400, 'Rashid', 'Alarape'),
  (51401, 'Alex', 'Archambeau'),
  (51402, 'Christopher', 'Avery'),
  (51403, 'Carlos', 'Ayala-Viera'),
  (51404, 'Carlos', 'Becerra-Gomez'),
  (51405, 'Oskar', 'Bringle'),
  (51406, 'Elliot', 'Curtin'),
  (51407, 'Eli', 'Dent'),
  (51408, 'Jackson', 'Eskay'),
  (51409, 'Andrew', 'Fitton'),
  (51410, 'Mike', 'Foutsop'),
  (51411, 'Neema', 'Gharib'),
  (51412, 'Andrew', 'Halloran'),
  (51413, 'Thierno', 'Issabre'),
  (51414, 'Michael', 'Johnson'),
  (51415, 'Brennan', 'Koslow'),
  (51416, 'Mitchell', 'Kupstas'),
  (51417, 'Boland', 'Lekeaka'),
  (51418, 'Adrian', 'Lollar'),
  (51419, 'McKinley Mercer', 'III'),
  (51420, 'Luke', 'Narker'),
  (51421, 'Hassan', 'Pinto'),
  (51422, 'Cory', 'Plasker'),
  (51423, 'Max', 'Poore'),
  (51424, 'Kevin', 'Reyes'),
  (51425, 'Sharpe', 'Sablon'),
  (51426, 'Iain', 'Smith'),
  (51427, 'Thor', 'Svienbjorsson'),
  (51428, 'Thomas', 'Toney'),
  (51429, 'Zachary Paul', 'Young'),
  (51430, 'Bilal', 'Ahmed'),
  (51431, 'Tim', 'Amoui'),
  (51432, 'Badr El', 'Yazami'),
  (51433, 'Stan-Lee', 'Etienne'),
  (51434, 'Sylvi', 'Mahmood'),
  (51435, 'Pedro', 'Marinho'),
  (51436, 'Juan', 'Martinez'),
  (51437, 'David', 'Michaelson'),
  (51438, 'Metsantika', 'Mokgoatsana'),
  (51439, 'Ali', 'Niang'),
  (51440, 'Javier', 'Pace'),
  (51441, 'Osman', 'Rodriguez'),
  (51442, 'Aaron', 'Shiffman'),
  (51443, 'Miwoned', 'Siraj'),
  (51444, 'Tyler', 'Swinehart'),
  (51445, 'Gabriel', 'Villar'),
  (51446, 'Michael', 'Walsh'),
  (51447, 'Joshua', 'Warde'),
  (51448, 'Christopher', 'Wilson'),
  (51449, 'Kyle', 'Xhajanka'),
  (51450, 'Nathan', 'Bio'),
  (51451, 'Rob', 'Bonet'),
  (51452, 'Aziymu Shamil', 'Burns'),
  (51453, 'Jackson', 'Cavenaugh'),
  (51454, 'Kyle', 'Crawford'),
  (51455, 'Eduardo', 'Delgado'),
  (51456, 'Matheus', 'Fineto'),
  (51457, 'Enrique Gonzalez', 'Plaza'),
  (51458, 'Chris', 'Griffith'),
  (51459, 'Philip', 'Harris'),
  (51460, 'Justin', 'Heimerl'),
  (51461, 'Lucas', 'Horton'),
  (51462, 'Karson Reese', 'Kendall'),
  (51463, 'Konner', 'Kendall'),
  (51464, 'Mouad', 'Labied'),
  (51465, 'Jake', 'Langton'),
  (51466, 'Myles', 'Levelle'),
  (51467, 'Randy', 'Mallar-Calvillo'),
  (51468, 'Matt', 'Mitchell'),
  (51469, 'Nikos', 'Papanikolopoulos'),
  (51470, 'Cade', 'Quinto'),
  (51471, 'Juandi', 'Riley'),
  (51472, 'Luis', 'Romero'),
  (51473, 'Eduardo Ernesto', 'Salmeron'),
  (51474, 'Aswin', 'Sembu'),
  (51475, 'Adam', 'Sole'),
  (51476, 'Zaid', 'Takrouri'),
  (51477, 'Michael', 'Touihri'),
  (51478, 'Ivan', 'Verdezoto'),
  (51479, 'Min', 'Yoo'),
  (51480, 'Jonathan', 'Adabi'),
  (51481, 'Tishe', 'Adekanmbi'),
  (51482, 'Abdoulmalik', 'Adesanya'),
  (51483, 'Caleb', 'Ayan'),
  (51484, 'Olumide', 'Ayo-Ajibike'),
  (51485, 'Elad Khaleef', 'Bogle'),
  (51486, 'Tobias', 'Ciho'),
  (51487, 'Nixon Manuel', 'Condolo'),
  (51488, 'Felipe', 'Correa'),
  (51489, 'Michael', 'Dardis'),
  (51490, 'Abdoulaye', 'Diba'),
  (51491, 'Lech', 'Dunser'),
  (51492, 'Daniel Duran', 'Gonzalez'),
  (51493, 'David Alejandro', 'Fierro'),
  (51494, 'Caleb', 'Johnson'),
  (51495, 'Ian Thomas', 'Kunkel'),
  (51496, 'Jelle', 'Lansdaal'),
  (51497, 'Ruari Eamonn', 'O’Rourke'),
  (51498, 'Siddharth', 'Rajesh'),
  (51499, 'Anel', 'Ramic'),
  (51500, 'Sumner', 'Richardson'),
  (51501, 'George Bishop', 'Rodi'),
  (51502, 'Connor', 'Rosenthal'),
  (51503, 'Godfred Nii', 'Tettey'),
  (51504, 'Joshua Parbie', 'Tettey'),
  (51505, 'Robert A', 'Thomas'),
  (51506, 'Chris Arturo', 'Vitela'),
  (51507, 'Noah', 'Wieland'),
  (51508, 'Olanrewaju', 'Yusuff'),
  (51509, 'Roberto Carlos', 'Calix'),
  (51510, 'Eli Francisco', 'Carrasco'),
  (51511, 'Axel', 'Castrejon'),
  (51512, 'Gael Jared', 'Castrejon'),
  (51513, 'Jared Scott', 'Childs'),
  (51514, 'Dylan Bright', 'Edmonds'),
  (51515, 'Mason McGill', 'Fifer'),
  (51516, 'Omar', 'Guadarrama'),
  (51517, 'Brandon', 'Gutierrez'),
  (51518, 'Maury', 'Ibarra'),
  (51519, 'Sebastian Tyler', 'Jones'),
  (51520, 'Dino', 'Kalac'),
  (51521, 'Taylor Benjamin', 'Lemmon'),
  (51522, 'Ivan Israel', 'Lopez'),
  (51523, 'Sebastian', 'Lopez'),
  (51524, 'Juanes', 'Martinez'),
  (51525, 'Sebastian', 'Nuñez'),
  (51526, 'Ashton Thomas', 'Parnell'),
  (51527, 'Tyler', 'Pineda'),
  (51528, 'Voshon', 'Ramcharan'),
  (51529, 'Marvin', 'Rodriguez'),
  (51530, 'Fabian', 'Rodriguez-Escobedo'),
  (51531, 'Blair', 'Springhall'),
  (51532, 'Bradley Hamilton', 'Tidwell'),
  (51533, 'Edward', 'Trejo'),
  (51534, 'Johan Miguel', 'Trigo-Rios'),
  (51535, 'Luis Albert', 'Ventura'),
  (51536, 'Patrick', 'Ventura'),
  (51537, 'Nicholas', 'Wheeler'),
  (51538, 'Adam', 'Abdullahi'),
  (51539, 'Mohammed', 'Al-Asady'),
  (51540, 'Malek', 'Almariri'),
  (51541, 'Mario', 'Arreguin'),
  (51542, 'Ali', 'Bazz'),
  (51543, 'Monchu', 'Camara'),
  (51544, 'Steven', 'Carrillo'),
  (51545, 'Karl', 'Christiansen'),
  (51546, 'Franklin', 'Contreras'),
  (51547, 'Vitor De', 'Souza'),
  (51548, 'Adrian', 'Garcia'),
  (51549, 'Josue', 'Gomez'),
  (51550, 'Jafet', 'Higuera'),
  (51551, 'Rui', 'James-Pereira'),
  (51552, 'Kendrick', 'Jean'),
  (51553, 'Sanaa', 'Listenbee'),
  (51554, 'Chris', 'Louissaint'),
  (51555, 'David', 'Martinez'),
  (51556, 'Ramsis', 'Martinez'),
  (51557, 'Ruben', 'Martinez'),
  (51558, 'Jonathan', 'May'),
  (51559, 'Jaylen', 'McCray'),
  (51560, 'Tariq', 'Mohammed'),
  (51561, 'Geovanni', 'Oboh'),
  (51562, 'Jordan', 'Paul'),
  (51563, 'Nicolas', 'Pegorer'),
  (51564, 'Pablo', 'Piraquive'),
  (51565, 'Roney', 'Rubio'),
  (51566, 'Anakin', 'Ruiz'),
  (51567, 'Jazeime', 'Russell'),
  (51568, 'Jonathan', 'Sandoval'),
  (51569, 'Ayman', 'Saudin'),
  (51570, 'Manuel', 'Simental'),
  (51571, 'Mahmoud', 'Tasslak'),
  (51572, 'Myles', 'Williams')
ON CONFLICT (id) DO UPDATE SET
  first_name = EXCLUDED.first_name,
  last_name = EXCLUDED.last_name;

-- Insert players
INSERT INTO players (id, person_id, source_system_id) VALUES
  (10000, 50000, 1),
  (10001, 50001, 1),
  (10002, 50002, 1),
  (10003, 50003, 1),
  (10004, 50004, 1),
  (10005, 50005, 1),
  (10006, 50006, 1),
  (10007, 50007, 1),
  (10008, 50008, 1),
  (10009, 50009, 1),
  (10010, 50010, 1),
  (10011, 50011, 1),
  (10012, 50012, 1),
  (10013, 50013, 1),
  (10014, 50014, 1),
  (10015, 50015, 1),
  (10016, 50016, 1),
  (10017, 50017, 1),
  (10018, 50018, 1),
  (10019, 50019, 1),
  (10020, 50020, 1),
  (10021, 50021, 1),
  (10022, 50022, 1),
  (10023, 50023, 1),
  (10024, 50024, 1),
  (10025, 50025, 1),
  (10026, 50026, 1),
  (10027, 50027, 1),
  (10028, 50028, 1),
  (10029, 50029, 1),
  (10030, 50030, 1),
  (10031, 50031, 1),
  (10032, 50032, 1),
  (10033, 50033, 1),
  (10034, 50034, 1),
  (10035, 50035, 1),
  (10036, 50036, 1),
  (10037, 50037, 1),
  (10038, 50038, 1),
  (10039, 50039, 1),
  (10040, 50040, 1),
  (10041, 50041, 1),
  (10042, 50042, 1),
  (10043, 50043, 1),
  (10044, 50044, 1),
  (10045, 50045, 1),
  (10046, 50046, 1),
  (10047, 50047, 1),
  (10048, 50048, 1),
  (10049, 50049, 1),
  (10050, 50050, 1),
  (10051, 50051, 1),
  (10052, 50052, 1),
  (10053, 50053, 1),
  (10054, 50054, 1),
  (10055, 50055, 1),
  (10056, 50056, 1),
  (10057, 50057, 1),
  (10058, 50058, 1),
  (10059, 50059, 1),
  (10060, 50060, 1),
  (10061, 50061, 1),
  (10062, 50062, 1),
  (10063, 50063, 1),
  (10064, 50064, 1),
  (10065, 50065, 1),
  (10066, 50066, 1),
  (10067, 50067, 1),
  (10068, 50068, 1),
  (10069, 50069, 1),
  (10070, 50070, 1),
  (10071, 50071, 1),
  (10072, 50072, 1),
  (10073, 50073, 1),
  (10074, 50074, 1),
  (10075, 50075, 1),
  (10076, 50076, 1),
  (10077, 50077, 1),
  (10078, 50078, 1),
  (10079, 50079, 1),
  (10080, 50080, 1),
  (10081, 50081, 1),
  (10082, 50082, 1),
  (10083, 50083, 1),
  (10084, 50084, 1),
  (10085, 50085, 1),
  (10086, 50086, 1),
  (10087, 50087, 1),
  (10088, 50088, 1),
  (10089, 50089, 1),
  (10090, 50090, 1),
  (10091, 50091, 1),
  (10092, 50092, 1),
  (10093, 50093, 1),
  (10094, 50094, 1),
  (10095, 50095, 1),
  (10096, 50096, 1),
  (10097, 50097, 1),
  (10098, 50098, 1),
  (10099, 50099, 1),
  (10100, 50100, 1),
  (10101, 50101, 1),
  (10102, 50102, 1),
  (10103, 50103, 1),
  (10104, 50104, 1),
  (10105, 50105, 1),
  (10106, 50106, 1),
  (10107, 50107, 1),
  (10108, 50108, 1),
  (10109, 50109, 1),
  (10110, 50110, 1),
  (10111, 50111, 1),
  (10112, 50112, 1),
  (10113, 50113, 1),
  (10114, 50114, 1),
  (10115, 50115, 1),
  (10116, 50116, 1),
  (10117, 50117, 1),
  (10118, 50118, 1),
  (10119, 50119, 1),
  (10120, 50120, 1),
  (10121, 50121, 1),
  (10122, 50122, 1),
  (10123, 50123, 1),
  (10124, 50124, 1),
  (10125, 50125, 1),
  (10126, 50126, 1),
  (10127, 50127, 1),
  (10128, 50128, 1),
  (10129, 50129, 1),
  (10130, 50130, 1),
  (10131, 50131, 1),
  (10132, 50132, 1),
  (10133, 50133, 1),
  (10134, 50134, 1),
  (10135, 50135, 1),
  (10136, 50136, 1),
  (10137, 50137, 1),
  (10138, 50138, 1),
  (10139, 50139, 1),
  (10140, 50140, 1),
  (10141, 50141, 1),
  (10142, 50142, 1),
  (10143, 50143, 1),
  (10144, 50144, 1),
  (10145, 50145, 1),
  (10146, 50146, 1),
  (10147, 50147, 1),
  (10148, 50148, 1),
  (10149, 50149, 1),
  (10150, 50150, 1),
  (10151, 50151, 1),
  (10152, 50152, 1),
  (10153, 50153, 1),
  (10154, 50154, 1),
  (10155, 50155, 1),
  (10156, 50156, 1),
  (10157, 50157, 1),
  (10158, 50158, 1),
  (10159, 50159, 1),
  (10160, 50160, 1),
  (10161, 50161, 1),
  (10162, 50162, 1),
  (10163, 50163, 1),
  (10164, 50164, 1),
  (10165, 50165, 1),
  (10166, 50166, 1),
  (10167, 50167, 1),
  (10168, 50168, 1),
  (10169, 50169, 1),
  (10170, 50170, 1),
  (10171, 50171, 1),
  (10172, 50172, 1),
  (10173, 50173, 1),
  (10174, 50174, 1),
  (10175, 50175, 1),
  (10176, 50176, 1),
  (10177, 50177, 1),
  (10178, 50178, 1),
  (10179, 50179, 1),
  (10180, 50180, 1),
  (10181, 50181, 1),
  (10182, 50182, 1),
  (10183, 50183, 1),
  (10184, 50184, 1),
  (10185, 50185, 1),
  (10186, 50186, 1),
  (10187, 50187, 1),
  (10188, 50188, 1),
  (10189, 50189, 1),
  (10190, 50190, 1),
  (10191, 50191, 1),
  (10192, 50192, 1),
  (10193, 50193, 1),
  (10194, 50194, 1),
  (10195, 50195, 1),
  (10196, 50196, 1),
  (10197, 50197, 1),
  (10198, 50198, 1),
  (10199, 50199, 1),
  (10200, 50200, 1),
  (10201, 50201, 1),
  (10202, 50202, 1),
  (10203, 50203, 1),
  (10204, 50204, 1),
  (10205, 50205, 1),
  (10206, 50206, 1),
  (10207, 50207, 1),
  (10208, 50208, 1),
  (10209, 50209, 1),
  (10210, 50210, 1),
  (10211, 50211, 1),
  (10212, 50212, 1),
  (10213, 50213, 1),
  (10214, 50214, 1),
  (10215, 50215, 1),
  (10216, 50216, 1),
  (10217, 50217, 1),
  (10218, 50218, 1),
  (10219, 50219, 1),
  (10220, 50220, 1),
  (10221, 50221, 1),
  (10222, 50222, 1),
  (10223, 50223, 1),
  (10224, 50224, 1),
  (10225, 50225, 1),
  (10226, 50226, 1),
  (10227, 50227, 1),
  (10228, 50228, 1),
  (10229, 50229, 1),
  (10230, 50230, 1),
  (10231, 50231, 1),
  (10232, 50232, 1),
  (10233, 50233, 1),
  (10234, 50234, 1),
  (10235, 50235, 1),
  (10236, 50236, 1),
  (10237, 50237, 1),
  (10238, 50238, 1),
  (10239, 50239, 1),
  (10240, 50240, 1),
  (10241, 50241, 1),
  (10242, 50242, 1),
  (10243, 50243, 1),
  (10244, 50244, 1),
  (10245, 50245, 1),
  (10246, 50246, 1),
  (10247, 50247, 1),
  (10248, 50248, 1),
  (10249, 50249, 1),
  (10250, 50250, 1),
  (10251, 50251, 1),
  (10252, 50252, 1),
  (10253, 50253, 1),
  (10254, 50254, 1),
  (10255, 50255, 1),
  (10256, 50256, 1),
  (10257, 50257, 1),
  (10258, 50258, 1),
  (10259, 50259, 1),
  (10260, 50260, 1),
  (10261, 50261, 1),
  (10262, 50262, 1),
  (10263, 50263, 1),
  (10264, 50264, 1),
  (10265, 50265, 1),
  (10266, 50266, 1),
  (10267, 50267, 1),
  (10268, 50268, 1),
  (10269, 50269, 1),
  (10270, 50270, 1),
  (10271, 50271, 1),
  (10272, 50272, 1),
  (10273, 50273, 1),
  (10274, 50274, 1),
  (10275, 50275, 1),
  (10276, 50276, 1),
  (10277, 50277, 1),
  (10278, 50278, 1),
  (10279, 50279, 1),
  (10280, 50280, 1),
  (10281, 50281, 1),
  (10282, 50282, 1),
  (10283, 50283, 1),
  (10284, 50284, 1),
  (10285, 50285, 1),
  (10286, 50286, 1),
  (10287, 50287, 1),
  (10288, 50288, 1),
  (10289, 50289, 1),
  (10290, 50290, 1),
  (10291, 50291, 1),
  (10292, 50292, 1),
  (10293, 50293, 1),
  (10294, 50294, 1),
  (10295, 50295, 1),
  (10296, 50296, 1),
  (10297, 50297, 1),
  (10298, 50298, 1),
  (10299, 50299, 1),
  (10300, 50300, 1),
  (10301, 50301, 1),
  (10302, 50302, 1),
  (10303, 50303, 1),
  (10304, 50304, 1),
  (10305, 50305, 1),
  (10306, 50306, 1),
  (10307, 50307, 1),
  (10308, 50308, 1),
  (10309, 50309, 1),
  (10310, 50310, 1),
  (10311, 50311, 1),
  (10312, 50312, 1),
  (10313, 50313, 1),
  (10314, 50314, 1),
  (10315, 50315, 1),
  (10316, 50316, 1),
  (10317, 50317, 1),
  (10318, 50318, 1),
  (10319, 50319, 1),
  (10320, 50320, 1),
  (10321, 50321, 1),
  (10322, 50322, 1),
  (10323, 50323, 1),
  (10324, 50324, 1),
  (10325, 50325, 1),
  (10326, 50326, 1),
  (10327, 50327, 1),
  (10328, 50328, 1),
  (10329, 50329, 1),
  (10330, 50330, 1),
  (10331, 50331, 1),
  (10332, 50332, 1),
  (10333, 50333, 1),
  (10334, 50334, 1),
  (10335, 50335, 1),
  (10336, 50336, 1),
  (10337, 50337, 1),
  (10338, 50338, 1),
  (10339, 50339, 1),
  (10340, 50340, 1),
  (10341, 50341, 1),
  (10342, 50342, 1),
  (10343, 50343, 1),
  (10344, 50344, 1),
  (10345, 50345, 1),
  (10346, 50346, 1),
  (10347, 50347, 1),
  (10348, 50348, 1),
  (10349, 50349, 1),
  (10350, 50350, 1),
  (10351, 50351, 1),
  (10352, 50352, 1),
  (10353, 50353, 1),
  (10354, 50354, 1),
  (10355, 50355, 1),
  (10356, 50356, 1),
  (10357, 50357, 1),
  (10358, 50358, 1),
  (10359, 50359, 1),
  (10360, 50360, 1),
  (10361, 50361, 1),
  (10362, 50362, 1),
  (10363, 50363, 1),
  (10364, 50364, 1),
  (10365, 50365, 1),
  (10366, 50366, 1),
  (10367, 50367, 1),
  (10368, 50368, 1),
  (10369, 50369, 1),
  (10370, 50370, 1),
  (10371, 50371, 1),
  (10372, 50372, 1),
  (10373, 50373, 1),
  (10374, 50374, 1),
  (10375, 50375, 1),
  (10376, 50376, 1),
  (10377, 50377, 1),
  (10378, 50378, 1),
  (10379, 50379, 1),
  (10380, 50380, 1),
  (10381, 50381, 1),
  (10382, 50382, 1),
  (10383, 50383, 1),
  (10384, 50384, 1),
  (10385, 50385, 1),
  (10386, 50386, 1),
  (10387, 50387, 1),
  (10388, 50388, 1),
  (10389, 50389, 1),
  (10390, 50390, 1),
  (10391, 50391, 1),
  (10392, 50392, 1),
  (10393, 50393, 1),
  (10394, 50394, 1),
  (10395, 50395, 1),
  (10396, 50396, 1),
  (10397, 50397, 1),
  (10398, 50398, 1),
  (10399, 50399, 1),
  (10400, 50400, 1),
  (10401, 50401, 1),
  (10402, 50402, 1),
  (10403, 50403, 1),
  (10404, 50404, 1),
  (10405, 50405, 1),
  (10406, 50406, 1),
  (10407, 50407, 1),
  (10408, 50408, 1),
  (10409, 50409, 1),
  (10410, 50410, 1),
  (10411, 50411, 1),
  (10412, 50412, 1),
  (10413, 50413, 1),
  (10414, 50414, 1),
  (10415, 50415, 1),
  (10416, 50416, 1),
  (10417, 50417, 1),
  (10418, 50418, 1),
  (10419, 50419, 1),
  (10420, 50420, 1),
  (10421, 50421, 1),
  (10422, 50422, 1),
  (10423, 50423, 1),
  (10424, 50424, 1),
  (10425, 50425, 1),
  (10426, 50426, 1),
  (10427, 50427, 1),
  (10428, 50428, 1),
  (10429, 50429, 1),
  (10430, 50430, 1),
  (10431, 50431, 1),
  (10432, 50432, 1),
  (10433, 50433, 1),
  (10434, 50434, 1),
  (10435, 50435, 1),
  (10436, 50436, 1),
  (10437, 50437, 1),
  (10438, 50438, 1),
  (10439, 50439, 1),
  (10440, 50440, 1),
  (10441, 50441, 1),
  (10442, 50442, 1),
  (10443, 50443, 1),
  (10444, 50444, 1),
  (10445, 50445, 1),
  (10446, 50446, 1),
  (10447, 50447, 1),
  (10448, 50448, 1),
  (10449, 50449, 1),
  (10450, 50450, 1),
  (10451, 50451, 1),
  (10452, 50452, 1),
  (10453, 50453, 1),
  (10454, 50454, 1),
  (10455, 50455, 1),
  (10456, 50456, 1),
  (10457, 50457, 1),
  (10458, 50458, 1),
  (10459, 50459, 1),
  (10460, 50460, 1),
  (10461, 50461, 1),
  (10462, 50462, 1),
  (10463, 50463, 1),
  (10464, 50464, 1),
  (10465, 50465, 1),
  (10466, 50466, 1),
  (10467, 50467, 1),
  (10468, 50468, 1),
  (10469, 50469, 1),
  (10470, 50470, 1),
  (10471, 50471, 1),
  (10472, 50472, 1),
  (10473, 50473, 1),
  (10474, 50474, 1),
  (10475, 50475, 1),
  (10476, 50476, 1),
  (10477, 50477, 1),
  (10478, 50478, 1),
  (10479, 50479, 1),
  (10480, 50480, 1),
  (10481, 50481, 1),
  (10482, 50482, 1),
  (10483, 50483, 1),
  (10484, 50484, 1),
  (10485, 50485, 1),
  (10486, 50486, 1),
  (10487, 50487, 1),
  (10488, 50488, 1),
  (10489, 50489, 1),
  (10490, 50490, 1),
  (10491, 50491, 1),
  (10492, 50492, 1),
  (10493, 50493, 1),
  (10494, 50494, 1),
  (10495, 50495, 1),
  (10496, 50496, 1),
  (10497, 50497, 1),
  (10498, 50498, 1),
  (10499, 50499, 1),
  (10500, 50500, 1),
  (10501, 50501, 1),
  (10502, 50502, 1),
  (10503, 50503, 1),
  (10504, 50504, 1),
  (10505, 50505, 1),
  (10506, 50506, 1),
  (10507, 50507, 1),
  (10508, 50508, 1),
  (10509, 50509, 1),
  (10510, 50510, 1),
  (10511, 50511, 1),
  (10512, 50512, 1),
  (10513, 50513, 1),
  (10514, 50514, 1),
  (10515, 50515, 1),
  (10516, 50516, 1),
  (10517, 50517, 1),
  (10518, 50518, 1),
  (10519, 50519, 1),
  (10520, 50520, 1),
  (10521, 50521, 1),
  (10522, 50522, 1),
  (10523, 50523, 1),
  (10524, 50524, 1),
  (10525, 50525, 1),
  (10526, 50526, 1),
  (10527, 50527, 1),
  (10528, 50528, 1),
  (10529, 50529, 1),
  (10530, 50530, 1),
  (10531, 50531, 1),
  (10532, 50532, 1),
  (10533, 50533, 1),
  (10534, 50534, 1),
  (10535, 50535, 1),
  (10536, 50536, 1),
  (10537, 50537, 1),
  (10538, 50538, 1),
  (10539, 50539, 1),
  (10540, 50540, 1),
  (10541, 50541, 1),
  (10542, 50542, 1),
  (10543, 50543, 1),
  (10544, 50544, 1),
  (10545, 50545, 1),
  (10546, 50546, 1),
  (10547, 50547, 1),
  (10548, 50548, 1),
  (10549, 50549, 1),
  (10550, 50550, 1),
  (10551, 50551, 1),
  (10552, 50552, 1),
  (10553, 50553, 1),
  (10554, 50554, 1),
  (10555, 50555, 1),
  (10556, 50556, 1),
  (10557, 50557, 1),
  (10558, 50558, 1),
  (10559, 50559, 1),
  (10560, 50560, 1),
  (10561, 50561, 1),
  (10562, 50562, 1),
  (10563, 50563, 1),
  (10564, 50564, 1),
  (10565, 50565, 1),
  (10566, 50566, 1),
  (10567, 50567, 1),
  (10568, 50568, 1),
  (10569, 50569, 1),
  (10570, 50570, 1),
  (10571, 50571, 1),
  (10572, 50572, 1),
  (10573, 50573, 1),
  (10574, 50574, 1),
  (10575, 50575, 1),
  (10576, 50576, 1),
  (10577, 50577, 1),
  (10578, 50578, 1),
  (10579, 50579, 1),
  (10580, 50580, 1),
  (10581, 50581, 1),
  (10582, 50582, 1),
  (10583, 50583, 1),
  (10584, 50584, 1),
  (10585, 50585, 1),
  (10586, 50586, 1),
  (10587, 50587, 1),
  (10588, 50588, 1),
  (10589, 50589, 1),
  (10590, 50590, 1),
  (10591, 50591, 1),
  (10592, 50592, 1),
  (10593, 50593, 1),
  (10594, 50594, 1),
  (10595, 50595, 1),
  (10596, 50596, 1),
  (10597, 50597, 1),
  (10598, 50598, 1),
  (10599, 50599, 1),
  (10600, 50600, 1),
  (10601, 50601, 1),
  (10602, 50602, 1),
  (10603, 50603, 1),
  (10604, 50604, 1),
  (10605, 50605, 1),
  (10606, 50606, 1),
  (10607, 50607, 1),
  (10608, 50608, 1),
  (10609, 50609, 1),
  (10610, 50610, 1),
  (10611, 50611, 1),
  (10612, 50612, 1),
  (10613, 50613, 1),
  (10614, 50614, 1),
  (10615, 50615, 1),
  (10616, 50616, 1),
  (10617, 50617, 1),
  (10618, 50618, 1),
  (10619, 50619, 1),
  (10620, 50620, 1),
  (10621, 50621, 1),
  (10622, 50622, 1),
  (10623, 50623, 1),
  (10624, 50624, 1),
  (10625, 50625, 1),
  (10626, 50626, 1),
  (10627, 50627, 1),
  (10628, 50628, 1),
  (10629, 50629, 1),
  (10630, 50630, 1),
  (10631, 50631, 1),
  (10632, 50632, 1),
  (10633, 50633, 1),
  (10634, 50634, 1),
  (10635, 50635, 1),
  (10636, 50636, 1),
  (10637, 50637, 1),
  (10638, 50638, 1),
  (10639, 50639, 1),
  (10640, 50640, 1),
  (10641, 50641, 1),
  (10642, 50642, 1),
  (10643, 50643, 1),
  (10644, 50644, 1),
  (10645, 50645, 1),
  (10646, 50646, 1),
  (10647, 50647, 1),
  (10648, 50648, 1),
  (10649, 50649, 1),
  (10650, 50650, 1),
  (10651, 50651, 1),
  (10652, 50652, 1),
  (10653, 50653, 1),
  (10654, 50654, 1),
  (10655, 50655, 1),
  (10656, 50656, 1),
  (10657, 50657, 1),
  (10658, 50658, 1),
  (10659, 50659, 1),
  (10660, 50660, 1),
  (10661, 50661, 1),
  (10662, 50662, 1),
  (10663, 50663, 1),
  (10664, 50664, 1),
  (10665, 50665, 1),
  (10666, 50666, 1),
  (10667, 50667, 1),
  (10668, 50668, 1),
  (10669, 50669, 1),
  (10670, 50670, 1),
  (10671, 50671, 1),
  (10672, 50672, 1),
  (10673, 50673, 1),
  (10674, 50674, 1),
  (10675, 50675, 1),
  (10676, 50676, 1),
  (10677, 50677, 1),
  (10678, 50678, 1),
  (10679, 50679, 1),
  (10680, 50680, 1),
  (10681, 50681, 1),
  (10682, 50682, 1),
  (10683, 50683, 1),
  (10684, 50684, 1),
  (10685, 50685, 1),
  (10686, 50686, 1),
  (10687, 50687, 1),
  (10688, 50688, 1),
  (10689, 50689, 1),
  (10690, 50690, 1),
  (10691, 50691, 1),
  (10692, 50692, 1),
  (10693, 50693, 1),
  (10694, 50694, 1),
  (10695, 50695, 1),
  (10696, 50696, 1),
  (10697, 50697, 1),
  (10698, 50698, 1),
  (10699, 50699, 1),
  (10700, 50700, 1),
  (10701, 50701, 1),
  (10702, 50702, 1),
  (10703, 50703, 1),
  (10704, 50704, 1),
  (10705, 50705, 1),
  (10706, 50706, 1),
  (10707, 50707, 1),
  (10708, 50708, 1),
  (10709, 50709, 1),
  (10710, 50710, 1),
  (10711, 50711, 1),
  (10712, 50712, 1),
  (10713, 50713, 1),
  (10714, 50714, 1),
  (10715, 50715, 1),
  (10716, 50716, 1),
  (10717, 50717, 1),
  (10718, 50718, 1),
  (10719, 50719, 1),
  (10720, 50720, 1),
  (10721, 50721, 1),
  (10722, 50722, 1),
  (10723, 50723, 1),
  (10724, 50724, 1),
  (10725, 50725, 1),
  (10726, 50726, 1),
  (10727, 50727, 1),
  (10728, 50728, 1),
  (10729, 50729, 1),
  (10730, 50730, 1),
  (10731, 50731, 1),
  (10732, 50732, 1),
  (10733, 50733, 1),
  (10734, 50734, 1),
  (10735, 50735, 1),
  (10736, 50736, 1),
  (10737, 50737, 1),
  (10738, 50738, 1),
  (10739, 50739, 1),
  (10740, 50740, 1),
  (10741, 50741, 1),
  (10742, 50742, 1),
  (10743, 50743, 1),
  (10744, 50744, 1),
  (10745, 50745, 1),
  (10746, 50746, 1),
  (10747, 50747, 1),
  (10748, 50748, 1),
  (10749, 50749, 1),
  (10750, 50750, 1),
  (10751, 50751, 1),
  (10752, 50752, 1),
  (10753, 50753, 1),
  (10754, 50754, 1),
  (10755, 50755, 1),
  (10756, 50756, 1),
  (10757, 50757, 1),
  (10758, 50758, 1),
  (10759, 50759, 1),
  (10760, 50760, 1),
  (10761, 50761, 1),
  (10762, 50762, 1),
  (10763, 50763, 1),
  (10764, 50764, 1),
  (10765, 50765, 1),
  (10766, 50766, 1),
  (10767, 50767, 1),
  (10768, 50768, 1),
  (10769, 50769, 1),
  (10770, 50770, 1),
  (10771, 50771, 1),
  (10772, 50772, 1),
  (10773, 50773, 1),
  (10774, 50774, 1),
  (10775, 50775, 1),
  (10776, 50776, 1),
  (10777, 50777, 1),
  (10778, 50778, 1),
  (10779, 50779, 1),
  (10780, 50780, 1),
  (10781, 50781, 1),
  (10782, 50782, 1),
  (10783, 50783, 1),
  (10784, 50784, 1),
  (10785, 50785, 1),
  (10786, 50786, 1),
  (10787, 50787, 1),
  (10788, 50788, 1),
  (10789, 50789, 1),
  (10790, 50790, 1),
  (10791, 50791, 1),
  (10792, 50792, 1),
  (10793, 50793, 1),
  (10794, 50794, 1),
  (10795, 50795, 1),
  (10796, 50796, 1),
  (10797, 50797, 1),
  (10798, 50798, 1),
  (10799, 50799, 1),
  (10800, 50800, 1),
  (10801, 50801, 1),
  (10802, 50802, 1),
  (10803, 50803, 1),
  (10804, 50804, 1),
  (10805, 50805, 1),
  (10806, 50806, 1),
  (10807, 50807, 1),
  (10808, 50808, 1),
  (10809, 50809, 1),
  (10810, 50810, 1),
  (10811, 50811, 1),
  (10812, 50812, 1),
  (10813, 50813, 1),
  (10814, 50814, 1),
  (10815, 50815, 1),
  (10816, 50816, 1),
  (10817, 50817, 1),
  (10818, 50818, 1),
  (10819, 50819, 1),
  (10820, 50820, 1),
  (10821, 50821, 1),
  (10822, 50822, 1),
  (10823, 50823, 1),
  (10824, 50824, 1),
  (10825, 50825, 1),
  (10826, 50826, 1),
  (10827, 50827, 1),
  (10828, 50828, 1),
  (10829, 50829, 1),
  (10830, 50830, 1),
  (10831, 50831, 1),
  (10832, 50832, 1),
  (10833, 50833, 1),
  (10834, 50834, 1),
  (10835, 50835, 1),
  (10836, 50836, 1),
  (10837, 50837, 1),
  (10838, 50838, 1),
  (10839, 50839, 1),
  (10840, 50840, 1),
  (10841, 50841, 1),
  (10842, 50842, 1),
  (10843, 50843, 1),
  (10844, 50844, 1),
  (10845, 50845, 1),
  (10846, 50846, 1),
  (10847, 50847, 1),
  (10848, 50848, 1),
  (10849, 50849, 1),
  (10850, 50850, 1),
  (10851, 50851, 1),
  (10852, 50852, 1),
  (10853, 50853, 1),
  (10854, 50854, 1),
  (10855, 50855, 1),
  (10856, 50856, 1),
  (10857, 50857, 1),
  (10858, 50858, 1),
  (10859, 50859, 1),
  (10860, 50860, 1),
  (10861, 50861, 1),
  (10862, 50862, 1),
  (10863, 50863, 1),
  (10864, 50864, 1),
  (10865, 50865, 1),
  (10866, 50866, 1),
  (10867, 50867, 1),
  (10868, 50868, 1),
  (10869, 50869, 1),
  (10870, 50870, 1),
  (10871, 50871, 1),
  (10872, 50872, 1),
  (10873, 50873, 1),
  (10874, 50874, 1),
  (10875, 50875, 1),
  (10876, 50876, 1),
  (10877, 50877, 1),
  (10878, 50878, 1),
  (10879, 50879, 1),
  (10880, 50880, 1),
  (10881, 50881, 1),
  (10882, 50882, 1),
  (10883, 50883, 1),
  (10884, 50884, 1),
  (10885, 50885, 1),
  (10886, 50886, 1),
  (10887, 50887, 1),
  (10888, 50888, 1),
  (10889, 50889, 1),
  (10890, 50890, 1),
  (10891, 50891, 1),
  (10892, 50892, 1),
  (10893, 50893, 1),
  (10894, 50894, 1),
  (10895, 50895, 1),
  (10896, 50896, 1),
  (10897, 50897, 1),
  (10898, 50898, 1),
  (10899, 50899, 1),
  (10900, 50900, 1),
  (10901, 50901, 1),
  (10902, 50902, 1),
  (10903, 50903, 1),
  (10904, 50904, 1),
  (10905, 50905, 1),
  (10906, 50906, 1),
  (10907, 50907, 1),
  (10908, 50908, 1),
  (10909, 50909, 1),
  (10910, 50910, 1),
  (10911, 50911, 1),
  (10912, 50912, 1),
  (10913, 50913, 1),
  (10914, 50914, 1),
  (10915, 50915, 1),
  (10916, 50916, 1),
  (10917, 50917, 1),
  (10918, 50918, 1),
  (10919, 50919, 1),
  (10920, 50920, 1),
  (10921, 50921, 1),
  (10922, 50922, 1),
  (10923, 50923, 1),
  (10924, 50924, 1),
  (10925, 50925, 1),
  (10926, 50926, 1),
  (10927, 50927, 1),
  (10928, 50928, 1),
  (10929, 50929, 1),
  (10930, 50930, 1),
  (10931, 50931, 1),
  (10932, 50932, 1),
  (10933, 50933, 1),
  (10934, 50934, 1),
  (10935, 50935, 1),
  (10936, 50936, 1),
  (10937, 50937, 1),
  (10938, 50938, 1),
  (10939, 50939, 1),
  (10940, 50940, 1),
  (10941, 50941, 1),
  (10942, 50942, 1),
  (10943, 50943, 1),
  (10944, 50944, 1),
  (10945, 50945, 1),
  (10946, 50946, 1),
  (10947, 50947, 1),
  (10948, 50948, 1),
  (10949, 50949, 1),
  (10950, 50950, 1),
  (10951, 50951, 1),
  (10952, 50952, 1),
  (10953, 50953, 1),
  (10954, 50954, 1),
  (10955, 50955, 1),
  (10956, 50956, 1),
  (10957, 50957, 1),
  (10958, 50958, 1),
  (10959, 50959, 1),
  (10960, 50960, 1),
  (10961, 50961, 1),
  (10962, 50962, 1),
  (10963, 50963, 1),
  (10964, 50964, 1),
  (10965, 50965, 1),
  (10966, 50966, 1),
  (10967, 50967, 1),
  (10968, 50968, 1),
  (10969, 50969, 1),
  (10970, 50970, 1),
  (10971, 50971, 1),
  (10972, 50972, 1),
  (10973, 50973, 1),
  (10974, 50974, 1),
  (10975, 50975, 1),
  (10976, 50976, 1),
  (10977, 50977, 1),
  (10978, 50978, 1),
  (10979, 50979, 1),
  (10980, 50980, 1),
  (10981, 50981, 1),
  (10982, 50982, 1),
  (10983, 50983, 1),
  (10984, 50984, 1),
  (10985, 50985, 1),
  (10986, 50986, 1),
  (10987, 50987, 1),
  (10988, 50988, 1),
  (10989, 50989, 1),
  (10990, 50990, 1),
  (10991, 50991, 1),
  (10992, 50992, 1),
  (10993, 50993, 1),
  (10994, 50994, 1),
  (10995, 50995, 1),
  (10996, 50996, 1),
  (10997, 50997, 1),
  (10998, 50998, 1),
  (10999, 50999, 1),
  (11000, 51000, 1),
  (11001, 51001, 1),
  (11002, 51002, 1),
  (11003, 51003, 1),
  (11004, 51004, 1),
  (11005, 51005, 1),
  (11006, 51006, 1),
  (11007, 51007, 1),
  (11008, 51008, 1),
  (11009, 51009, 1),
  (11010, 51010, 1),
  (11011, 51011, 1),
  (11012, 51012, 1),
  (11013, 51013, 1),
  (11014, 51014, 1),
  (11015, 51015, 1),
  (11016, 51016, 1),
  (11017, 51017, 1),
  (11018, 51018, 1),
  (11019, 51019, 1),
  (11020, 51020, 1),
  (11021, 51021, 1),
  (11022, 51022, 1),
  (11023, 51023, 1),
  (11024, 51024, 1),
  (11025, 51025, 1),
  (11026, 51026, 1),
  (11027, 51027, 1),
  (11028, 51028, 1),
  (11029, 51029, 1),
  (11030, 51030, 1),
  (11031, 51031, 1),
  (11032, 51032, 1),
  (11033, 51033, 1),
  (11034, 51034, 1),
  (11035, 51035, 1),
  (11036, 51036, 1),
  (11037, 51037, 1),
  (11038, 51038, 1),
  (11039, 51039, 1),
  (11040, 51040, 1),
  (11041, 51041, 1),
  (11042, 51042, 1),
  (11043, 51043, 1),
  (11044, 51044, 1),
  (11045, 51045, 1),
  (11046, 51046, 1),
  (11047, 51047, 1),
  (11048, 51048, 1),
  (11049, 51049, 1),
  (11050, 51050, 1),
  (11051, 51051, 1),
  (11052, 51052, 1),
  (11053, 51053, 1),
  (11054, 51054, 1),
  (11055, 51055, 1),
  (11056, 51056, 1),
  (11057, 51057, 1),
  (11058, 51058, 1),
  (11059, 51059, 1),
  (11060, 51060, 1),
  (11061, 51061, 1),
  (11062, 51062, 1),
  (11063, 51063, 1),
  (11064, 51064, 1),
  (11065, 51065, 1),
  (11066, 51066, 1),
  (11067, 51067, 1),
  (11068, 51068, 1),
  (11069, 51069, 1),
  (11070, 51070, 1),
  (11071, 51071, 1),
  (11072, 51072, 1),
  (11073, 51073, 1),
  (11074, 51074, 1),
  (11075, 51075, 1),
  (11076, 51076, 1),
  (11077, 51077, 1),
  (11078, 51078, 1),
  (11079, 51079, 1),
  (11080, 51080, 1),
  (11081, 51081, 1),
  (11082, 51082, 1),
  (11083, 51083, 1),
  (11084, 51084, 1),
  (11085, 51085, 1),
  (11086, 51086, 1),
  (11087, 51087, 1),
  (11088, 51088, 1),
  (11089, 51089, 1),
  (11090, 51090, 1),
  (11091, 51091, 1),
  (11092, 51092, 1),
  (11093, 51093, 1),
  (11094, 51094, 1),
  (11095, 51095, 1),
  (11096, 51096, 1),
  (11097, 51097, 1),
  (11098, 51098, 1),
  (11099, 51099, 1),
  (11100, 51100, 1),
  (11101, 51101, 1),
  (11102, 51102, 1),
  (11103, 51103, 1),
  (11104, 51104, 1),
  (11105, 51105, 1),
  (11106, 51106, 1),
  (11107, 51107, 1),
  (11108, 51108, 1),
  (11109, 51109, 1),
  (11110, 51110, 1),
  (11111, 51111, 1),
  (11112, 51112, 1),
  (11113, 51113, 1),
  (11114, 51114, 1),
  (11115, 51115, 1),
  (11116, 51116, 1),
  (11117, 51117, 1),
  (11118, 51118, 1),
  (11119, 51119, 1),
  (11120, 51120, 1),
  (11121, 51121, 1),
  (11122, 51122, 1),
  (11123, 51123, 1),
  (11124, 51124, 1),
  (11125, 51125, 1),
  (11126, 51126, 1),
  (11127, 51127, 1),
  (11128, 51128, 1),
  (11129, 51129, 1),
  (11130, 51130, 1),
  (11131, 51131, 1),
  (11132, 51132, 1),
  (11133, 51133, 1),
  (11134, 51134, 1),
  (11135, 51135, 1),
  (11136, 51136, 1),
  (11137, 51137, 1),
  (11138, 51138, 1),
  (11139, 51139, 1),
  (11140, 51140, 1),
  (11141, 51141, 1),
  (11142, 51142, 1),
  (11143, 51143, 1),
  (11144, 51144, 1),
  (11145, 51145, 1),
  (11146, 51146, 1),
  (11147, 51147, 1),
  (11148, 51148, 1),
  (11149, 51149, 1),
  (11150, 51150, 1),
  (11151, 51151, 1),
  (11152, 51152, 1),
  (11153, 51153, 1),
  (11154, 51154, 1),
  (11155, 51155, 1),
  (11156, 51156, 1),
  (11157, 51157, 1),
  (11158, 51158, 1),
  (11159, 51159, 1),
  (11160, 51160, 1),
  (11161, 51161, 1),
  (11162, 51162, 1),
  (11163, 51163, 1),
  (11164, 51164, 1),
  (11165, 51165, 1),
  (11166, 51166, 1),
  (11167, 51167, 1),
  (11168, 51168, 1),
  (11169, 51169, 1),
  (11170, 51170, 1),
  (11171, 51171, 1),
  (11172, 51172, 1),
  (11173, 51173, 1),
  (11174, 51174, 1),
  (11175, 51175, 1),
  (11176, 51176, 1),
  (11177, 51177, 1),
  (11178, 51178, 1),
  (11179, 51179, 1),
  (11180, 51180, 1),
  (11181, 51181, 1),
  (11182, 51182, 1),
  (11183, 51183, 1),
  (11184, 51184, 1),
  (11185, 51185, 1),
  (11186, 51186, 1),
  (11187, 51187, 1),
  (11188, 51188, 1),
  (11189, 51189, 1),
  (11190, 51190, 1),
  (11191, 51191, 1),
  (11192, 51192, 1),
  (11193, 51193, 1),
  (11194, 51194, 1),
  (11195, 51195, 1),
  (11196, 51196, 1),
  (11197, 51197, 1),
  (11198, 51198, 1),
  (11199, 51199, 1),
  (11200, 51200, 1),
  (11201, 51201, 1),
  (11202, 51202, 1),
  (11203, 51203, 1),
  (11204, 51204, 1),
  (11205, 51205, 1),
  (11206, 51206, 1),
  (11207, 51207, 1),
  (11208, 51208, 1),
  (11209, 51209, 1),
  (11210, 51210, 1),
  (11211, 51211, 1),
  (11212, 51212, 1),
  (11213, 51213, 1),
  (11214, 51214, 1),
  (11215, 51215, 1),
  (11216, 51216, 1),
  (11217, 51217, 1),
  (11218, 51218, 1),
  (11219, 51219, 1),
  (11220, 51220, 1),
  (11221, 51221, 1),
  (11222, 51222, 1),
  (11223, 51223, 1),
  (11224, 51224, 1),
  (11225, 51225, 1),
  (11226, 51226, 1),
  (11227, 51227, 1),
  (11228, 51228, 1),
  (11229, 51229, 1),
  (11230, 51230, 1),
  (11231, 51231, 1),
  (11232, 51232, 1),
  (11233, 51233, 1),
  (11234, 51234, 1),
  (11235, 51235, 1),
  (11236, 51236, 1),
  (11237, 51237, 1),
  (11238, 51238, 1),
  (11239, 51239, 1),
  (11240, 51240, 1),
  (11241, 51241, 1),
  (11242, 51242, 1),
  (11243, 51243, 1),
  (11244, 51244, 1),
  (11245, 51245, 1),
  (11246, 51246, 1),
  (11247, 51247, 1),
  (11248, 51248, 1),
  (11249, 51249, 1),
  (11250, 51250, 1),
  (11251, 51251, 1),
  (11252, 51252, 1),
  (11253, 51253, 1),
  (11254, 51254, 1),
  (11255, 51255, 1),
  (11256, 51256, 1),
  (11257, 51257, 1),
  (11258, 51258, 1),
  (11259, 51259, 1),
  (11260, 51260, 1),
  (11261, 51261, 1),
  (11262, 51262, 1),
  (11263, 51263, 1),
  (11264, 51264, 1),
  (11265, 51265, 1),
  (11266, 51266, 1),
  (11267, 51267, 1),
  (11268, 51268, 1),
  (11269, 51269, 1),
  (11270, 51270, 1),
  (11271, 51271, 1),
  (11272, 51272, 1),
  (11273, 51273, 1),
  (11274, 51274, 1),
  (11275, 51275, 1),
  (11276, 51276, 1),
  (11277, 51277, 1),
  (11278, 51278, 1),
  (11279, 51279, 1),
  (11280, 51280, 1),
  (11281, 51281, 1),
  (11282, 51282, 1),
  (11283, 51283, 1),
  (11284, 51284, 1),
  (11285, 51285, 1),
  (11286, 51286, 1),
  (11287, 51287, 1),
  (11288, 51288, 1),
  (11289, 51289, 1),
  (11290, 51290, 1),
  (11291, 51291, 1),
  (11292, 51292, 1),
  (11293, 51293, 1),
  (11294, 51294, 1),
  (11295, 51295, 1),
  (11296, 51296, 1),
  (11297, 51297, 1),
  (11298, 51298, 1),
  (11299, 51299, 1),
  (11300, 51300, 1),
  (11301, 51301, 1),
  (11302, 51302, 1),
  (11303, 51303, 1),
  (11304, 51304, 1),
  (11305, 51305, 1),
  (11306, 51306, 1),
  (11307, 51307, 1),
  (11308, 51308, 1),
  (11309, 51309, 1),
  (11310, 51310, 1),
  (11311, 51311, 1),
  (11312, 51312, 1),
  (11313, 51313, 1),
  (11314, 51314, 1),
  (11315, 51315, 1),
  (11316, 51316, 1),
  (11317, 51317, 1),
  (11318, 51318, 1),
  (11319, 51319, 1),
  (11320, 51320, 1),
  (11321, 51321, 1),
  (11322, 51322, 1),
  (11323, 51323, 1),
  (11324, 51324, 1),
  (11325, 51325, 1),
  (11326, 51326, 1),
  (11327, 51327, 1),
  (11328, 51328, 1),
  (11329, 51329, 1),
  (11330, 51330, 1),
  (11331, 51331, 1),
  (11332, 51332, 1),
  (11333, 51333, 1),
  (11334, 51334, 1),
  (11335, 51335, 1),
  (11336, 51336, 1),
  (11337, 51337, 1),
  (11338, 51338, 1),
  (11339, 51339, 1),
  (11340, 51340, 1),
  (11341, 51341, 1),
  (11342, 51342, 1),
  (11343, 51343, 1),
  (11344, 51344, 1),
  (11345, 51345, 1),
  (11346, 51346, 1),
  (11347, 51347, 1),
  (11348, 51348, 1),
  (11349, 51349, 1),
  (11350, 51350, 1),
  (11351, 51351, 1),
  (11352, 51352, 1),
  (11353, 51353, 1),
  (11354, 51354, 1),
  (11355, 51355, 1),
  (11356, 51356, 1),
  (11357, 51357, 1),
  (11358, 51358, 1),
  (11359, 51359, 1),
  (11360, 51360, 1),
  (11361, 51361, 1),
  (11362, 51362, 1),
  (11363, 51363, 1),
  (11364, 51364, 1),
  (11365, 51365, 1),
  (11366, 51366, 1),
  (11367, 51367, 1),
  (11368, 51368, 1),
  (11369, 51369, 1),
  (11370, 51370, 1),
  (11371, 51371, 1),
  (11372, 51372, 1),
  (11373, 51373, 1),
  (11374, 51374, 1),
  (11375, 51375, 1),
  (11376, 51376, 1),
  (11377, 51377, 1),
  (11378, 51378, 1),
  (11379, 51379, 1),
  (11380, 51380, 1),
  (11381, 51381, 1),
  (11382, 51382, 1),
  (11383, 51383, 1),
  (11384, 51384, 1),
  (11385, 51385, 1),
  (11386, 51386, 1),
  (11387, 51387, 1),
  (11388, 51388, 1),
  (11389, 51389, 1),
  (11390, 51390, 1),
  (11391, 51391, 1),
  (11392, 51392, 1),
  (11393, 51393, 1),
  (11394, 51394, 1),
  (11395, 51395, 1),
  (11396, 51396, 1),
  (11397, 51397, 1),
  (11398, 51398, 1),
  (11399, 51399, 1),
  (11400, 51400, 1),
  (11401, 51401, 1),
  (11402, 51402, 1),
  (11403, 51403, 1),
  (11404, 51404, 1),
  (11405, 51405, 1),
  (11406, 51406, 1),
  (11407, 51407, 1),
  (11408, 51408, 1),
  (11409, 51409, 1),
  (11410, 51410, 1),
  (11411, 51411, 1),
  (11412, 51412, 1),
  (11413, 51413, 1),
  (11414, 51414, 1),
  (11415, 51415, 1),
  (11416, 51416, 1),
  (11417, 51417, 1),
  (11418, 51418, 1),
  (11419, 51419, 1),
  (11420, 51420, 1),
  (11421, 51421, 1),
  (11422, 51422, 1),
  (11423, 51423, 1),
  (11424, 51424, 1),
  (11425, 51425, 1),
  (11426, 51426, 1),
  (11427, 51427, 1),
  (11428, 51428, 1),
  (11429, 51429, 1),
  (11430, 51430, 1),
  (11431, 51431, 1),
  (11432, 51432, 1),
  (11433, 51433, 1),
  (11434, 51434, 1),
  (11435, 51435, 1),
  (11436, 51436, 1),
  (11437, 51437, 1),
  (11438, 51438, 1),
  (11439, 51439, 1),
  (11440, 51440, 1),
  (11441, 51441, 1),
  (11442, 51442, 1),
  (11443, 51443, 1),
  (11444, 51444, 1),
  (11445, 51445, 1),
  (11446, 51446, 1),
  (11447, 51447, 1),
  (11448, 51448, 1),
  (11449, 51449, 1),
  (11450, 51450, 1),
  (11451, 51451, 1),
  (11452, 51452, 1),
  (11453, 51453, 1),
  (11454, 51454, 1),
  (11455, 51455, 1),
  (11456, 51456, 1),
  (11457, 51457, 1),
  (11458, 51458, 1),
  (11459, 51459, 1),
  (11460, 51460, 1),
  (11461, 51461, 1),
  (11462, 51462, 1),
  (11463, 51463, 1),
  (11464, 51464, 1),
  (11465, 51465, 1),
  (11466, 51466, 1),
  (11467, 51467, 1),
  (11468, 51468, 1),
  (11469, 51469, 1),
  (11470, 51470, 1),
  (11471, 51471, 1),
  (11472, 51472, 1),
  (11473, 51473, 1),
  (11474, 51474, 1),
  (11475, 51475, 1),
  (11476, 51476, 1),
  (11477, 51477, 1),
  (11478, 51478, 1),
  (11479, 51479, 1),
  (11480, 51480, 1),
  (11481, 51481, 1),
  (11482, 51482, 1),
  (11483, 51483, 1),
  (11484, 51484, 1),
  (11485, 51485, 1),
  (11486, 51486, 1),
  (11487, 51487, 1),
  (11488, 51488, 1),
  (11489, 51489, 1),
  (11490, 51490, 1),
  (11491, 51491, 1),
  (11492, 51492, 1),
  (11493, 51493, 1),
  (11494, 51494, 1),
  (11495, 51495, 1),
  (11496, 51496, 1),
  (11497, 51497, 1),
  (11498, 51498, 1),
  (11499, 51499, 1),
  (11500, 51500, 1),
  (11501, 51501, 1),
  (11502, 51502, 1),
  (11503, 51503, 1),
  (11504, 51504, 1),
  (11505, 51505, 1),
  (11506, 51506, 1),
  (11507, 51507, 1),
  (11508, 51508, 1),
  (11509, 51509, 1),
  (11510, 51510, 1),
  (11511, 51511, 1),
  (11512, 51512, 1),
  (11513, 51513, 1),
  (11514, 51514, 1),
  (11515, 51515, 1),
  (11516, 51516, 1),
  (11517, 51517, 1),
  (11518, 51518, 1),
  (11519, 51519, 1),
  (11520, 51520, 1),
  (11521, 51521, 1),
  (11522, 51522, 1),
  (11523, 51523, 1),
  (11524, 51524, 1),
  (11525, 51525, 1),
  (11526, 51526, 1),
  (11527, 51527, 1),
  (11528, 51528, 1),
  (11529, 51529, 1),
  (11530, 51530, 1),
  (11531, 51531, 1),
  (11532, 51532, 1),
  (11533, 51533, 1),
  (11534, 51534, 1),
  (11535, 51535, 1),
  (11536, 51536, 1),
  (11537, 51537, 1),
  (11538, 51538, 1),
  (11539, 51539, 1),
  (11540, 51540, 1),
  (11541, 51541, 1),
  (11542, 51542, 1),
  (11543, 51543, 1),
  (11544, 51544, 1),
  (11545, 51545, 1),
  (11546, 51546, 1),
  (11547, 51547, 1),
  (11548, 51548, 1),
  (11549, 51549, 1),
  (11550, 51550, 1),
  (11551, 51551, 1),
  (11552, 51552, 1),
  (11553, 51553, 1),
  (11554, 51554, 1),
  (11555, 51555, 1),
  (11556, 51556, 1),
  (11557, 51557, 1),
  (11558, 51558, 1),
  (11559, 51559, 1),
  (11560, 51560, 1),
  (11561, 51561, 1),
  (11562, 51562, 1),
  (11563, 51563, 1),
  (11564, 51564, 1),
  (11565, 51565, 1),
  (11566, 51566, 1),
  (11567, 51567, 1),
  (11568, 51568, 1),
  (11569, 51569, 1),
  (11570, 51570, 1),
  (11571, 51571, 1),
  (11572, 51572, 1)
ON CONFLICT (id) DO UPDATE SET
  person_id = EXCLUDED.person_id,
  source_system_id = EXCLUDED.source_system_id;

-- Link players to teams
INSERT INTO team_players (team_id, player_id, source_system_id) VALUES
  (1000, 10000, 1),
  (1000, 10001, 1),
  (1000, 10002, 1),
  (1000, 10003, 1),
  (1000, 10004, 1),
  (1000, 10005, 1),
  (1000, 10006, 1),
  (1000, 10007, 1),
  (1000, 10008, 1),
  (1000, 10009, 1),
  (1000, 10010, 1),
  (1000, 10011, 1),
  (1000, 10012, 1),
  (1000, 10013, 1),
  (1000, 10014, 1),
  (1000, 10015, 1),
  (1000, 10016, 1),
  (1000, 10017, 1),
  (1000, 10018, 1),
  (1000, 10019, 1),
  (1000, 10020, 1),
  (1000, 10021, 1),
  (1000, 10022, 1),
  (1000, 10023, 1),
  (1000, 10024, 1),
  (1000, 10025, 1),
  (1000, 10026, 1),
  (1000, 10027, 1),
  (1000, 10028, 1),
  (1000, 10029, 1),
  (1001, 10030, 1),
  (1001, 10031, 1),
  (1001, 10032, 1),
  (1001, 10033, 1),
  (1001, 10034, 1),
  (1001, 10035, 1),
  (1001, 10036, 1),
  (1001, 10037, 1),
  (1001, 10038, 1),
  (1001, 10039, 1),
  (1001, 10040, 1),
  (1001, 10041, 1),
  (1001, 10042, 1),
  (1001, 10043, 1),
  (1001, 10044, 1),
  (1001, 10045, 1),
  (1001, 10046, 1),
  (1001, 10047, 1),
  (1001, 10048, 1),
  (1001, 10049, 1),
  (1001, 10050, 1),
  (1001, 10051, 1),
  (1001, 10052, 1),
  (1001, 10053, 1),
  (1001, 10054, 1),
  (1001, 10055, 1),
  (1001, 10056, 1),
  (1001, 10057, 1),
  (1001, 10058, 1),
  (1001, 10059, 1),
  (1001, 10060, 1),
  (1001, 10061, 1),
  (1002, 10062, 1),
  (1002, 10063, 1),
  (1002, 10064, 1),
  (1002, 10065, 1),
  (1002, 10066, 1),
  (1002, 10067, 1),
  (1002, 10068, 1),
  (1002, 10069, 1),
  (1002, 10070, 1),
  (1002, 10071, 1),
  (1002, 10072, 1),
  (1002, 10073, 1),
  (1002, 10074, 1),
  (1002, 10075, 1),
  (1002, 10076, 1),
  (1002, 10077, 1),
  (1002, 10078, 1),
  (1002, 10079, 1),
  (1002, 10080, 1),
  (1002, 10081, 1),
  (1002, 10082, 1),
  (1002, 10083, 1),
  (1002, 10084, 1),
  (1002, 10085, 1),
  (1002, 10086, 1),
  (1002, 10087, 1),
  (1002, 10088, 1),
  (1002, 10089, 1),
  (1002, 10090, 1),
  (1002, 10091, 1),
  (1002, 10092, 1),
  (1002, 10093, 1),
  (1002, 10094, 1),
  (1002, 10095, 1),
  (1003, 10096, 1),
  (1003, 10097, 1),
  (1003, 10098, 1),
  (1003, 10099, 1),
  (1003, 10100, 1),
  (1003, 10101, 1),
  (1003, 10102, 1),
  (1003, 10103, 1),
  (1003, 10104, 1),
  (1003, 10105, 1),
  (1003, 10106, 1),
  (1003, 10107, 1),
  (1003, 10108, 1),
  (1003, 10109, 1),
  (1003, 10110, 1),
  (1003, 10111, 1),
  (1003, 10112, 1),
  (1003, 10113, 1),
  (1003, 10114, 1),
  (1003, 10115, 1),
  (1003, 10116, 1),
  (1003, 10117, 1),
  (1003, 10118, 1),
  (1003, 10119, 1),
  (1003, 10120, 1),
  (1003, 10121, 1),
  (1003, 10122, 1),
  (1003, 10123, 1),
  (1003, 10124, 1),
  (1003, 10125, 1),
  (1003, 10126, 1),
  (1003, 10127, 1),
  (1003, 10128, 1),
  (1004, 10129, 1),
  (1004, 10130, 1),
  (1004, 10131, 1),
  (1004, 10132, 1),
  (1004, 10133, 1),
  (1004, 10134, 1),
  (1004, 10135, 1),
  (1004, 10136, 1),
  (1004, 10137, 1),
  (1004, 10138, 1),
  (1004, 10139, 1),
  (1004, 10140, 1),
  (1004, 10141, 1),
  (1004, 10142, 1),
  (1004, 10143, 1),
  (1004, 10144, 1),
  (1004, 10145, 1),
  (1004, 10146, 1),
  (1004, 10147, 1),
  (1004, 10148, 1),
  (1004, 10149, 1),
  (1004, 10150, 1),
  (1004, 10151, 1),
  (1004, 10152, 1),
  (1004, 10153, 1),
  (1005, 10154, 1),
  (1005, 10155, 1),
  (1005, 10156, 1),
  (1005, 10157, 1),
  (1005, 10158, 1),
  (1005, 10159, 1),
  (1005, 10160, 1),
  (1005, 10161, 1),
  (1005, 10162, 1),
  (1005, 10163, 1),
  (1005, 10164, 1),
  (1005, 10165, 1),
  (1005, 10166, 1),
  (1005, 10167, 1),
  (1005, 10168, 1),
  (1005, 10169, 1),
  (1005, 10170, 1),
  (1005, 10171, 1),
  (1005, 10172, 1),
  (1005, 10173, 1),
  (1005, 10174, 1),
  (1005, 10175, 1),
  (1005, 10176, 1),
  (1005, 10177, 1),
  (1005, 10178, 1),
  (1005, 10179, 1),
  (1005, 10180, 1),
  (1005, 10181, 1),
  (1005, 10182, 1),
  (1006, 10183, 1),
  (1006, 10184, 1),
  (1006, 10185, 1),
  (1006, 10186, 1),
  (1006, 10187, 1),
  (1006, 10188, 1),
  (1006, 10189, 1),
  (1006, 10190, 1),
  (1006, 10191, 1),
  (1006, 10192, 1),
  (1006, 10193, 1),
  (1006, 10194, 1),
  (1006, 10195, 1),
  (1006, 10196, 1),
  (1006, 10197, 1),
  (1006, 10198, 1),
  (1006, 10199, 1),
  (1006, 10200, 1),
  (1006, 10201, 1),
  (1006, 10202, 1),
  (1006, 10203, 1),
  (1006, 10204, 1),
  (1006, 10205, 1),
  (1006, 10206, 1),
  (1006, 10207, 1),
  (1006, 10208, 1),
  (1006, 10209, 1),
  (1006, 10210, 1),
  (1006, 10211, 1),
  (1006, 10212, 1),
  (1006, 10213, 1),
  (1006, 10214, 1),
  (1006, 10215, 1),
  (1006, 10216, 1),
  (1006, 10217, 1),
  (1008, 10218, 1),
  (1008, 10219, 1),
  (1008, 10220, 1),
  (1008, 10221, 1),
  (1008, 10222, 1),
  (1008, 10223, 1),
  (1008, 10224, 1),
  (1008, 10225, 1),
  (1008, 10226, 1),
  (1008, 10227, 1),
  (1008, 10228, 1),
  (1008, 10229, 1),
  (1008, 10230, 1),
  (1008, 10231, 1),
  (1008, 10232, 1),
  (1008, 10233, 1),
  (1008, 10234, 1),
  (1008, 10235, 1),
  (1008, 10236, 1),
  (1008, 10237, 1),
  (1008, 10238, 1),
  (1008, 10239, 1),
  (1008, 10240, 1),
  (1008, 10241, 1),
  (1008, 10242, 1),
  (1008, 10243, 1),
  (1008, 10244, 1),
  (1008, 10245, 1),
  (1008, 10246, 1),
  (1008, 10247, 1),
  (1008, 10248, 1),
  (1009, 10249, 1),
  (1009, 10250, 1),
  (1009, 10251, 1),
  (1009, 10252, 1),
  (1009, 10253, 1),
  (1009, 10254, 1),
  (1009, 10255, 1),
  (1009, 10256, 1),
  (1009, 10257, 1),
  (1009, 10258, 1),
  (1009, 10259, 1),
  (1009, 10260, 1),
  (1009, 10261, 1),
  (1009, 10262, 1),
  (1009, 10263, 1),
  (1009, 10264, 1),
  (1009, 10265, 1),
  (1009, 10266, 1),
  (1009, 10267, 1),
  (1009, 10268, 1),
  (1009, 10269, 1),
  (1009, 10270, 1),
  (1009, 10271, 1),
  (1009, 10272, 1),
  (1009, 10273, 1),
  (1010, 10274, 1),
  (1010, 10275, 1),
  (1010, 10276, 1),
  (1010, 10277, 1),
  (1010, 10278, 1),
  (1010, 10279, 1),
  (1010, 10280, 1),
  (1010, 10281, 1),
  (1010, 10282, 1),
  (1010, 10283, 1),
  (1010, 10284, 1),
  (1010, 10285, 1),
  (1010, 10286, 1),
  (1010, 10287, 1),
  (1010, 10288, 1),
  (1010, 10289, 1),
  (1010, 10290, 1),
  (1010, 10291, 1),
  (1010, 10292, 1),
  (1010, 10293, 1),
  (1010, 10294, 1),
  (1010, 10295, 1),
  (1010, 10296, 1),
  (1010, 10297, 1),
  (1010, 10298, 1),
  (1010, 10299, 1),
  (1010, 10300, 1),
  (1011, 10301, 1),
  (1011, 10302, 1),
  (1011, 10303, 1),
  (1011, 10304, 1),
  (1011, 10305, 1),
  (1011, 10306, 1),
  (1011, 10307, 1),
  (1011, 10308, 1),
  (1011, 10309, 1),
  (1011, 10310, 1),
  (1011, 10311, 1),
  (1011, 10312, 1),
  (1011, 10313, 1),
  (1011, 10314, 1),
  (1011, 10315, 1),
  (1011, 10316, 1),
  (1011, 10317, 1),
  (1011, 10318, 1),
  (1011, 10319, 1),
  (1011, 10320, 1),
  (1011, 10321, 1),
  (1011, 10322, 1),
  (1011, 10323, 1),
  (1011, 10324, 1),
  (1011, 10325, 1),
  (1011, 10326, 1),
  (1011, 10327, 1),
  (1011, 10328, 1),
  (1011, 10329, 1),
  (1011, 10330, 1),
  (1011, 10331, 1),
  (1011, 10332, 1),
  (1012, 10333, 1),
  (1012, 10334, 1),
  (1012, 10335, 1),
  (1012, 10336, 1),
  (1012, 10337, 1),
  (1012, 10338, 1),
  (1012, 10339, 1),
  (1012, 10340, 1),
  (1012, 10341, 1),
  (1012, 10342, 1),
  (1012, 10343, 1),
  (1012, 10344, 1),
  (1012, 10345, 1),
  (1012, 10346, 1),
  (1012, 10347, 1),
  (1012, 10348, 1),
  (1012, 10349, 1),
  (1012, 10350, 1),
  (1012, 10351, 1),
  (1012, 10352, 1),
  (1012, 10353, 1),
  (1012, 10354, 1),
  (1012, 10355, 1),
  (1012, 10356, 1),
  (1012, 10357, 1),
  (1012, 10358, 1),
  (1012, 10359, 1),
  (1012, 10360, 1),
  (1012, 10361, 1),
  (1012, 10362, 1),
  (1012, 10363, 1),
  (1012, 10364, 1),
  (1012, 10365, 1),
  (1012, 10366, 1),
  (1012, 10367, 1),
  (1013, 10368, 1),
  (1013, 10369, 1),
  (1013, 10370, 1),
  (1013, 10371, 1),
  (1013, 10372, 1),
  (1013, 10373, 1),
  (1013, 10374, 1),
  (1013, 10375, 1),
  (1013, 10376, 1),
  (1013, 10377, 1),
  (1013, 10378, 1),
  (1013, 10379, 1),
  (1013, 10380, 1),
  (1013, 10381, 1),
  (1013, 10382, 1),
  (1013, 10383, 1),
  (1013, 10384, 1),
  (1013, 10385, 1),
  (1013, 10386, 1),
  (1013, 10387, 1),
  (1013, 10388, 1),
  (1013, 10389, 1),
  (1013, 10390, 1),
  (1013, 10391, 1),
  (1013, 10392, 1),
  (1013, 10393, 1),
  (1013, 10394, 1),
  (1013, 10395, 1),
  (1013, 10396, 1),
  (1013, 10397, 1),
  (1013, 10398, 1),
  (1013, 10399, 1),
  (1013, 10400, 1),
  (1013, 10401, 1),
  (1013, 10402, 1),
  (1014, 10403, 1),
  (1014, 10404, 1),
  (1014, 10405, 1),
  (1014, 10406, 1),
  (1014, 10407, 1),
  (1014, 10408, 1),
  (1014, 10409, 1),
  (1014, 10410, 1),
  (1014, 10411, 1),
  (1014, 10412, 1),
  (1014, 10413, 1),
  (1014, 10414, 1),
  (1014, 10415, 1),
  (1014, 10416, 1),
  (1014, 10417, 1),
  (1014, 10418, 1),
  (1014, 10419, 1),
  (1014, 10420, 1),
  (1014, 10421, 1),
  (1014, 10422, 1),
  (1014, 10423, 1),
  (1014, 10424, 1),
  (1014, 10425, 1),
  (1014, 10426, 1),
  (1014, 10427, 1),
  (1014, 10428, 1),
  (1014, 10429, 1),
  (1014, 10430, 1),
  (1014, 10431, 1),
  (1014, 10432, 1),
  (1014, 10433, 1),
  (1014, 10434, 1),
  (1014, 10435, 1),
  (1014, 10436, 1),
  (1015, 10437, 1),
  (1015, 10438, 1),
  (1015, 10439, 1),
  (1015, 10440, 1),
  (1015, 10441, 1),
  (1015, 10442, 1),
  (1015, 10443, 1),
  (1015, 10444, 1),
  (1015, 10445, 1),
  (1015, 10446, 1),
  (1015, 10447, 1),
  (1015, 10448, 1),
  (1015, 10449, 1),
  (1015, 10450, 1),
  (1015, 10451, 1),
  (1015, 10452, 1),
  (1015, 10453, 1),
  (1015, 10454, 1),
  (1015, 10455, 1),
  (1015, 10456, 1),
  (1015, 10457, 1),
  (1015, 10458, 1),
  (1015, 10459, 1),
  (1015, 10460, 1),
  (1015, 10461, 1),
  (1015, 10462, 1),
  (1015, 10463, 1),
  (1015, 10464, 1),
  (1015, 10465, 1),
  (1015, 10466, 1),
  (1015, 10467, 1),
  (1015, 10468, 1),
  (1015, 10469, 1),
  (1015, 10470, 1),
  (1016, 10471, 1),
  (1016, 10472, 1),
  (1016, 10473, 1),
  (1016, 10474, 1),
  (1016, 10475, 1),
  (1016, 10476, 1),
  (1016, 10477, 1),
  (1016, 10478, 1),
  (1016, 10479, 1),
  (1016, 10480, 1),
  (1016, 10481, 1),
  (1016, 10482, 1),
  (1016, 10483, 1),
  (1016, 10484, 1),
  (1016, 10485, 1),
  (1016, 10486, 1),
  (1016, 10487, 1),
  (1016, 10488, 1),
  (1016, 10489, 1),
  (1016, 10490, 1),
  (1016, 10491, 1),
  (1016, 10492, 1),
  (1016, 10493, 1),
  (1016, 10494, 1),
  (1016, 10495, 1),
  (1016, 10496, 1),
  (1016, 10497, 1),
  (1016, 10498, 1),
  (1016, 10499, 1),
  (1016, 10500, 1),
  (1016, 10501, 1),
  (1016, 10502, 1),
  (1016, 10503, 1),
  (1016, 10504, 1),
  (1016, 10505, 1),
  (1017, 10506, 1),
  (1017, 10507, 1),
  (1017, 10508, 1),
  (1017, 10509, 1),
  (1017, 10510, 1),
  (1017, 10511, 1),
  (1017, 10512, 1),
  (1017, 10513, 1),
  (1017, 10514, 1),
  (1017, 10515, 1),
  (1017, 10516, 1),
  (1017, 10517, 1),
  (1017, 10518, 1),
  (1017, 10519, 1),
  (1017, 10520, 1),
  (1017, 10521, 1),
  (1017, 10522, 1),
  (1017, 10523, 1),
  (1017, 10524, 1),
  (1017, 10525, 1),
  (1017, 10526, 1),
  (1017, 10527, 1),
  (1017, 10528, 1),
  (1017, 10529, 1),
  (1017, 10530, 1),
  (1017, 10531, 1),
  (1017, 10532, 1),
  (1017, 10533, 1),
  (1017, 10534, 1),
  (1017, 10535, 1),
  (1017, 10536, 1),
  (1017, 10537, 1),
  (1017, 10538, 1),
  (1017, 10539, 1),
  (1018, 10540, 1),
  (1018, 10541, 1),
  (1018, 10542, 1),
  (1018, 10543, 1),
  (1018, 10544, 1),
  (1018, 10545, 1),
  (1018, 10546, 1),
  (1018, 10547, 1),
  (1018, 10548, 1),
  (1018, 10549, 1),
  (1018, 10550, 1),
  (1018, 10551, 1),
  (1018, 10552, 1),
  (1018, 10553, 1),
  (1018, 10554, 1),
  (1018, 10555, 1),
  (1018, 10556, 1),
  (1018, 10557, 1),
  (1018, 10558, 1),
  (1018, 10559, 1),
  (1018, 10560, 1),
  (1018, 10561, 1),
  (1018, 10562, 1),
  (1018, 10563, 1),
  (1018, 10564, 1),
  (1018, 10565, 1),
  (1018, 10566, 1),
  (1018, 10567, 1),
  (1019, 10568, 1),
  (1019, 10569, 1),
  (1019, 10570, 1),
  (1019, 10571, 1),
  (1019, 10572, 1),
  (1019, 10573, 1),
  (1019, 10574, 1),
  (1019, 10575, 1),
  (1019, 10576, 1),
  (1019, 10577, 1),
  (1019, 10578, 1),
  (1019, 10579, 1),
  (1019, 10580, 1),
  (1019, 10581, 1),
  (1019, 10582, 1),
  (1019, 10583, 1),
  (1019, 10584, 1),
  (1019, 10585, 1),
  (1019, 10586, 1),
  (1019, 10587, 1),
  (1019, 10588, 1),
  (1019, 10589, 1),
  (1019, 10590, 1),
  (1019, 10591, 1),
  (1019, 10592, 1),
  (1019, 10593, 1),
  (1019, 10594, 1),
  (1019, 10595, 1),
  (1019, 10596, 1),
  (1019, 10597, 1),
  (1019, 10598, 1),
  (1019, 10599, 1),
  (1019, 10600, 1),
  (1019, 10601, 1),
  (1019, 10602, 1),
  (1020, 10603, 1),
  (1020, 10604, 1),
  (1020, 10605, 1),
  (1020, 10606, 1),
  (1020, 10607, 1),
  (1020, 10608, 1),
  (1020, 10609, 1),
  (1020, 10610, 1),
  (1020, 10611, 1),
  (1020, 10612, 1),
  (1020, 10613, 1),
  (1020, 10614, 1),
  (1020, 10615, 1),
  (1020, 10616, 1),
  (1020, 10617, 1),
  (1020, 10618, 1),
  (1020, 10619, 1),
  (1020, 10620, 1),
  (1020, 10621, 1),
  (1020, 10622, 1),
  (1020, 10623, 1),
  (1020, 10624, 1),
  (1020, 10625, 1),
  (1020, 10626, 1),
  (1020, 10627, 1),
  (1020, 10628, 1),
  (1020, 10629, 1),
  (1020, 10630, 1),
  (1020, 10631, 1),
  (1020, 10632, 1),
  (1020, 10633, 1),
  (1021, 10634, 1),
  (1021, 10635, 1),
  (1021, 10636, 1),
  (1021, 10637, 1),
  (1021, 10638, 1),
  (1021, 10639, 1),
  (1021, 10640, 1),
  (1021, 10641, 1),
  (1021, 10642, 1),
  (1021, 10643, 1),
  (1021, 10644, 1),
  (1021, 10645, 1),
  (1021, 10646, 1),
  (1021, 10647, 1),
  (1021, 10648, 1),
  (1021, 10649, 1),
  (1021, 10650, 1),
  (1021, 10651, 1),
  (1021, 10652, 1),
  (1021, 10653, 1),
  (1021, 10654, 1),
  (1021, 10655, 1),
  (1021, 10656, 1),
  (1021, 10657, 1),
  (1021, 10658, 1),
  (1021, 10659, 1),
  (1021, 10660, 1),
  (1021, 10661, 1),
  (1021, 10662, 1),
  (1021, 10663, 1),
  (1022, 10664, 1),
  (1022, 10665, 1),
  (1022, 10666, 1),
  (1022, 10667, 1),
  (1022, 10668, 1),
  (1022, 10669, 1),
  (1022, 10670, 1),
  (1022, 10671, 1),
  (1022, 10672, 1),
  (1022, 10673, 1),
  (1022, 10674, 1),
  (1022, 10675, 1),
  (1022, 10676, 1),
  (1022, 10677, 1),
  (1022, 10678, 1),
  (1022, 10679, 1),
  (1022, 10680, 1),
  (1022, 10681, 1),
  (1022, 10682, 1),
  (1022, 10683, 1),
  (1022, 10684, 1),
  (1022, 10685, 1),
  (1022, 10686, 1),
  (1022, 10687, 1),
  (1022, 10688, 1),
  (1022, 10689, 1),
  (1022, 10690, 1),
  (1022, 10691, 1),
  (1022, 10692, 1),
  (1022, 10693, 1),
  (1022, 10694, 1),
  (1022, 10695, 1),
  (1022, 10696, 1),
  (1023, 10697, 1),
  (1023, 10698, 1),
  (1023, 10699, 1),
  (1023, 10700, 1),
  (1023, 10701, 1),
  (1023, 10702, 1),
  (1023, 10703, 1),
  (1023, 10704, 1),
  (1023, 10705, 1),
  (1023, 10706, 1),
  (1023, 10707, 1),
  (1023, 10708, 1),
  (1023, 10709, 1),
  (1023, 10710, 1),
  (1023, 10711, 1),
  (1023, 10712, 1),
  (1023, 10713, 1),
  (1023, 10714, 1),
  (1023, 10715, 1),
  (1023, 10716, 1),
  (1023, 10717, 1),
  (1023, 10718, 1),
  (1023, 10719, 1),
  (1023, 10720, 1),
  (1023, 10721, 1),
  (1023, 10722, 1),
  (1023, 10723, 1),
  (1023, 10724, 1),
  (1023, 10725, 1),
  (1023, 10726, 1),
  (1023, 10727, 1),
  (1023, 10728, 1),
  (1023, 10729, 1),
  (1023, 10730, 1),
  (1023, 10731, 1),
  (1024, 10732, 1),
  (1024, 10733, 1),
  (1024, 10734, 1),
  (1024, 10735, 1),
  (1024, 10736, 1),
  (1024, 10737, 1),
  (1024, 10738, 1),
  (1024, 10739, 1),
  (1024, 10740, 1),
  (1024, 10741, 1),
  (1024, 10742, 1),
  (1024, 10743, 1),
  (1024, 10744, 1),
  (1024, 10745, 1),
  (1024, 10746, 1),
  (1024, 10747, 1),
  (1024, 10748, 1),
  (1024, 10749, 1),
  (1024, 10750, 1),
  (1024, 10751, 1),
  (1024, 10752, 1),
  (1024, 10753, 1),
  (1024, 10754, 1),
  (1024, 10755, 1),
  (1024, 10756, 1),
  (1024, 10757, 1),
  (1024, 10758, 1),
  (1024, 10759, 1),
  (1024, 10760, 1),
  (1024, 10761, 1),
  (1024, 10762, 1),
  (1024, 10763, 1),
  (1024, 10764, 1),
  (1024, 10765, 1),
  (1024, 10766, 1),
  (1025, 10767, 1),
  (1025, 10768, 1),
  (1025, 10769, 1),
  (1025, 10770, 1),
  (1025, 10771, 1),
  (1025, 10772, 1),
  (1025, 10773, 1),
  (1025, 10774, 1),
  (1025, 10775, 1),
  (1025, 10776, 1),
  (1025, 10777, 1),
  (1025, 10778, 1),
  (1025, 10779, 1),
  (1025, 10780, 1),
  (1025, 10781, 1),
  (1025, 10782, 1),
  (1025, 10783, 1),
  (1025, 10784, 1),
  (1025, 10785, 1),
  (1025, 10786, 1),
  (1025, 10787, 1),
  (1025, 10788, 1),
  (1025, 10789, 1),
  (1025, 10790, 1),
  (1025, 10791, 1),
  (1025, 10792, 1),
  (1025, 10793, 1),
  (1025, 10794, 1),
  (1025, 10795, 1),
  (1025, 10796, 1),
  (1025, 10797, 1),
  (1025, 10798, 1),
  (1025, 10799, 1),
  (1025, 10800, 1),
  (1025, 10801, 1),
  (1026, 10802, 1),
  (1026, 10803, 1),
  (1026, 10804, 1),
  (1026, 10805, 1),
  (1026, 10806, 1),
  (1026, 10807, 1),
  (1026, 10808, 1),
  (1026, 10809, 1),
  (1026, 10810, 1),
  (1026, 10811, 1),
  (1026, 10812, 1),
  (1026, 10813, 1),
  (1026, 10814, 1),
  (1026, 10815, 1),
  (1026, 10816, 1),
  (1026, 10817, 1),
  (1026, 10818, 1),
  (1026, 10819, 1),
  (1026, 10820, 1),
  (1026, 10821, 1),
  (1026, 10822, 1),
  (1026, 10823, 1),
  (1026, 10824, 1),
  (1026, 10825, 1),
  (1026, 10826, 1),
  (1026, 10827, 1),
  (1026, 10828, 1),
  (1026, 10829, 1),
  (1026, 10830, 1),
  (1026, 10831, 1),
  (1026, 10832, 1),
  (1026, 10833, 1),
  (1026, 10834, 1),
  (1026, 10835, 1),
  (1027, 10836, 1),
  (1027, 10837, 1),
  (1027, 10838, 1),
  (1027, 10839, 1),
  (1027, 10840, 1),
  (1027, 10841, 1),
  (1027, 10842, 1),
  (1027, 10843, 1),
  (1027, 10844, 1),
  (1027, 10845, 1),
  (1027, 10846, 1),
  (1027, 10847, 1),
  (1027, 10848, 1),
  (1027, 10849, 1),
  (1027, 10850, 1),
  (1027, 10851, 1),
  (1027, 10852, 1),
  (1027, 10853, 1),
  (1027, 10854, 1),
  (1027, 10855, 1),
  (1027, 10856, 1),
  (1027, 10857, 1),
  (1027, 10858, 1),
  (1027, 10859, 1),
  (1027, 10860, 1),
  (1028, 10861, 1),
  (1028, 10862, 1),
  (1028, 10863, 1),
  (1028, 10864, 1),
  (1028, 10865, 1),
  (1028, 10866, 1),
  (1028, 10867, 1),
  (1028, 10868, 1),
  (1028, 10869, 1),
  (1028, 10870, 1),
  (1028, 10871, 1),
  (1028, 10872, 1),
  (1028, 10873, 1),
  (1028, 10874, 1),
  (1028, 10875, 1),
  (1028, 10876, 1),
  (1028, 10877, 1),
  (1028, 10878, 1),
  (1028, 10879, 1),
  (1028, 10880, 1),
  (1028, 10881, 1),
  (1028, 10882, 1),
  (1028, 10883, 1),
  (1028, 10884, 1),
  (1028, 10885, 1),
  (1028, 10886, 1),
  (1028, 10887, 1),
  (1028, 10888, 1),
  (1028, 10889, 1),
  (1028, 10890, 1),
  (1028, 10891, 1),
  (1028, 10892, 1),
  (1028, 10893, 1),
  (1028, 10894, 1),
  (1029, 10895, 1),
  (1029, 10896, 1),
  (1029, 10897, 1),
  (1029, 10898, 1),
  (1029, 10899, 1),
  (1029, 10900, 1),
  (1029, 10901, 1),
  (1029, 10902, 1),
  (1029, 10903, 1),
  (1029, 10904, 1),
  (1029, 10905, 1),
  (1029, 10906, 1),
  (1029, 10907, 1),
  (1029, 10908, 1),
  (1029, 10909, 1),
  (1029, 10910, 1),
  (1029, 10911, 1),
  (1029, 10912, 1),
  (1029, 10913, 1),
  (1029, 10914, 1),
  (1029, 10915, 1),
  (1029, 10916, 1),
  (1029, 10917, 1),
  (1029, 10918, 1),
  (1029, 10919, 1),
  (1030, 10920, 1),
  (1030, 10921, 1),
  (1030, 10922, 1),
  (1030, 10923, 1),
  (1030, 10924, 1),
  (1030, 10925, 1),
  (1030, 10926, 1),
  (1030, 10927, 1),
  (1030, 10928, 1),
  (1030, 10929, 1),
  (1030, 10930, 1),
  (1030, 10931, 1),
  (1030, 10932, 1),
  (1030, 10933, 1),
  (1030, 10934, 1),
  (1030, 10935, 1),
  (1030, 10936, 1),
  (1030, 10937, 1),
  (1030, 10938, 1),
  (1030, 10939, 1),
  (1030, 10940, 1),
  (1030, 10941, 1),
  (1030, 10942, 1),
  (1030, 10943, 1),
  (1030, 10944, 1),
  (1030, 10945, 1),
  (1030, 10946, 1),
  (1030, 10947, 1),
  (1030, 10948, 1),
  (1031, 10949, 1),
  (1031, 10950, 1),
  (1031, 10951, 1),
  (1031, 10952, 1),
  (1031, 10953, 1),
  (1031, 10954, 1),
  (1031, 10955, 1),
  (1031, 10956, 1),
  (1031, 10957, 1),
  (1031, 10958, 1),
  (1031, 10959, 1),
  (1031, 10960, 1),
  (1031, 10961, 1),
  (1031, 10962, 1),
  (1031, 10963, 1),
  (1031, 10964, 1),
  (1031, 10965, 1),
  (1031, 10966, 1),
  (1031, 10967, 1),
  (1031, 10968, 1),
  (1031, 10969, 1),
  (1031, 10970, 1),
  (1031, 10971, 1),
  (1031, 10972, 1),
  (1031, 10973, 1),
  (1031, 10974, 1),
  (1031, 10975, 1),
  (1031, 10976, 1),
  (1031, 10977, 1),
  (1031, 10978, 1),
  (1031, 10979, 1),
  (1031, 10980, 1),
  (1031, 10981, 1),
  (1031, 10982, 1),
  (1031, 10983, 1),
  (1032, 10984, 1),
  (1032, 10985, 1),
  (1032, 10986, 1),
  (1032, 10987, 1),
  (1032, 10988, 1),
  (1032, 10989, 1),
  (1032, 10990, 1),
  (1032, 10991, 1),
  (1032, 10992, 1),
  (1032, 10993, 1),
  (1032, 10994, 1),
  (1032, 10995, 1),
  (1032, 10996, 1),
  (1032, 10997, 1),
  (1032, 10998, 1),
  (1032, 10999, 1),
  (1032, 11000, 1),
  (1032, 11001, 1),
  (1032, 11002, 1),
  (1032, 11003, 1),
  (1032, 11004, 1),
  (1032, 11005, 1),
  (1032, 11006, 1),
  (1032, 11007, 1),
  (1032, 11008, 1),
  (1032, 11009, 1),
  (1032, 11010, 1),
  (1032, 11011, 1),
  (1033, 11012, 1),
  (1033, 11013, 1),
  (1033, 11014, 1),
  (1033, 11015, 1),
  (1033, 11016, 1),
  (1033, 11017, 1),
  (1033, 11018, 1),
  (1033, 11019, 1),
  (1033, 11020, 1),
  (1033, 11021, 1),
  (1033, 11022, 1),
  (1033, 11023, 1),
  (1033, 11024, 1),
  (1033, 11025, 1),
  (1033, 11026, 1),
  (1033, 11027, 1),
  (1033, 11028, 1),
  (1033, 11029, 1),
  (1033, 11030, 1),
  (1033, 11031, 1),
  (1033, 11032, 1),
  (1033, 11033, 1),
  (1033, 11034, 1),
  (1033, 11035, 1),
  (1034, 11036, 1),
  (1034, 11037, 1),
  (1034, 11038, 1),
  (1034, 11039, 1),
  (1034, 11040, 1),
  (1034, 11041, 1),
  (1034, 11042, 1),
  (1034, 11043, 1),
  (1034, 11044, 1),
  (1034, 11045, 1),
  (1034, 11046, 1),
  (1034, 11047, 1),
  (1034, 11048, 1),
  (1034, 11049, 1),
  (1034, 11050, 1),
  (1034, 11051, 1),
  (1034, 11052, 1),
  (1034, 11053, 1),
  (1034, 11054, 1),
  (1034, 11055, 1),
  (1034, 11056, 1),
  (1034, 11057, 1),
  (1034, 11058, 1),
  (1034, 11059, 1),
  (1034, 11060, 1),
  (1034, 11061, 1),
  (1034, 11062, 1),
  (1034, 11063, 1),
  (1034, 11064, 1),
  (1034, 11065, 1),
  (1034, 11066, 1),
  (1034, 11067, 1),
  (1034, 11068, 1),
  (1034, 11069, 1),
  (1035, 11070, 1),
  (1035, 11071, 1),
  (1035, 11072, 1),
  (1035, 11073, 1),
  (1035, 11074, 1),
  (1035, 11075, 1),
  (1035, 11076, 1),
  (1035, 11077, 1),
  (1035, 11078, 1),
  (1035, 11079, 1),
  (1035, 11080, 1),
  (1035, 11081, 1),
  (1035, 11082, 1),
  (1035, 11083, 1),
  (1035, 11084, 1),
  (1035, 11085, 1),
  (1035, 11086, 1),
  (1035, 11087, 1),
  (1035, 11088, 1),
  (1035, 11089, 1),
  (1035, 11090, 1),
  (1035, 11091, 1),
  (1035, 11092, 1),
  (1035, 11093, 1),
  (1035, 11094, 1),
  (1035, 11095, 1),
  (1035, 11096, 1),
  (1035, 11097, 1),
  (1036, 11098, 1),
  (1036, 11099, 1),
  (1036, 11100, 1),
  (1036, 11101, 1),
  (1036, 11102, 1),
  (1036, 11103, 1),
  (1036, 11104, 1),
  (1036, 11105, 1),
  (1036, 11106, 1),
  (1036, 11107, 1),
  (1036, 11108, 1),
  (1036, 11109, 1),
  (1036, 11110, 1),
  (1036, 11111, 1),
  (1036, 11112, 1),
  (1036, 11113, 1),
  (1036, 11114, 1),
  (1036, 11115, 1),
  (1036, 11116, 1),
  (1036, 11117, 1),
  (1036, 11118, 1),
  (1036, 11119, 1),
  (1036, 11120, 1),
  (1036, 11121, 1),
  (1036, 11122, 1),
  (1036, 11123, 1),
  (1036, 11124, 1),
  (1036, 11125, 1),
  (1037, 11126, 1),
  (1037, 11127, 1),
  (1037, 11128, 1),
  (1037, 11129, 1),
  (1037, 11130, 1),
  (1037, 11131, 1),
  (1037, 11132, 1),
  (1037, 11133, 1),
  (1037, 11134, 1),
  (1037, 11135, 1),
  (1037, 11136, 1),
  (1037, 11137, 1),
  (1037, 11138, 1),
  (1037, 11139, 1),
  (1037, 11140, 1),
  (1037, 11141, 1),
  (1037, 11142, 1),
  (1037, 11143, 1),
  (1037, 11144, 1),
  (1037, 11145, 1),
  (1037, 11146, 1),
  (1037, 11147, 1),
  (1037, 11148, 1),
  (1037, 11149, 1),
  (1037, 11150, 1),
  (1037, 11151, 1),
  (1037, 11152, 1),
  (1037, 11153, 1),
  (1037, 11154, 1),
  (1037, 11155, 1),
  (1037, 11156, 1),
  (1037, 11157, 1),
  (1037, 11158, 1),
  (1037, 11159, 1),
  (1037, 11160, 1),
  (1038, 11161, 1),
  (1038, 11162, 1),
  (1038, 11163, 1),
  (1038, 11164, 1),
  (1038, 11165, 1),
  (1038, 11166, 1),
  (1038, 11167, 1),
  (1038, 11168, 1),
  (1038, 11169, 1),
  (1038, 11170, 1),
  (1038, 11171, 1),
  (1038, 11172, 1),
  (1038, 11173, 1),
  (1038, 11174, 1),
  (1038, 11175, 1),
  (1038, 11176, 1),
  (1038, 11177, 1),
  (1038, 11178, 1),
  (1038, 11179, 1),
  (1038, 11180, 1),
  (1038, 11181, 1),
  (1038, 11182, 1),
  (1038, 11183, 1),
  (1038, 11184, 1),
  (1038, 11185, 1),
  (1038, 11186, 1),
  (1038, 11187, 1),
  (1038, 11188, 1),
  (1038, 11189, 1),
  (1038, 11190, 1),
  (1038, 11191, 1),
  (1038, 11192, 1),
  (1038, 11193, 1),
  (1038, 11194, 1),
  (1039, 11195, 1),
  (1039, 11196, 1),
  (1039, 11197, 1),
  (1039, 11198, 1),
  (1039, 11199, 1),
  (1039, 11200, 1),
  (1039, 11201, 1),
  (1039, 11202, 1),
  (1039, 11203, 1),
  (1039, 11204, 1),
  (1039, 11205, 1),
  (1039, 11206, 1),
  (1039, 11207, 1),
  (1039, 11208, 1),
  (1039, 11209, 1),
  (1039, 11210, 1),
  (1039, 11211, 1),
  (1039, 11212, 1),
  (1039, 11213, 1),
  (1039, 11214, 1),
  (1039, 11215, 1),
  (1039, 11216, 1),
  (1039, 11217, 1),
  (1039, 11218, 1),
  (1039, 11219, 1),
  (1039, 11220, 1),
  (1040, 11221, 1),
  (1040, 11222, 1),
  (1040, 11223, 1),
  (1040, 11224, 1),
  (1040, 11225, 1),
  (1040, 11226, 1),
  (1040, 11227, 1),
  (1040, 11228, 1),
  (1040, 11229, 1),
  (1040, 11230, 1),
  (1040, 11231, 1),
  (1040, 11232, 1),
  (1040, 11233, 1),
  (1040, 11234, 1),
  (1040, 11235, 1),
  (1040, 11236, 1),
  (1040, 11237, 1),
  (1040, 11238, 1),
  (1040, 11239, 1),
  (1040, 11240, 1),
  (1040, 11241, 1),
  (1040, 11242, 1),
  (1040, 11243, 1),
  (1040, 11244, 1),
  (1040, 11245, 1),
  (1040, 11246, 1),
  (1040, 11247, 1),
  (1040, 11248, 1),
  (1040, 11249, 1),
  (1040, 11250, 1),
  (1040, 11251, 1),
  (1040, 11252, 1),
  (1040, 11253, 1),
  (1040, 11254, 1),
  (1040, 11255, 1),
  (1041, 11256, 1),
  (1041, 11257, 1),
  (1041, 11258, 1),
  (1041, 11259, 1),
  (1041, 11260, 1),
  (1041, 11261, 1),
  (1041, 11262, 1),
  (1041, 11263, 1),
  (1041, 11264, 1),
  (1041, 11265, 1),
  (1041, 11266, 1),
  (1041, 11267, 1),
  (1041, 11268, 1),
  (1041, 11269, 1),
  (1041, 11270, 1),
  (1041, 11271, 1),
  (1041, 11272, 1),
  (1041, 11273, 1),
  (1041, 11274, 1),
  (1041, 11275, 1),
  (1041, 11276, 1),
  (1041, 11277, 1),
  (1041, 11278, 1),
  (1041, 11279, 1),
  (1041, 11280, 1),
  (1041, 11281, 1),
  (1041, 11282, 1),
  (1041, 11283, 1),
  (1041, 11284, 1),
  (1041, 11285, 1),
  (1041, 11286, 1),
  (1042, 11287, 1),
  (1042, 11288, 1),
  (1042, 11289, 1),
  (1042, 11290, 1),
  (1042, 11291, 1),
  (1042, 11292, 1),
  (1042, 11293, 1),
  (1042, 11294, 1),
  (1042, 11295, 1),
  (1042, 11296, 1),
  (1042, 11297, 1),
  (1042, 11298, 1),
  (1042, 11299, 1),
  (1042, 11300, 1),
  (1042, 11301, 1),
  (1042, 11302, 1),
  (1042, 11303, 1),
  (1042, 11304, 1),
  (1042, 11305, 1),
  (1042, 11306, 1),
  (1042, 11307, 1),
  (1042, 11308, 1),
  (1042, 11309, 1),
  (1042, 11310, 1),
  (1042, 11311, 1),
  (1042, 11312, 1),
  (1042, 11313, 1),
  (1042, 11314, 1),
  (1042, 11315, 1),
  (1042, 11316, 1),
  (1042, 11317, 1),
  (1042, 11318, 1),
  (1043, 11319, 1),
  (1043, 11320, 1),
  (1043, 11321, 1),
  (1043, 11322, 1),
  (1043, 11323, 1),
  (1043, 11324, 1),
  (1043, 11325, 1),
  (1043, 11326, 1),
  (1043, 11327, 1),
  (1043, 11328, 1),
  (1043, 11329, 1),
  (1043, 11330, 1),
  (1043, 11331, 1),
  (1043, 11332, 1),
  (1043, 11333, 1),
  (1043, 11334, 1),
  (1043, 11335, 1),
  (1043, 11336, 1),
  (1043, 11337, 1),
  (1043, 11338, 1),
  (1043, 11339, 1),
  (1043, 11340, 1),
  (1043, 11341, 1),
  (1043, 11342, 1),
  (1043, 11343, 1),
  (1043, 11344, 1),
  (1043, 11345, 1),
  (1043, 11346, 1),
  (1044, 11347, 1),
  (1044, 11348, 1),
  (1044, 11349, 1),
  (1044, 11350, 1),
  (1044, 11351, 1),
  (1044, 11352, 1),
  (1044, 11353, 1),
  (1044, 11354, 1),
  (1044, 11355, 1),
  (1044, 11356, 1),
  (1044, 11357, 1),
  (1044, 11358, 1),
  (1044, 11359, 1),
  (1044, 11360, 1),
  (1044, 11361, 1),
  (1044, 11362, 1),
  (1044, 11363, 1),
  (1044, 11364, 1),
  (1044, 11365, 1),
  (1044, 11366, 1),
  (1044, 11367, 1),
  (1044, 11368, 1),
  (1044, 11369, 1),
  (1044, 11370, 1),
  (1044, 11371, 1),
  (1044, 11372, 1),
  (1045, 11373, 1),
  (1045, 11374, 1),
  (1045, 11375, 1),
  (1045, 11376, 1),
  (1045, 11377, 1),
  (1045, 11378, 1),
  (1045, 11379, 1),
  (1045, 11380, 1),
  (1045, 11381, 1),
  (1045, 11382, 1),
  (1045, 11383, 1),
  (1045, 11384, 1),
  (1045, 11385, 1),
  (1045, 11386, 1),
  (1045, 11387, 1),
  (1045, 11388, 1),
  (1045, 11389, 1),
  (1045, 11390, 1),
  (1045, 11391, 1),
  (1045, 11392, 1),
  (1045, 11393, 1),
  (1045, 11394, 1),
  (1045, 11395, 1),
  (1045, 11396, 1),
  (1045, 11397, 1),
  (1045, 11398, 1),
  (1045, 11399, 1),
  (1046, 11400, 1),
  (1046, 11401, 1),
  (1046, 11402, 1),
  (1046, 11403, 1),
  (1046, 11404, 1),
  (1046, 11405, 1),
  (1046, 11406, 1),
  (1046, 11407, 1),
  (1046, 11408, 1),
  (1046, 11409, 1),
  (1046, 11410, 1),
  (1046, 11411, 1),
  (1046, 11412, 1),
  (1046, 11413, 1),
  (1046, 11414, 1),
  (1046, 11415, 1),
  (1046, 11416, 1),
  (1046, 11417, 1),
  (1046, 11418, 1),
  (1046, 11419, 1),
  (1046, 11420, 1),
  (1046, 11421, 1),
  (1046, 11422, 1),
  (1046, 11423, 1),
  (1046, 11424, 1),
  (1046, 11425, 1),
  (1046, 11426, 1),
  (1046, 11427, 1),
  (1046, 11428, 1),
  (1046, 11429, 1),
  (1047, 11430, 1),
  (1047, 11431, 1),
  (1047, 11432, 1),
  (1047, 11433, 1),
  (1047, 11434, 1),
  (1047, 11435, 1),
  (1047, 11436, 1),
  (1047, 11437, 1),
  (1047, 11438, 1),
  (1047, 11439, 1),
  (1047, 11440, 1),
  (1047, 11441, 1),
  (1047, 11442, 1),
  (1047, 11443, 1),
  (1047, 11444, 1),
  (1047, 11445, 1),
  (1047, 11446, 1),
  (1047, 11447, 1),
  (1047, 11448, 1),
  (1047, 11449, 1),
  (1048, 11450, 1),
  (1048, 11451, 1),
  (1048, 11452, 1),
  (1048, 11453, 1),
  (1048, 11454, 1),
  (1048, 11455, 1),
  (1048, 11456, 1),
  (1048, 11457, 1),
  (1048, 11458, 1),
  (1048, 11459, 1),
  (1048, 11460, 1),
  (1048, 11461, 1),
  (1048, 11462, 1),
  (1048, 11463, 1),
  (1048, 11464, 1),
  (1048, 11465, 1),
  (1048, 11466, 1),
  (1048, 11467, 1),
  (1048, 11468, 1),
  (1048, 11469, 1),
  (1048, 11470, 1),
  (1048, 11471, 1),
  (1048, 11472, 1),
  (1048, 11473, 1),
  (1048, 11474, 1),
  (1048, 11475, 1),
  (1048, 11476, 1),
  (1048, 11477, 1),
  (1048, 11478, 1),
  (1048, 11479, 1),
  (1049, 11480, 1),
  (1049, 11481, 1),
  (1049, 11482, 1),
  (1049, 11483, 1),
  (1049, 11484, 1),
  (1049, 11485, 1),
  (1049, 11486, 1),
  (1049, 11487, 1),
  (1049, 11488, 1),
  (1049, 11489, 1),
  (1049, 11490, 1),
  (1049, 11491, 1),
  (1049, 11492, 1),
  (1049, 11493, 1),
  (1049, 11494, 1),
  (1049, 11495, 1),
  (1049, 11496, 1),
  (1049, 11497, 1),
  (1049, 11498, 1),
  (1049, 11499, 1),
  (1049, 11500, 1),
  (1049, 11501, 1),
  (1049, 11502, 1),
  (1049, 11503, 1),
  (1049, 11504, 1),
  (1049, 11505, 1),
  (1049, 11506, 1),
  (1049, 11507, 1),
  (1049, 11508, 1),
  (1050, 11509, 1),
  (1050, 11510, 1),
  (1050, 11511, 1),
  (1050, 11512, 1),
  (1050, 11513, 1),
  (1050, 11514, 1),
  (1050, 11515, 1),
  (1050, 11516, 1),
  (1050, 11517, 1),
  (1050, 11518, 1),
  (1050, 11519, 1),
  (1050, 11520, 1),
  (1050, 11521, 1),
  (1050, 11522, 1),
  (1050, 11523, 1),
  (1050, 11524, 1),
  (1050, 11525, 1),
  (1050, 11526, 1),
  (1050, 11527, 1),
  (1050, 11528, 1),
  (1050, 11529, 1),
  (1050, 11530, 1),
  (1050, 11531, 1),
  (1050, 11532, 1),
  (1050, 11533, 1),
  (1050, 11534, 1),
  (1050, 11535, 1),
  (1050, 11536, 1),
  (1050, 11537, 1),
  (1051, 11538, 1),
  (1051, 11539, 1),
  (1051, 11540, 1),
  (1051, 11541, 1),
  (1051, 11542, 1),
  (1051, 11543, 1),
  (1051, 11544, 1),
  (1051, 11545, 1),
  (1051, 11546, 1),
  (1051, 11547, 1),
  (1051, 11548, 1),
  (1051, 11549, 1),
  (1051, 11550, 1),
  (1051, 11551, 1),
  (1051, 11552, 1),
  (1051, 11553, 1),
  (1051, 11554, 1),
  (1051, 11555, 1),
  (1051, 11556, 1),
  (1051, 11557, 1),
  (1051, 11558, 1),
  (1051, 11559, 1),
  (1051, 11560, 1),
  (1051, 11561, 1),
  (1051, 11562, 1),
  (1051, 11563, 1),
  (1051, 11564, 1),
  (1051, 11565, 1),
  (1051, 11566, 1),
  (1051, 11567, 1),
  (1051, 11568, 1),
  (1051, 11569, 1),
  (1051, 11570, 1),
  (1051, 11571, 1),
  (1051, 11572, 1)
ON CONFLICT (team_id, player_id) DO UPDATE SET
  source_system_id = EXCLUDED.source_system_id;

-- TODO: Add player season stats to separate player_season_stats table
-- Stats available: goals, assists from roster pages
