-- ========================================
-- CASA USERS (Liga 1 Boys Club + Liga 2 Old Timers)
-- ========================================
-- Generated: 2025-12-07T21:45:52.902Z
-- Source: CASA Google Sheets
-- AUTO-GENERATED - DO NOT EDIT MANUALLY
-- Run scraper to regenerate: node database/scripts/casa-scraper/scrape-casa.js
-- ========================================

INSERT INTO users (id, first_name, last_name, avatar_url, date_of_birth, is_active) VALUES
  ('e7aa5fc1-b6c2-4b91-926b-c37b39720a49', 'Omar', 'Alzubair', NULL, '05/20/2000', true),
  ('1e7ed3e6-07b5-4765-9560-70f05d3328f3', 'Erwa', 'Babiker', NULL, '01/01/1996', true),
  ('9a11f677-07a7-44bf-8041-aca9c0eb5a47', 'Victor', 'Baidel', NULL, '09/09/2004', true),
  ('e3afd772-032d-4e94-818f-da4b537899ab', 'Oumar', 'Barry', NULL, '10/17/2003', true),
  ('e00adaa9-b9a5-4852-813c-9d39f0b96c11', 'Aboubacar', 'Bayo', NULL, '05/29/2006', true),
  ('e7394b34-1cb3-4f35-843d-94ac98f46680', 'Luke', 'Breslin', NULL, '08/17/2005', true),
  ('f5dce8af-4753-42d3-92d9-2f7df29304b1', 'Luis', 'De Jesus', NULL, '04/16/2007', true),
  ('7897a9c3-98f5-434d-aa21-6724b36be46d', 'Abdoul', 'Diallo', NULL, '06/11/2006', true),
  ('9b991a44-0bde-4f5a-9b95-7f9d66f77919', 'Abouya', 'Gangue', NULL, '10/14/2003', true),
  ('a382b739-d8e6-4b6d-9287-627c7378feb0', 'Edwin', 'Garcia', NULL, '02/19/2006', true),
  ('396bd5e6-f203-49ec-8e56-0d9d43a10406', 'Miles', 'Henry', NULL, '06/20/2000', true),
  ('588aa53e-10c1-4b7c-9bd8-ea2856b0cc84', 'Andy', 'Hizdri', NULL, '02/09/2005', true),
  ('af6793eb-b514-4d95-83c1-f32158b24c3a', 'Arif', 'Hossain', NULL, '12/31/2003', true),
  ('bc6c6951-e127-4182-bf5c-c33f433363c2', 'Zuhab', 'Imran', NULL, '10/26/2006', true),
  ('c9ea0ce1-05a5-48b2-b63c-e516407b84ec', 'Esnayder', 'Josue', NULL, '04/05/1998', true),
  ('7c80ba60-2f61-4d64-8d29-85d9763214ea', 'Majid', 'Kawa', NULL, '12/08/2001', true),
  ('2f810fb6-365e-4663-9812-24903677919a', 'Alexander', 'Lara', NULL, '08/14/1997', true),
  ('d36db393-e1cd-45e8-9837-13f3f0685b91', 'Matt', 'Leder', NULL, '06/15/1999', true),
  ('dc4bc191-63e2-44d8-b680-f56d3b87f6b0', 'Valentino', 'Martinez', NULL, '10/18/2002', true),
  ('cff58a9b-162e-4128-b2a1-f00d12a95fd7', 'David', 'Masi', NULL, '07/07/2002', true),
  ('3411b2b1-a680-45c7-b7a6-ef49862af9fd', 'Elmer', 'Mendoza', NULL, '08/04/2003', true),
  ('f9ceddf8-0d5e-40ec-a118-260498ab1347', 'Dylan', 'Moreno', NULL, '02/18/2005', true),
  ('fa4be93e-169c-4682-ab3f-f90e4b25f61d', 'Babacar', 'Ndiaye', NULL, '02/28/2005', true),
  ('e5c02284-26c9-4259-9c42-c893fbf76e62', 'Zion', 'Nwalipenja', NULL, '01/07/2005', true),
  ('e07bbbe3-e0a3-428d-8191-4718b3648b87', 'John', 'Oladele', NULL, '06/30/2000', true),
  ('fb424fe1-155a-40af-85ac-25908a14cb54', 'Jemirkel', 'Ornaque', NULL, '08/05/1995', true),
  ('c9f8f873-4f57-4cae-91a6-ca66b39017fc', 'Joe', 'Riccitelli', NULL, '09/12/2002', true),
  ('d8cbb9d7-6fac-404e-9277-698b4abf4115', 'Caleb', 'Rojas', NULL, '12/03/2001', true),
  ('37c5cd1c-318e-4b9b-b570-375934cdae3d', 'Ali', 'Salah', NULL, '03/10/2007', true),
  ('e53e3687-747f-4876-b5ce-515579db9643', 'Daniel', 'Salmanca', NULL, '07/12/2007', true),
  ('b8cd5b46-4a37-47b7-8db8-92d477d8fe2b', 'Hassane', 'Abdellaoui', NULL, '07/30/1999', true),
  ('6c0028de-0f7f-4118-b78d-de996301fd2e', 'Logan', 'Bersani', NULL, '06/18/1998', true),
  ('4cb0d0ba-f75d-45ec-8c15-fdb2985f1fbd', 'Amer', 'Bleik', NULL, '12/05/1998', true),
  ('1da83d98-1aad-4c1d-9e32-90d8465bad53', 'James', 'Breslin', NULL, '07/24/1972', true),
  ('8f8c9da3-7d4c-451c-8fcb-9802b1858184', 'Birru', 'Golden', NULL, '04/16/1989', true),
  ('41fde02c-d55c-4f82-b3f5-3d79e0901d4b', 'Furkan', 'Elmas', NULL, '02/22/1997', true),
  ('39688ad8-ea16-459a-b807-406484ad595a', 'John', 'Gonzalez', NULL, '01/01/2000', true),
  ('d2ee4491-0783-48bc-895d-ab7ffc0568dc', 'John', 'Heiler', NULL, '08/05/1979', true),
  ('c93a05a5-a565-484e-96f2-7a88ac460768', 'Justin', 'Katz', NULL, '03/27/1998', true),
  ('24b0bff3-bf31-4bc8-ad7c-d9b5d9fb6d9b', 'Brian', 'Kenny', NULL, '09/16/1993', true),
  ('a2fa8039-4e3a-432b-aa99-48b1a0c06e6e', 'Ladeuix', '07/28/1993', NULL, NULL, true),
  ('85daeb19-2472-4554-86d7-a97997487e63', 'Sam', 'Lipsey', NULL, '09/20/1998', true),
  ('6795b0ec-c35e-4903-8998-2e2e11b3906b', 'Juan Cruz', 'Llambias', NULL, '08/26/1997', true),
  ('dc94b04e-506e-4d93-bf7b-7113b6e989dd', 'Sean', 'McConnel', NULL, '09/04/1995', true),
  ('abed2e53-c7d8-4a58-bd31-54e3980949fc', 'Antonio', 'Moral', NULL, '11/09/1998', true),
  ('38bce113-71a7-40c1-abed-e906328c7800', 'Manuel', 'Morales', NULL, '09/25/1977', true),
  ('cde7316a-b7a9-4863-8cc2-bd7c245b8422', 'Kevin', 'Nguyen', NULL, '05/09/1996', true),
  ('5e21cde9-5e9c-47e7-929c-de8f3c74a163', 'Musa', 'Osman', NULL, '07/01/2005', true),
  ('6a017484-d551-458c-95da-9de40f99bd15', 'Marcelo', 'Osorio-Soto', NULL, '11/14/1991', true),
  ('657ad650-ae75-4d60-84b8-06d32821df1b', 'Fabian', 'Padilla', NULL, '11/01/1995', true),
  ('2865ce8c-f198-4fba-af17-0979a0b0c495', 'Ruben', 'Piazzesi', NULL, '08/01/1997', true),
  ('6cc2427f-cfa1-4962-9c40-fb4714027cb8', 'Joshua', 'Rosato', NULL, '11/04/1996', true),
  ('0a3fba09-9921-48f4-9fbf-fa43ce7228ab', 'Anuar', 'Santos', NULL, '12/31/1999', true),
  ('cd8ec395-42fa-4e17-a0bc-56b8ff761b01', 'Anthony', 'Sagustume', NULL, '07/10/1995', true),
  ('a41dac31-e9d5-4a06-8edb-1ec72598a578', 'Yakup', 'Serce', NULL, '10/27/1998', true),
  ('14b72a9d-12e2-47bd-b576-b40bcbfc5140', 'Christopher', 'Solis', NULL, '10/21/2005', true),
  ('9bbad443-0a3d-4886-b6b7-ac412a1bef26', 'Juan', 'Vizcaino', NULL, '12/02/1995', true),
  ('7e90f2ee-2fe1-4cfb-9964-ed40256c0ecd', 'Tom', 'Diguilio', NULL, '11/17/1976', true),
  ('6073a10e-15db-4861-a006-a61f6d734f5b', 'Leo', 'Santa', NULL, '12/12/1977', true)
ON CONFLICT (id) DO UPDATE SET
  first_name = EXCLUDED.first_name,
  last_name = EXCLUDED.last_name,
  avatar_url = COALESCE(EXCLUDED.avatar_url, users.avatar_url),
  date_of_birth = COALESCE(EXCLUDED.date_of_birth, users.date_of_birth),
  updated_at = CURRENT_TIMESTAMP;

-- External identities for CASA players
INSERT INTO user_external_identities (user_id, provider, external_id, external_username, external_data) VALUES
  ('e7aa5fc1-b6c2-4b91-926b-c37b39720a49', 'casa', 'lighthouse-boys-club-omar-alzubair', 'Omar Alzubair', '{"team":"Lighthouse Boys Club","date_of_birth":"05/20/2000","date_added":"9/26/2025","jersey_number":"","headshot_note":""}'::jsonb),
  ('1e7ed3e6-07b5-4765-9560-70f05d3328f3', 'casa', 'lighthouse-boys-club-erwa-babiker', 'Erwa Babiker', '{"team":"Lighthouse Boys Club","date_of_birth":"01/01/1996","date_added":"10/30/2025","jersey_number":"","headshot_note":""}'::jsonb),
  ('9a11f677-07a7-44bf-8041-aca9c0eb5a47', 'casa', 'lighthouse-boys-club-victor-baidel', 'Victor Baidel', '{"team":"Lighthouse Boys Club","date_of_birth":"09/09/2004","date_added":"9/13/2025","jersey_number":"","headshot_note":""}'::jsonb),
  ('e3afd772-032d-4e94-818f-da4b537899ab', 'casa', 'lighthouse-boys-club-oumar-barry', 'Oumar Barry', '{"team":"Lighthouse Boys Club","date_of_birth":"10/17/2003","date_added":"9/13/2025","jersey_number":"","headshot_note":""}'::jsonb),
  ('e00adaa9-b9a5-4852-813c-9d39f0b96c11', 'casa', 'lighthouse-boys-club-aboubacar-bayo', 'Aboubacar Bayo', '{"team":"Lighthouse Boys Club","date_of_birth":"05/29/2006","date_added":"9/13/2025","jersey_number":"","headshot_note":""}'::jsonb),
  ('e7394b34-1cb3-4f35-843d-94ac98f46680', 'casa', 'lighthouse-boys-club-luke-breslin', 'Luke Breslin', '{"team":"Lighthouse Boys Club","date_of_birth":"08/17/2005","date_added":"9/19/2025","jersey_number":"","headshot_note":""}'::jsonb),
  ('f5dce8af-4753-42d3-92d9-2f7df29304b1', 'casa', 'lighthouse-boys-club-luis-de jesus', 'Luis De Jesus', '{"team":"Lighthouse Boys Club","date_of_birth":"04/16/2007","date_added":"9/26/2025","jersey_number":"","headshot_note":""}'::jsonb),
  ('7897a9c3-98f5-434d-aa21-6724b36be46d', 'casa', 'lighthouse-boys-club-abdoul-diallo', 'Abdoul Diallo', '{"team":"Lighthouse Boys Club","date_of_birth":"06/11/2006","date_added":"9/13/2025","jersey_number":"","headshot_note":""}'::jsonb),
  ('9b991a44-0bde-4f5a-9b95-7f9d66f77919', 'casa', 'lighthouse-boys-club-abouya-gangue', 'Abouya Gangue', '{"team":"Lighthouse Boys Club","date_of_birth":"10/14/2003","date_added":"10/10/2025","jersey_number":"","headshot_note":""}'::jsonb),
  ('a382b739-d8e6-4b6d-9287-627c7378feb0', 'casa', 'lighthouse-boys-club-edwin-garcia', 'Edwin Garcia', '{"team":"Lighthouse Boys Club","date_of_birth":"02/19/2006","date_added":"9/26/2025","jersey_number":"","headshot_note":""}'::jsonb),
  ('396bd5e6-f203-49ec-8e56-0d9d43a10406', 'casa', 'lighthouse-boys-club-miles-henry', 'Miles Henry', '{"team":"Lighthouse Boys Club","date_of_birth":"06/20/2000","date_added":"9/13/2025","jersey_number":"","headshot_note":""}'::jsonb),
  ('588aa53e-10c1-4b7c-9bd8-ea2856b0cc84', 'casa', 'lighthouse-boys-club-andy-hizdri', 'Andy Hizdri', '{"team":"Lighthouse Boys Club","date_of_birth":"02/09/2005","date_added":"9/13/2025","jersey_number":"","headshot_note":""}'::jsonb),
  ('af6793eb-b514-4d95-83c1-f32158b24c3a', 'casa', 'lighthouse-boys-club-arif-hossain', 'Arif Hossain', '{"team":"Lighthouse Boys Club","date_of_birth":"12/31/2003","date_added":"9/13/2025","jersey_number":"","headshot_note":""}'::jsonb),
  ('bc6c6951-e127-4182-bf5c-c33f433363c2', 'casa', 'lighthouse-boys-club-zuhab-imran', 'Zuhab Imran', '{"team":"Lighthouse Boys Club","date_of_birth":"10/26/2006","date_added":"9/19/2025","jersey_number":"","headshot_note":""}'::jsonb),
  ('c9ea0ce1-05a5-48b2-b63c-e516407b84ec', 'casa', 'lighthouse-boys-club-esnayder-josue', 'Esnayder Josue', '{"team":"Lighthouse Boys Club","date_of_birth":"04/05/1998","date_added":"11/14/2025","jersey_number":"","headshot_note":""}'::jsonb),
  ('7c80ba60-2f61-4d64-8d29-85d9763214ea', 'casa', 'lighthouse-boys-club-majid-kawa', 'Majid Kawa', '{"team":"Lighthouse Boys Club","date_of_birth":"12/08/2001","date_added":"11/7/2025","jersey_number":"","headshot_note":""}'::jsonb),
  ('2f810fb6-365e-4663-9812-24903677919a', 'casa', 'lighthouse-boys-club-alexander-lara', 'Alexander Lara', '{"team":"Lighthouse Boys Club","date_of_birth":"08/14/1997","date_added":"9/13/2025","jersey_number":"","headshot_note":""}'::jsonb),
  ('d36db393-e1cd-45e8-9837-13f3f0685b91', 'casa', 'lighthouse-boys-club-matt-leder', 'Matt Leder', '{"team":"Lighthouse Boys Club","date_of_birth":"06/15/1999","date_added":"9/26/2025","jersey_number":"","headshot_note":""}'::jsonb),
  ('dc4bc191-63e2-44d8-b680-f56d3b87f6b0', 'casa', 'lighthouse-boys-club-valentino-martinez', 'Valentino Martinez', '{"team":"Lighthouse Boys Club","date_of_birth":"10/18/2002","date_added":"10/30/2025","jersey_number":"","headshot_note":""}'::jsonb),
  ('cff58a9b-162e-4128-b2a1-f00d12a95fd7', 'casa', 'lighthouse-boys-club-david-masi', 'David Masi', '{"team":"Lighthouse Boys Club","date_of_birth":"07/07/2002","date_added":"9/13/2025","jersey_number":"","headshot_note":""}'::jsonb),
  ('3411b2b1-a680-45c7-b7a6-ef49862af9fd', 'casa', 'lighthouse-boys-club-elmer-mendoza', 'Elmer Mendoza', '{"team":"Lighthouse Boys Club","date_of_birth":"08/04/2003","date_added":"9/13/2025","jersey_number":"","headshot_note":""}'::jsonb),
  ('f9ceddf8-0d5e-40ec-a118-260498ab1347', 'casa', 'lighthouse-boys-club-dylan-moreno', 'Dylan Moreno', '{"team":"Lighthouse Boys Club","date_of_birth":"02/18/2005","date_added":"9/19/2025","jersey_number":"","headshot_note":""}'::jsonb),
  ('fa4be93e-169c-4682-ab3f-f90e4b25f61d', 'casa', 'lighthouse-boys-club-babacar-ndiaye', 'Babacar Ndiaye', '{"team":"Lighthouse Boys Club","date_of_birth":"02/28/2005","date_added":"9/13/2025","jersey_number":"","headshot_note":""}'::jsonb),
  ('e5c02284-26c9-4259-9c42-c893fbf76e62', 'casa', 'lighthouse-boys-club-zion-nwalipenja', 'Zion Nwalipenja', '{"team":"Lighthouse Boys Club","date_of_birth":"01/07/2005","date_added":"9/13/2025","jersey_number":"","headshot_note":""}'::jsonb),
  ('e07bbbe3-e0a3-428d-8191-4718b3648b87', 'casa', 'lighthouse-boys-club-john-oladele', 'John Oladele', '{"team":"Lighthouse Boys Club","date_of_birth":"06/30/2000","date_added":"9/13/2025","jersey_number":"","headshot_note":""}'::jsonb),
  ('fb424fe1-155a-40af-85ac-25908a14cb54', 'casa', 'lighthouse-boys-club-jemirkel-ornaque', 'Jemirkel Ornaque', '{"team":"Lighthouse Boys Club","date_of_birth":"08/05/1995","date_added":"9/13/2025","jersey_number":"","headshot_note":""}'::jsonb),
  ('c9f8f873-4f57-4cae-91a6-ca66b39017fc', 'casa', 'lighthouse-boys-club-joe-riccitelli', 'Joe Riccitelli', '{"team":"Lighthouse Boys Club","date_of_birth":"09/12/2002","date_added":"9/13/2025","jersey_number":"","headshot_note":""}'::jsonb),
  ('d8cbb9d7-6fac-404e-9277-698b4abf4115', 'casa', 'lighthouse-boys-club-caleb-rojas', 'Caleb Rojas', '{"team":"Lighthouse Boys Club","date_of_birth":"12/03/2001","date_added":"11/3/2025","jersey_number":"","headshot_note":""}'::jsonb),
  ('37c5cd1c-318e-4b9b-b570-375934cdae3d', 'casa', 'lighthouse-boys-club-ali-salah', 'Ali Salah', '{"team":"Lighthouse Boys Club","date_of_birth":"03/10/2007","date_added":"9/19/2025","jersey_number":"","headshot_note":""}'::jsonb),
  ('e53e3687-747f-4876-b5ce-515579db9643', 'casa', 'lighthouse-boys-club-daniel-salmanca', 'Daniel Salmanca', '{"team":"Lighthouse Boys Club","date_of_birth":"07/12/2007","date_added":"9/13/2025","jersey_number":"","headshot_note":""}'::jsonb),
  ('b8cd5b46-4a37-47b7-8db8-92d477d8fe2b', 'casa', 'lighthouse-old-timers-club-hassane-abdellaoui', 'Hassane Abdellaoui', '{"team":"Lighthouse Old Timers Club","date_of_birth":"07/30/1999","date_added":"10/10/2025","jersey_number":"","headshot_note":"PLAYER SHOULD BRING ID UNTIL HEADSHOT IS ADDED"}'::jsonb),
  ('6c0028de-0f7f-4118-b78d-de996301fd2e', 'casa', 'lighthouse-old-timers-club-logan-bersani', 'Logan Bersani', '{"team":"Lighthouse Old Timers Club","date_of_birth":"06/18/1998","date_added":"9/11/2025","jersey_number":"","headshot_note":""}'::jsonb),
  ('4cb0d0ba-f75d-45ec-8c15-fdb2985f1fbd', 'casa', 'lighthouse-old-timers-club-amer-bleik', 'Amer Bleik', '{"team":"Lighthouse Old Timers Club","date_of_birth":"12/05/1998","date_added":"9/11/2025","jersey_number":"","headshot_note":""}'::jsonb),
  ('1da83d98-1aad-4c1d-9e32-90d8465bad53', 'casa', 'lighthouse-old-timers-club-james-breslin', 'James Breslin', '{"team":"Lighthouse Old Timers Club","date_of_birth":"07/24/1972","date_added":"11/1/2025","jersey_number":"","headshot_note":""}'::jsonb),
  ('8f8c9da3-7d4c-451c-8fcb-9802b1858184', 'casa', 'lighthouse-old-timers-club-birru-golden', 'Birru Golden', '{"team":"Lighthouse Old Timers Club","date_of_birth":"04/16/1989","date_added":"10/10/2025","jersey_number":"","headshot_note":"PLAYER SHOULD BRING ID UNTIL HEADSHOT IS ADDED"}'::jsonb),
  ('41fde02c-d55c-4f82-b3f5-3d79e0901d4b', 'casa', 'lighthouse-old-timers-club-furkan-elmas', 'Furkan Elmas', '{"team":"Lighthouse Old Timers Club","date_of_birth":"02/22/1997","date_added":"10/10/2025","jersey_number":"","headshot_note":""}'::jsonb),
  ('39688ad8-ea16-459a-b807-406484ad595a', 'casa', 'lighthouse-old-timers-club-john-gonzalez', 'John Gonzalez', '{"team":"Lighthouse Old Timers Club","date_of_birth":"01/01/2000","date_added":"9/19/2025","jersey_number":"","headshot_note":""}'::jsonb),
  ('d2ee4491-0783-48bc-895d-ab7ffc0568dc', 'casa', 'lighthouse-old-timers-club-john-heiler', 'John Heiler', '{"team":"Lighthouse Old Timers Club","date_of_birth":"08/05/1979","date_added":"9/11/2025","jersey_number":"","headshot_note":""}'::jsonb),
  ('c93a05a5-a565-484e-96f2-7a88ac460768', 'casa', 'lighthouse-old-timers-club-justin-katz', 'Justin Katz', '{"team":"Lighthouse Old Timers Club","date_of_birth":"03/27/1998","date_added":"9/11/2025","jersey_number":"","headshot_note":""}'::jsonb),
  ('24b0bff3-bf31-4bc8-ad7c-d9b5d9fb6d9b', 'casa', 'lighthouse-old-timers-club-brian-kenny', 'Brian Kenny', '{"team":"Lighthouse Old Timers Club","date_of_birth":"09/16/1993","date_added":"9/19/2025","jersey_number":"","headshot_note":""}'::jsonb),
  ('a2fa8039-4e3a-432b-aa99-48b1a0c06e6e', 'casa', 'lighthouse-old-timers-club-ladeuix-07/28/1993', 'Ladeuix 07/28/1993', '{"team":"Lighthouse Old Timers Club","date_of_birth":"","date_added":"","headshot_note":"10/10/2025"}'::jsonb),
  ('85daeb19-2472-4554-86d7-a97997487e63', 'casa', 'lighthouse-old-timers-club-sam-lipsey', 'Sam Lipsey', '{"team":"Lighthouse Old Timers Club","date_of_birth":"09/20/1998","date_added":"9/11/2025","jersey_number":"","headshot_note":""}'::jsonb),
  ('6795b0ec-c35e-4903-8998-2e2e11b3906b', 'casa', 'lighthouse-old-timers-club-juan cruz-llambias', 'Juan Cruz Llambias', '{"team":"Lighthouse Old Timers Club","date_of_birth":"08/26/1997","date_added":"9/11/2025","jersey_number":"","headshot_note":""}'::jsonb),
  ('dc94b04e-506e-4d93-bf7b-7113b6e989dd', 'casa', 'lighthouse-old-timers-club-sean-mcconnel', 'Sean McConnel', '{"team":"Lighthouse Old Timers Club","date_of_birth":"09/04/1995","date_added":"9/19/2025","jersey_number":"","headshot_note":""}'::jsonb),
  ('abed2e53-c7d8-4a58-bd31-54e3980949fc', 'casa', 'lighthouse-old-timers-club-antonio-moral', 'Antonio Moral', '{"team":"Lighthouse Old Timers Club","date_of_birth":"11/09/1998","date_added":"9/26/2025","jersey_number":"","headshot_note":""}'::jsonb),
  ('38bce113-71a7-40c1-abed-e906328c7800', 'casa', 'lighthouse-old-timers-club-manuel-morales', 'Manuel Morales', '{"team":"Lighthouse Old Timers Club","date_of_birth":"09/25/1977","date_added":"9/11/2025","jersey_number":"","headshot_note":""}'::jsonb),
  ('cde7316a-b7a9-4863-8cc2-bd7c245b8422', 'casa', 'lighthouse-old-timers-club-kevin-nguyen', 'Kevin Nguyen', '{"team":"Lighthouse Old Timers Club","date_of_birth":"05/09/1996","date_added":"9/13/2025","jersey_number":"","headshot_note":""}'::jsonb),
  ('5e21cde9-5e9c-47e7-929c-de8f3c74a163', 'casa', 'lighthouse-old-timers-club-musa-osman', 'Musa Osman', '{"team":"Lighthouse Old Timers Club","date_of_birth":"07/01/2005","date_added":"9/26/2025","jersey_number":"","headshot_note":""}'::jsonb),
  ('6a017484-d551-458c-95da-9de40f99bd15', 'casa', 'lighthouse-old-timers-club-marcelo-osorio-soto', 'Marcelo Osorio-Soto', '{"team":"Lighthouse Old Timers Club","date_of_birth":"11/14/1991","date_added":"","jersey_number":"","headshot_note":""}'::jsonb),
  ('657ad650-ae75-4d60-84b8-06d32821df1b', 'casa', 'lighthouse-old-timers-club-fabian-padilla', 'Fabian Padilla', '{"team":"Lighthouse Old Timers Club","date_of_birth":"11/01/1995","date_added":"9/13/2025","jersey_number":"","headshot_note":""}'::jsonb),
  ('2865ce8c-f198-4fba-af17-0979a0b0c495', 'casa', 'lighthouse-old-timers-club-ruben-piazzesi', 'Ruben Piazzesi', '{"team":"Lighthouse Old Timers Club","date_of_birth":"08/01/1997","date_added":"9/11/2025","jersey_number":"","headshot_note":""}'::jsonb),
  ('6cc2427f-cfa1-4962-9c40-fb4714027cb8', 'casa', 'lighthouse-old-timers-club-joshua-rosato', 'Joshua Rosato', '{"team":"Lighthouse Old Timers Club","date_of_birth":"11/04/1996","date_added":"9/11/2025","jersey_number":"","headshot_note":""}'::jsonb),
  ('0a3fba09-9921-48f4-9fbf-fa43ce7228ab', 'casa', 'lighthouse-old-timers-club-anuar-santos', 'Anuar Santos', '{"team":"Lighthouse Old Timers Club","date_of_birth":"12/31/1999","date_added":"10/10/2025","jersey_number":"","headshot_note":""}'::jsonb),
  ('cd8ec395-42fa-4e17-a0bc-56b8ff761b01', 'casa', 'lighthouse-old-timers-club-anthony-sagustume', 'Anthony Sagustume', '{"team":"Lighthouse Old Timers Club","date_of_birth":"07/10/1995","date_added":"9/11/2025","jersey_number":"","headshot_note":""}'::jsonb),
  ('a41dac31-e9d5-4a06-8edb-1ec72598a578', 'casa', 'lighthouse-old-timers-club-yakup-serce', 'Yakup Serce', '{"team":"Lighthouse Old Timers Club","date_of_birth":"10/27/1998","date_added":"9/11/2025","jersey_number":"","headshot_note":""}'::jsonb),
  ('14b72a9d-12e2-47bd-b576-b40bcbfc5140', 'casa', 'lighthouse-old-timers-club-christopher-solis', 'Christopher Solis', '{"team":"Lighthouse Old Timers Club","date_of_birth":"10/21/2005","date_added":"9/11/2025","jersey_number":"","headshot_note":""}'::jsonb),
  ('9bbad443-0a3d-4886-b6b7-ac412a1bef26', 'casa', 'lighthouse-old-timers-club-juan-vizcaino', 'Juan Vizcaino', '{"team":"Lighthouse Old Timers Club","date_of_birth":"12/02/1995","date_added":"9/13/2025","jersey_number":"","headshot_note":""}'::jsonb),
  ('7e90f2ee-2fe1-4cfb-9964-ed40256c0ecd', 'casa', 'lighthouse-old-timers-club-tom-diguilio', 'Tom Diguilio', '{"team":"Lighthouse Old Timers Club","date_of_birth":"11/17/1976","date_added":"9/13/2025","jersey_number":"","headshot_note":""}'::jsonb),
  ('6073a10e-15db-4861-a006-a61f6d734f5b', 'casa', 'lighthouse-old-timers-club-leo-santa', 'Leo Santa', '{"team":"Lighthouse Old Timers Club","date_of_birth":"12/12/1977","date_added":"9/13/2025","jersey_number":"","headshot_note":""}'::jsonb)
ON CONFLICT (user_id, provider) DO UPDATE SET
  external_id = EXCLUDED.external_id,
  external_username = EXCLUDED.external_username,
  external_data = EXCLUDED.external_data,
  updated_at = CURRENT_TIMESTAMP;

-- Ensure player records exist for all CASA users
INSERT INTO players (id) VALUES
  ('e7aa5fc1-b6c2-4b91-926b-c37b39720a49'),
  ('1e7ed3e6-07b5-4765-9560-70f05d3328f3'),
  ('9a11f677-07a7-44bf-8041-aca9c0eb5a47'),
  ('e3afd772-032d-4e94-818f-da4b537899ab'),
  ('e00adaa9-b9a5-4852-813c-9d39f0b96c11'),
  ('e7394b34-1cb3-4f35-843d-94ac98f46680'),
  ('f5dce8af-4753-42d3-92d9-2f7df29304b1'),
  ('7897a9c3-98f5-434d-aa21-6724b36be46d'),
  ('9b991a44-0bde-4f5a-9b95-7f9d66f77919'),
  ('a382b739-d8e6-4b6d-9287-627c7378feb0'),
  ('396bd5e6-f203-49ec-8e56-0d9d43a10406'),
  ('588aa53e-10c1-4b7c-9bd8-ea2856b0cc84'),
  ('af6793eb-b514-4d95-83c1-f32158b24c3a'),
  ('bc6c6951-e127-4182-bf5c-c33f433363c2'),
  ('c9ea0ce1-05a5-48b2-b63c-e516407b84ec'),
  ('7c80ba60-2f61-4d64-8d29-85d9763214ea'),
  ('2f810fb6-365e-4663-9812-24903677919a'),
  ('d36db393-e1cd-45e8-9837-13f3f0685b91'),
  ('dc4bc191-63e2-44d8-b680-f56d3b87f6b0'),
  ('cff58a9b-162e-4128-b2a1-f00d12a95fd7'),
  ('3411b2b1-a680-45c7-b7a6-ef49862af9fd'),
  ('f9ceddf8-0d5e-40ec-a118-260498ab1347'),
  ('fa4be93e-169c-4682-ab3f-f90e4b25f61d'),
  ('e5c02284-26c9-4259-9c42-c893fbf76e62'),
  ('e07bbbe3-e0a3-428d-8191-4718b3648b87'),
  ('fb424fe1-155a-40af-85ac-25908a14cb54'),
  ('c9f8f873-4f57-4cae-91a6-ca66b39017fc'),
  ('d8cbb9d7-6fac-404e-9277-698b4abf4115'),
  ('37c5cd1c-318e-4b9b-b570-375934cdae3d'),
  ('e53e3687-747f-4876-b5ce-515579db9643'),
  ('b8cd5b46-4a37-47b7-8db8-92d477d8fe2b'),
  ('6c0028de-0f7f-4118-b78d-de996301fd2e'),
  ('4cb0d0ba-f75d-45ec-8c15-fdb2985f1fbd'),
  ('1da83d98-1aad-4c1d-9e32-90d8465bad53'),
  ('8f8c9da3-7d4c-451c-8fcb-9802b1858184'),
  ('41fde02c-d55c-4f82-b3f5-3d79e0901d4b'),
  ('39688ad8-ea16-459a-b807-406484ad595a'),
  ('d2ee4491-0783-48bc-895d-ab7ffc0568dc'),
  ('c93a05a5-a565-484e-96f2-7a88ac460768'),
  ('24b0bff3-bf31-4bc8-ad7c-d9b5d9fb6d9b'),
  ('a2fa8039-4e3a-432b-aa99-48b1a0c06e6e'),
  ('85daeb19-2472-4554-86d7-a97997487e63'),
  ('6795b0ec-c35e-4903-8998-2e2e11b3906b'),
  ('dc94b04e-506e-4d93-bf7b-7113b6e989dd'),
  ('abed2e53-c7d8-4a58-bd31-54e3980949fc'),
  ('38bce113-71a7-40c1-abed-e906328c7800'),
  ('cde7316a-b7a9-4863-8cc2-bd7c245b8422'),
  ('5e21cde9-5e9c-47e7-929c-de8f3c74a163'),
  ('6a017484-d551-458c-95da-9de40f99bd15'),
  ('657ad650-ae75-4d60-84b8-06d32821df1b'),
  ('2865ce8c-f198-4fba-af17-0979a0b0c495'),
  ('6cc2427f-cfa1-4962-9c40-fb4714027cb8'),
  ('0a3fba09-9921-48f4-9fbf-fa43ce7228ab'),
  ('cd8ec395-42fa-4e17-a0bc-56b8ff761b01'),
  ('a41dac31-e9d5-4a06-8edb-1ec72598a578'),
  ('14b72a9d-12e2-47bd-b576-b40bcbfc5140'),
  ('9bbad443-0a3d-4886-b6b7-ac412a1bef26'),
  ('7e90f2ee-2fe1-4cfb-9964-ed40256c0ecd'),
  ('6073a10e-15db-4861-a006-a61f6d734f5b')
ON CONFLICT (id) DO NOTHING;

