-- ========================================
-- CASA USERS (Liga 1 Boys Club + Liga 2 Old Timers)
-- ========================================
-- Generated: 2025-12-07T22:36:31.464Z
-- Source: CASA Google Sheets
-- AUTO-GENERATED - DO NOT EDIT MANUALLY
-- Run scraper to regenerate: node database/scripts/casa-scraper/scrape-casa.js
-- ========================================

INSERT INTO users (id, first_name, last_name, avatar_url, date_of_birth, is_active) VALUES
  ('c4181d03-e17b-408d-b4df-f29c008b47b0', 'Omar', 'Alzubair', NULL, '05/20/2000', true),
  ('e137068f-6134-4e97-bb88-8343d76bd9ed', 'Erwa', 'Babiker', NULL, '01/01/1996', true),
  ('60d9d4bc-02c8-43e5-897e-2880def418ef', 'Victor', 'Baidel', NULL, '09/09/2004', true),
  ('9e496a85-da9b-4fc7-8c7f-1061683c0f85', 'Oumar', 'Barry', NULL, '10/17/2003', true),
  ('4709c331-c84a-4e24-b38c-cafd1ee75df0', 'Aboubacar', 'Bayo', NULL, '05/29/2006', true),
  ('399c2d10-7dad-4e82-9eeb-4283d2c45224', 'Luke', 'Breslin', NULL, '08/17/2005', true),
  ('c18315ad-da4e-4c76-86f8-1e8e9825cafc', 'Luis', 'De Jesus', NULL, '04/16/2007', true),
  ('fa2efec8-96e8-4001-8696-a1355d295284', 'Abdoul', 'Diallo', NULL, '06/11/2006', true),
  ('a2845ba7-09d6-4164-a77e-2d75bb3edfb2', 'Abouya', 'Gangue', NULL, '10/14/2003', true),
  ('8dbad170-80c3-47b9-a96d-1a6fb27050c3', 'Edwin', 'Garcia', NULL, '02/19/2006', true),
  ('5f23d1dd-6a7b-42f9-be99-c918c7d6be6f', 'Miles', 'Henry', NULL, '06/20/2000', true),
  ('be2dc8e3-920c-4e6e-b348-b3d3ab6652b8', 'Andy', 'Hizdri', NULL, '02/09/2005', true),
  ('d43d7624-7b05-4b47-9141-29aa37634c10', 'Arif', 'Hossain', NULL, '12/31/2003', true),
  ('4d5c9614-7cf9-40bd-b49e-40bfdf9576a0', 'Zuhab', 'Imran', NULL, '10/26/2006', true),
  ('1a4a8680-56fa-4735-951a-ee8e589b818b', 'Esnayder', 'Josue', NULL, '04/05/1998', true),
  ('8ccb8b4e-c0b6-41a9-a752-e17cea340a3b', 'Majid', 'Kawa', NULL, '12/08/2001', true),
  ('eb226f8c-c229-43ad-b1a4-1b9c09232e08', 'Alexander', 'Lara', NULL, '08/14/1997', true),
  ('104f8ec9-32f5-44c2-8fcd-686cb1c61092', 'Matt', 'Leder', NULL, '06/15/1999', true),
  ('7d2bc9fe-2c1b-4dce-9138-99f0cc8e84ad', 'Valentino', 'Martinez', NULL, '10/18/2002', true),
  ('ca1147ea-70a8-4255-820e-b71b71b869e2', 'David', 'Masi', NULL, '07/07/2002', true),
  ('3f1dc5a6-1ad8-453d-b987-830fa0c7585a', 'Elmer', 'Mendoza', NULL, '08/04/2003', true),
  ('467402b3-ec3b-42b2-a7a8-4d4534057a85', 'Dylan', 'Moreno', NULL, '02/18/2005', true),
  ('98eb6075-2679-41e4-a7c4-7cbddc7ca6d8', 'Babacar', 'Ndiaye', NULL, '02/28/2005', true),
  ('065627b5-6e98-477c-b8f0-8e96c64df264', 'Zion', 'Nwalipenja', NULL, '01/07/2005', true),
  ('5bf45ce0-173d-43bf-854e-53b623cfed18', 'John', 'Oladele', NULL, '06/30/2000', true),
  ('c38f5041-b100-4611-9bc3-a236b8b693c0', 'Jemirkel', 'Ornaque', NULL, '08/05/1995', true),
  ('bb8fcf46-b8ea-4b93-aa1a-974a950faa18', 'Joe', 'Riccitelli', NULL, '09/12/2002', true),
  ('89e676a4-42d7-4e4b-8456-19ca52a26c97', 'Caleb', 'Rojas', NULL, '12/03/2001', true),
  ('18d1fb6e-a3bb-4c74-a9e7-3bac9241e8d0', 'Ali', 'Salah', NULL, '03/10/2007', true),
  ('9eaae29f-8214-4da7-9304-e7c40758c6b6', 'Daniel', 'Salmanca', NULL, '07/12/2007', true),
  ('f86ecc66-74f3-42d0-88f3-33cb6604348b', 'Hassane', 'Abdellaoui', NULL, '07/30/1999', true),
  ('72b55f53-6133-46d9-8c0e-720e11936066', 'Logan', 'Bersani', NULL, '06/18/1998', true),
  ('a1d6bbaa-7947-4eaf-8ae3-4715c4bf7bc2', 'Amer', 'Bleik', NULL, '12/05/1998', true),
  ('e56b8354-6bd3-4fb5-9d10-b98621accbc0', 'James', 'Breslin', NULL, '07/24/1972', true),
  ('084413d5-edd5-48c8-8bc0-98937a7c59ed', 'Birru', 'Golden', NULL, '04/16/1989', true),
  ('03c4e2e8-3526-42cd-a4c9-c74f1c599f93', 'Furkan', 'Elmas', NULL, '02/22/1997', true),
  ('a17693dd-0093-4a1d-a821-e12c64564a3b', 'John', 'Gonzalez', NULL, '01/01/2000', true),
  ('13a0b76f-f77c-4d88-99af-159ed61cbfef', 'John', 'Heiler', NULL, '08/05/1979', true),
  ('a9d6808d-213c-467e-8f87-a6ce898bd4b8', 'Justin', 'Katz', NULL, '03/27/1998', true),
  ('15bd0dc3-5fb0-4e40-8bfe-511cd31f4a9f', 'Brian', 'Kenny', NULL, '09/16/1993', true),
  ('ee54becc-9035-4f51-8ff4-548ff8853fe3', 'Ladeuix', '07/28/1993', NULL, NULL, true),
  ('c7593f2d-4a8c-4e79-b54d-70cf1ecebe3a', 'Sam', 'Lipsey', NULL, '09/20/1998', true),
  ('48ac59b3-4d1f-4626-b61d-a236ea81c204', 'Juan Cruz', 'Llambias', NULL, '08/26/1997', true),
  ('111d816a-d874-4d93-9343-79e981c9752f', 'Sean', 'McConnel', NULL, '09/04/1995', true),
  ('a940633e-4bca-4cfc-a60a-f9cb7a2320ba', 'Antonio', 'Moral', NULL, '11/09/1998', true),
  ('de9cb4cc-d63f-4dd2-8c1c-1edf06c53dcd', 'Manuel', 'Morales', NULL, '09/25/1977', true),
  ('bb8cd548-2466-42cc-ba25-69fb78b49ee0', 'Kevin', 'Nguyen', NULL, '05/09/1996', true),
  ('30ad3a6b-773d-46d1-899c-8d0dda993f24', 'Musa', 'Osman', NULL, '07/01/2005', true),
  ('2509066b-11f6-4787-a170-b13aa5d09449', 'Marcelo', 'Osorio-Soto', NULL, '11/14/1991', true),
  ('6f0a63bb-ca9b-4b9a-a638-ba193b201efe', 'Fabian', 'Padilla', NULL, '11/01/1995', true),
  ('7da0b6eb-fa1f-4f69-89d8-2ff3f0018215', 'Ruben', 'Piazzesi', NULL, '08/01/1997', true),
  ('c101b11b-e3fb-4a5c-927f-d7f4ba531a8c', 'Joshua', 'Rosato', NULL, '11/04/1996', true),
  ('dfb854c3-87c4-4a43-b00f-4247bc45143b', 'Anuar', 'Santos', NULL, '12/31/1999', true),
  ('aa172870-d9d8-4921-ba3d-7c31c4d92fc0', 'Anthony', 'Sagustume', NULL, '07/10/1995', true),
  ('ad55fc34-aa9c-4320-82f1-5059e27e80ac', 'Yakup', 'Serce', NULL, '10/27/1998', true),
  ('364f8bdc-9335-48a1-9543-6dbc0dd44431', 'Christopher', 'Solis', NULL, '10/21/2005', true),
  ('3cb3a53d-f590-4fad-ab33-f2e99b65e93b', 'Juan', 'Vizcaino', NULL, '12/02/1995', true),
  ('86701161-8da8-43c9-a24b-44e55bc5ae21', 'Tom', 'Diguilio', NULL, '11/17/1976', true),
  ('f361888c-0539-46ab-9561-3dc5ccffc304', 'Leo', 'Santa', NULL, '12/12/1977', true)
ON CONFLICT (id) DO UPDATE SET
  first_name = EXCLUDED.first_name,
  last_name = EXCLUDED.last_name,
  avatar_url = COALESCE(EXCLUDED.avatar_url, users.avatar_url),
  date_of_birth = COALESCE(EXCLUDED.date_of_birth, users.date_of_birth),
  updated_at = CURRENT_TIMESTAMP;

-- External identities for CASA players
INSERT INTO user_external_identities (user_id, provider, external_id, external_username, external_data) VALUES
  ('c4181d03-e17b-408d-b4df-f29c008b47b0', 'casa', 'lighthouse-boys-club-omar-alzubair', 'Omar Alzubair', '{"team":"Lighthouse Boys Club","date_of_birth":"05/20/2000","date_added":"9/26/2025","jersey_number":"","headshot_note":""}'::jsonb),
  ('e137068f-6134-4e97-bb88-8343d76bd9ed', 'casa', 'lighthouse-boys-club-erwa-babiker', 'Erwa Babiker', '{"team":"Lighthouse Boys Club","date_of_birth":"01/01/1996","date_added":"10/30/2025","jersey_number":"","headshot_note":""}'::jsonb),
  ('60d9d4bc-02c8-43e5-897e-2880def418ef', 'casa', 'lighthouse-boys-club-victor-baidel', 'Victor Baidel', '{"team":"Lighthouse Boys Club","date_of_birth":"09/09/2004","date_added":"9/13/2025","jersey_number":"","headshot_note":""}'::jsonb),
  ('9e496a85-da9b-4fc7-8c7f-1061683c0f85', 'casa', 'lighthouse-boys-club-oumar-barry', 'Oumar Barry', '{"team":"Lighthouse Boys Club","date_of_birth":"10/17/2003","date_added":"9/13/2025","jersey_number":"","headshot_note":""}'::jsonb),
  ('4709c331-c84a-4e24-b38c-cafd1ee75df0', 'casa', 'lighthouse-boys-club-aboubacar-bayo', 'Aboubacar Bayo', '{"team":"Lighthouse Boys Club","date_of_birth":"05/29/2006","date_added":"9/13/2025","jersey_number":"","headshot_note":""}'::jsonb),
  ('399c2d10-7dad-4e82-9eeb-4283d2c45224', 'casa', 'lighthouse-boys-club-luke-breslin', 'Luke Breslin', '{"team":"Lighthouse Boys Club","date_of_birth":"08/17/2005","date_added":"9/19/2025","jersey_number":"","headshot_note":""}'::jsonb),
  ('c18315ad-da4e-4c76-86f8-1e8e9825cafc', 'casa', 'lighthouse-boys-club-luis-de jesus', 'Luis De Jesus', '{"team":"Lighthouse Boys Club","date_of_birth":"04/16/2007","date_added":"9/26/2025","jersey_number":"","headshot_note":""}'::jsonb),
  ('fa2efec8-96e8-4001-8696-a1355d295284', 'casa', 'lighthouse-boys-club-abdoul-diallo', 'Abdoul Diallo', '{"team":"Lighthouse Boys Club","date_of_birth":"06/11/2006","date_added":"9/13/2025","jersey_number":"","headshot_note":""}'::jsonb),
  ('a2845ba7-09d6-4164-a77e-2d75bb3edfb2', 'casa', 'lighthouse-boys-club-abouya-gangue', 'Abouya Gangue', '{"team":"Lighthouse Boys Club","date_of_birth":"10/14/2003","date_added":"10/10/2025","jersey_number":"","headshot_note":""}'::jsonb),
  ('8dbad170-80c3-47b9-a96d-1a6fb27050c3', 'casa', 'lighthouse-boys-club-edwin-garcia', 'Edwin Garcia', '{"team":"Lighthouse Boys Club","date_of_birth":"02/19/2006","date_added":"9/26/2025","jersey_number":"","headshot_note":""}'::jsonb),
  ('5f23d1dd-6a7b-42f9-be99-c918c7d6be6f', 'casa', 'lighthouse-boys-club-miles-henry', 'Miles Henry', '{"team":"Lighthouse Boys Club","date_of_birth":"06/20/2000","date_added":"9/13/2025","jersey_number":"","headshot_note":""}'::jsonb),
  ('be2dc8e3-920c-4e6e-b348-b3d3ab6652b8', 'casa', 'lighthouse-boys-club-andy-hizdri', 'Andy Hizdri', '{"team":"Lighthouse Boys Club","date_of_birth":"02/09/2005","date_added":"9/13/2025","jersey_number":"","headshot_note":""}'::jsonb),
  ('d43d7624-7b05-4b47-9141-29aa37634c10', 'casa', 'lighthouse-boys-club-arif-hossain', 'Arif Hossain', '{"team":"Lighthouse Boys Club","date_of_birth":"12/31/2003","date_added":"9/13/2025","jersey_number":"","headshot_note":""}'::jsonb),
  ('4d5c9614-7cf9-40bd-b49e-40bfdf9576a0', 'casa', 'lighthouse-boys-club-zuhab-imran', 'Zuhab Imran', '{"team":"Lighthouse Boys Club","date_of_birth":"10/26/2006","date_added":"9/19/2025","jersey_number":"","headshot_note":""}'::jsonb),
  ('1a4a8680-56fa-4735-951a-ee8e589b818b', 'casa', 'lighthouse-boys-club-esnayder-josue', 'Esnayder Josue', '{"team":"Lighthouse Boys Club","date_of_birth":"04/05/1998","date_added":"11/14/2025","jersey_number":"","headshot_note":""}'::jsonb),
  ('8ccb8b4e-c0b6-41a9-a752-e17cea340a3b', 'casa', 'lighthouse-boys-club-majid-kawa', 'Majid Kawa', '{"team":"Lighthouse Boys Club","date_of_birth":"12/08/2001","date_added":"11/7/2025","jersey_number":"","headshot_note":""}'::jsonb),
  ('eb226f8c-c229-43ad-b1a4-1b9c09232e08', 'casa', 'lighthouse-boys-club-alexander-lara', 'Alexander Lara', '{"team":"Lighthouse Boys Club","date_of_birth":"08/14/1997","date_added":"9/13/2025","jersey_number":"","headshot_note":""}'::jsonb),
  ('104f8ec9-32f5-44c2-8fcd-686cb1c61092', 'casa', 'lighthouse-boys-club-matt-leder', 'Matt Leder', '{"team":"Lighthouse Boys Club","date_of_birth":"06/15/1999","date_added":"9/26/2025","jersey_number":"","headshot_note":""}'::jsonb),
  ('7d2bc9fe-2c1b-4dce-9138-99f0cc8e84ad', 'casa', 'lighthouse-boys-club-valentino-martinez', 'Valentino Martinez', '{"team":"Lighthouse Boys Club","date_of_birth":"10/18/2002","date_added":"10/30/2025","jersey_number":"","headshot_note":""}'::jsonb),
  ('ca1147ea-70a8-4255-820e-b71b71b869e2', 'casa', 'lighthouse-boys-club-david-masi', 'David Masi', '{"team":"Lighthouse Boys Club","date_of_birth":"07/07/2002","date_added":"9/13/2025","jersey_number":"","headshot_note":""}'::jsonb),
  ('3f1dc5a6-1ad8-453d-b987-830fa0c7585a', 'casa', 'lighthouse-boys-club-elmer-mendoza', 'Elmer Mendoza', '{"team":"Lighthouse Boys Club","date_of_birth":"08/04/2003","date_added":"9/13/2025","jersey_number":"","headshot_note":""}'::jsonb),
  ('467402b3-ec3b-42b2-a7a8-4d4534057a85', 'casa', 'lighthouse-boys-club-dylan-moreno', 'Dylan Moreno', '{"team":"Lighthouse Boys Club","date_of_birth":"02/18/2005","date_added":"9/19/2025","jersey_number":"","headshot_note":""}'::jsonb),
  ('98eb6075-2679-41e4-a7c4-7cbddc7ca6d8', 'casa', 'lighthouse-boys-club-babacar-ndiaye', 'Babacar Ndiaye', '{"team":"Lighthouse Boys Club","date_of_birth":"02/28/2005","date_added":"9/13/2025","jersey_number":"","headshot_note":""}'::jsonb),
  ('065627b5-6e98-477c-b8f0-8e96c64df264', 'casa', 'lighthouse-boys-club-zion-nwalipenja', 'Zion Nwalipenja', '{"team":"Lighthouse Boys Club","date_of_birth":"01/07/2005","date_added":"9/13/2025","jersey_number":"","headshot_note":""}'::jsonb),
  ('5bf45ce0-173d-43bf-854e-53b623cfed18', 'casa', 'lighthouse-boys-club-john-oladele', 'John Oladele', '{"team":"Lighthouse Boys Club","date_of_birth":"06/30/2000","date_added":"9/13/2025","jersey_number":"","headshot_note":""}'::jsonb),
  ('c38f5041-b100-4611-9bc3-a236b8b693c0', 'casa', 'lighthouse-boys-club-jemirkel-ornaque', 'Jemirkel Ornaque', '{"team":"Lighthouse Boys Club","date_of_birth":"08/05/1995","date_added":"9/13/2025","jersey_number":"","headshot_note":""}'::jsonb),
  ('bb8fcf46-b8ea-4b93-aa1a-974a950faa18', 'casa', 'lighthouse-boys-club-joe-riccitelli', 'Joe Riccitelli', '{"team":"Lighthouse Boys Club","date_of_birth":"09/12/2002","date_added":"9/13/2025","jersey_number":"","headshot_note":""}'::jsonb),
  ('89e676a4-42d7-4e4b-8456-19ca52a26c97', 'casa', 'lighthouse-boys-club-caleb-rojas', 'Caleb Rojas', '{"team":"Lighthouse Boys Club","date_of_birth":"12/03/2001","date_added":"11/3/2025","jersey_number":"","headshot_note":""}'::jsonb),
  ('18d1fb6e-a3bb-4c74-a9e7-3bac9241e8d0', 'casa', 'lighthouse-boys-club-ali-salah', 'Ali Salah', '{"team":"Lighthouse Boys Club","date_of_birth":"03/10/2007","date_added":"9/19/2025","jersey_number":"","headshot_note":""}'::jsonb),
  ('9eaae29f-8214-4da7-9304-e7c40758c6b6', 'casa', 'lighthouse-boys-club-daniel-salmanca', 'Daniel Salmanca', '{"team":"Lighthouse Boys Club","date_of_birth":"07/12/2007","date_added":"9/13/2025","jersey_number":"","headshot_note":""}'::jsonb),
  ('f86ecc66-74f3-42d0-88f3-33cb6604348b', 'casa', 'lighthouse-old-timers-club-hassane-abdellaoui', 'Hassane Abdellaoui', '{"team":"Lighthouse Old Timers Club","date_of_birth":"07/30/1999","date_added":"10/10/2025","jersey_number":"","headshot_note":"PLAYER SHOULD BRING ID UNTIL HEADSHOT IS ADDED"}'::jsonb),
  ('72b55f53-6133-46d9-8c0e-720e11936066', 'casa', 'lighthouse-old-timers-club-logan-bersani', 'Logan Bersani', '{"team":"Lighthouse Old Timers Club","date_of_birth":"06/18/1998","date_added":"9/11/2025","jersey_number":"","headshot_note":""}'::jsonb),
  ('a1d6bbaa-7947-4eaf-8ae3-4715c4bf7bc2', 'casa', 'lighthouse-old-timers-club-amer-bleik', 'Amer Bleik', '{"team":"Lighthouse Old Timers Club","date_of_birth":"12/05/1998","date_added":"9/11/2025","jersey_number":"","headshot_note":""}'::jsonb),
  ('e56b8354-6bd3-4fb5-9d10-b98621accbc0', 'casa', 'lighthouse-old-timers-club-james-breslin', 'James Breslin', '{"team":"Lighthouse Old Timers Club","date_of_birth":"07/24/1972","date_added":"11/1/2025","jersey_number":"","headshot_note":""}'::jsonb),
  ('084413d5-edd5-48c8-8bc0-98937a7c59ed', 'casa', 'lighthouse-old-timers-club-birru-golden', 'Birru Golden', '{"team":"Lighthouse Old Timers Club","date_of_birth":"04/16/1989","date_added":"10/10/2025","jersey_number":"","headshot_note":"PLAYER SHOULD BRING ID UNTIL HEADSHOT IS ADDED"}'::jsonb),
  ('03c4e2e8-3526-42cd-a4c9-c74f1c599f93', 'casa', 'lighthouse-old-timers-club-furkan-elmas', 'Furkan Elmas', '{"team":"Lighthouse Old Timers Club","date_of_birth":"02/22/1997","date_added":"10/10/2025","jersey_number":"","headshot_note":""}'::jsonb),
  ('a17693dd-0093-4a1d-a821-e12c64564a3b', 'casa', 'lighthouse-old-timers-club-john-gonzalez', 'John Gonzalez', '{"team":"Lighthouse Old Timers Club","date_of_birth":"01/01/2000","date_added":"9/19/2025","jersey_number":"","headshot_note":""}'::jsonb),
  ('13a0b76f-f77c-4d88-99af-159ed61cbfef', 'casa', 'lighthouse-old-timers-club-john-heiler', 'John Heiler', '{"team":"Lighthouse Old Timers Club","date_of_birth":"08/05/1979","date_added":"9/11/2025","jersey_number":"","headshot_note":""}'::jsonb),
  ('a9d6808d-213c-467e-8f87-a6ce898bd4b8', 'casa', 'lighthouse-old-timers-club-justin-katz', 'Justin Katz', '{"team":"Lighthouse Old Timers Club","date_of_birth":"03/27/1998","date_added":"9/11/2025","jersey_number":"","headshot_note":""}'::jsonb),
  ('15bd0dc3-5fb0-4e40-8bfe-511cd31f4a9f', 'casa', 'lighthouse-old-timers-club-brian-kenny', 'Brian Kenny', '{"team":"Lighthouse Old Timers Club","date_of_birth":"09/16/1993","date_added":"9/19/2025","jersey_number":"","headshot_note":""}'::jsonb),
  ('ee54becc-9035-4f51-8ff4-548ff8853fe3', 'casa', 'lighthouse-old-timers-club-ladeuix-07/28/1993', 'Ladeuix 07/28/1993', '{"team":"Lighthouse Old Timers Club","date_of_birth":"","date_added":"","headshot_note":"10/10/2025"}'::jsonb),
  ('c7593f2d-4a8c-4e79-b54d-70cf1ecebe3a', 'casa', 'lighthouse-old-timers-club-sam-lipsey', 'Sam Lipsey', '{"team":"Lighthouse Old Timers Club","date_of_birth":"09/20/1998","date_added":"9/11/2025","jersey_number":"","headshot_note":""}'::jsonb),
  ('48ac59b3-4d1f-4626-b61d-a236ea81c204', 'casa', 'lighthouse-old-timers-club-juan cruz-llambias', 'Juan Cruz Llambias', '{"team":"Lighthouse Old Timers Club","date_of_birth":"08/26/1997","date_added":"9/11/2025","jersey_number":"","headshot_note":""}'::jsonb),
  ('111d816a-d874-4d93-9343-79e981c9752f', 'casa', 'lighthouse-old-timers-club-sean-mcconnel', 'Sean McConnel', '{"team":"Lighthouse Old Timers Club","date_of_birth":"09/04/1995","date_added":"9/19/2025","jersey_number":"","headshot_note":""}'::jsonb),
  ('a940633e-4bca-4cfc-a60a-f9cb7a2320ba', 'casa', 'lighthouse-old-timers-club-antonio-moral', 'Antonio Moral', '{"team":"Lighthouse Old Timers Club","date_of_birth":"11/09/1998","date_added":"9/26/2025","jersey_number":"","headshot_note":""}'::jsonb),
  ('de9cb4cc-d63f-4dd2-8c1c-1edf06c53dcd', 'casa', 'lighthouse-old-timers-club-manuel-morales', 'Manuel Morales', '{"team":"Lighthouse Old Timers Club","date_of_birth":"09/25/1977","date_added":"9/11/2025","jersey_number":"","headshot_note":""}'::jsonb),
  ('bb8cd548-2466-42cc-ba25-69fb78b49ee0', 'casa', 'lighthouse-old-timers-club-kevin-nguyen', 'Kevin Nguyen', '{"team":"Lighthouse Old Timers Club","date_of_birth":"05/09/1996","date_added":"9/13/2025","jersey_number":"","headshot_note":""}'::jsonb),
  ('30ad3a6b-773d-46d1-899c-8d0dda993f24', 'casa', 'lighthouse-old-timers-club-musa-osman', 'Musa Osman', '{"team":"Lighthouse Old Timers Club","date_of_birth":"07/01/2005","date_added":"9/26/2025","jersey_number":"","headshot_note":""}'::jsonb),
  ('2509066b-11f6-4787-a170-b13aa5d09449', 'casa', 'lighthouse-old-timers-club-marcelo-osorio-soto', 'Marcelo Osorio-Soto', '{"team":"Lighthouse Old Timers Club","date_of_birth":"11/14/1991","date_added":"","jersey_number":"","headshot_note":""}'::jsonb),
  ('6f0a63bb-ca9b-4b9a-a638-ba193b201efe', 'casa', 'lighthouse-old-timers-club-fabian-padilla', 'Fabian Padilla', '{"team":"Lighthouse Old Timers Club","date_of_birth":"11/01/1995","date_added":"9/13/2025","jersey_number":"","headshot_note":""}'::jsonb),
  ('7da0b6eb-fa1f-4f69-89d8-2ff3f0018215', 'casa', 'lighthouse-old-timers-club-ruben-piazzesi', 'Ruben Piazzesi', '{"team":"Lighthouse Old Timers Club","date_of_birth":"08/01/1997","date_added":"9/11/2025","jersey_number":"","headshot_note":""}'::jsonb),
  ('c101b11b-e3fb-4a5c-927f-d7f4ba531a8c', 'casa', 'lighthouse-old-timers-club-joshua-rosato', 'Joshua Rosato', '{"team":"Lighthouse Old Timers Club","date_of_birth":"11/04/1996","date_added":"9/11/2025","jersey_number":"","headshot_note":""}'::jsonb),
  ('dfb854c3-87c4-4a43-b00f-4247bc45143b', 'casa', 'lighthouse-old-timers-club-anuar-santos', 'Anuar Santos', '{"team":"Lighthouse Old Timers Club","date_of_birth":"12/31/1999","date_added":"10/10/2025","jersey_number":"","headshot_note":""}'::jsonb),
  ('aa172870-d9d8-4921-ba3d-7c31c4d92fc0', 'casa', 'lighthouse-old-timers-club-anthony-sagustume', 'Anthony Sagustume', '{"team":"Lighthouse Old Timers Club","date_of_birth":"07/10/1995","date_added":"9/11/2025","jersey_number":"","headshot_note":""}'::jsonb),
  ('ad55fc34-aa9c-4320-82f1-5059e27e80ac', 'casa', 'lighthouse-old-timers-club-yakup-serce', 'Yakup Serce', '{"team":"Lighthouse Old Timers Club","date_of_birth":"10/27/1998","date_added":"9/11/2025","jersey_number":"","headshot_note":""}'::jsonb),
  ('364f8bdc-9335-48a1-9543-6dbc0dd44431', 'casa', 'lighthouse-old-timers-club-christopher-solis', 'Christopher Solis', '{"team":"Lighthouse Old Timers Club","date_of_birth":"10/21/2005","date_added":"9/11/2025","jersey_number":"","headshot_note":""}'::jsonb),
  ('3cb3a53d-f590-4fad-ab33-f2e99b65e93b', 'casa', 'lighthouse-old-timers-club-juan-vizcaino', 'Juan Vizcaino', '{"team":"Lighthouse Old Timers Club","date_of_birth":"12/02/1995","date_added":"9/13/2025","jersey_number":"","headshot_note":""}'::jsonb),
  ('86701161-8da8-43c9-a24b-44e55bc5ae21', 'casa', 'lighthouse-old-timers-club-tom-diguilio', 'Tom Diguilio', '{"team":"Lighthouse Old Timers Club","date_of_birth":"11/17/1976","date_added":"9/13/2025","jersey_number":"","headshot_note":""}'::jsonb),
  ('f361888c-0539-46ab-9561-3dc5ccffc304', 'casa', 'lighthouse-old-timers-club-leo-santa', 'Leo Santa', '{"team":"Lighthouse Old Timers Club","date_of_birth":"12/12/1977","date_added":"9/13/2025","jersey_number":"","headshot_note":""}'::jsonb)
ON CONFLICT (user_id, provider) DO UPDATE SET
  external_id = EXCLUDED.external_id,
  external_username = EXCLUDED.external_username,
  external_data = EXCLUDED.external_data,
  updated_at = CURRENT_TIMESTAMP;

-- Ensure player records exist for all CASA users
INSERT INTO players (id) VALUES
  ('c4181d03-e17b-408d-b4df-f29c008b47b0'),
  ('e137068f-6134-4e97-bb88-8343d76bd9ed'),
  ('60d9d4bc-02c8-43e5-897e-2880def418ef'),
  ('9e496a85-da9b-4fc7-8c7f-1061683c0f85'),
  ('4709c331-c84a-4e24-b38c-cafd1ee75df0'),
  ('399c2d10-7dad-4e82-9eeb-4283d2c45224'),
  ('c18315ad-da4e-4c76-86f8-1e8e9825cafc'),
  ('fa2efec8-96e8-4001-8696-a1355d295284'),
  ('a2845ba7-09d6-4164-a77e-2d75bb3edfb2'),
  ('8dbad170-80c3-47b9-a96d-1a6fb27050c3'),
  ('5f23d1dd-6a7b-42f9-be99-c918c7d6be6f'),
  ('be2dc8e3-920c-4e6e-b348-b3d3ab6652b8'),
  ('d43d7624-7b05-4b47-9141-29aa37634c10'),
  ('4d5c9614-7cf9-40bd-b49e-40bfdf9576a0'),
  ('1a4a8680-56fa-4735-951a-ee8e589b818b'),
  ('8ccb8b4e-c0b6-41a9-a752-e17cea340a3b'),
  ('eb226f8c-c229-43ad-b1a4-1b9c09232e08'),
  ('104f8ec9-32f5-44c2-8fcd-686cb1c61092'),
  ('7d2bc9fe-2c1b-4dce-9138-99f0cc8e84ad'),
  ('ca1147ea-70a8-4255-820e-b71b71b869e2'),
  ('3f1dc5a6-1ad8-453d-b987-830fa0c7585a'),
  ('467402b3-ec3b-42b2-a7a8-4d4534057a85'),
  ('98eb6075-2679-41e4-a7c4-7cbddc7ca6d8'),
  ('065627b5-6e98-477c-b8f0-8e96c64df264'),
  ('5bf45ce0-173d-43bf-854e-53b623cfed18'),
  ('c38f5041-b100-4611-9bc3-a236b8b693c0'),
  ('bb8fcf46-b8ea-4b93-aa1a-974a950faa18'),
  ('89e676a4-42d7-4e4b-8456-19ca52a26c97'),
  ('18d1fb6e-a3bb-4c74-a9e7-3bac9241e8d0'),
  ('9eaae29f-8214-4da7-9304-e7c40758c6b6'),
  ('f86ecc66-74f3-42d0-88f3-33cb6604348b'),
  ('72b55f53-6133-46d9-8c0e-720e11936066'),
  ('a1d6bbaa-7947-4eaf-8ae3-4715c4bf7bc2'),
  ('e56b8354-6bd3-4fb5-9d10-b98621accbc0'),
  ('084413d5-edd5-48c8-8bc0-98937a7c59ed'),
  ('03c4e2e8-3526-42cd-a4c9-c74f1c599f93'),
  ('a17693dd-0093-4a1d-a821-e12c64564a3b'),
  ('13a0b76f-f77c-4d88-99af-159ed61cbfef'),
  ('a9d6808d-213c-467e-8f87-a6ce898bd4b8'),
  ('15bd0dc3-5fb0-4e40-8bfe-511cd31f4a9f'),
  ('ee54becc-9035-4f51-8ff4-548ff8853fe3'),
  ('c7593f2d-4a8c-4e79-b54d-70cf1ecebe3a'),
  ('48ac59b3-4d1f-4626-b61d-a236ea81c204'),
  ('111d816a-d874-4d93-9343-79e981c9752f'),
  ('a940633e-4bca-4cfc-a60a-f9cb7a2320ba'),
  ('de9cb4cc-d63f-4dd2-8c1c-1edf06c53dcd'),
  ('bb8cd548-2466-42cc-ba25-69fb78b49ee0'),
  ('30ad3a6b-773d-46d1-899c-8d0dda993f24'),
  ('2509066b-11f6-4787-a170-b13aa5d09449'),
  ('6f0a63bb-ca9b-4b9a-a638-ba193b201efe'),
  ('7da0b6eb-fa1f-4f69-89d8-2ff3f0018215'),
  ('c101b11b-e3fb-4a5c-927f-d7f4ba531a8c'),
  ('dfb854c3-87c4-4a43-b00f-4247bc45143b'),
  ('aa172870-d9d8-4921-ba3d-7c31c4d92fc0'),
  ('ad55fc34-aa9c-4320-82f1-5059e27e80ac'),
  ('364f8bdc-9335-48a1-9543-6dbc0dd44431'),
  ('3cb3a53d-f590-4fad-ab33-f2e99b65e93b'),
  ('86701161-8da8-43c9-a24b-44e55bc5ae21'),
  ('f361888c-0539-46ab-9561-3dc5ccffc304')
ON CONFLICT (id) DO NOTHING;

