-- ========================================
-- CASA USERS (Liga 1 Boys Club + Liga 2 Old Timers)
-- ========================================
-- Generated: 2025-12-08T02:14:25.033Z
-- Source: CASA Google Sheets
-- AUTO-GENERATED - DO NOT EDIT MANUALLY
-- Run scraper to regenerate: node database/scripts/casa-scraper/scrape-casa.js
-- ========================================

INSERT INTO users (id, first_name, last_name, avatar_url, date_of_birth, is_active) VALUES
  ('42a84cd9-9f9d-4bf6-a391-84e78ffcee31', 'Omar', 'Alzubair', NULL, '05/20/2000', true),
  ('a2a9b079-2976-42e7-8b84-c6d2eefd4ea5', 'Erwa', 'Babiker', NULL, '01/01/1996', true),
  ('ac756be4-12a4-48d0-9ddb-0be0e58c3ba4', 'Victor', 'Baidel', NULL, '09/09/2004', true),
  ('bfb79ed5-977c-4ce3-acbe-f6e4f74c9faf', 'Oumar', 'Barry', NULL, '10/17/2003', true),
  ('56ee685a-eb60-46d2-880a-1ef071cf1926', 'Aboubacar', 'Bayo', NULL, '05/29/2006', true),
  ('b3fd185c-c527-44c9-b9e9-34bfce5ba22c', 'Luke', 'Breslin', NULL, '08/17/2005', true),
  ('f22a59eb-1ce4-4d9e-a281-8c1eb02adabf', 'Luis', 'De Jesus', NULL, '04/16/2007', true),
  ('c82e447e-2f69-4ea2-926d-12b6b919199d', 'Abdoul', 'Diallo', NULL, '06/11/2006', true),
  ('5f27bf1e-9838-4e54-9b79-29e00818a508', 'Abouya', 'Gangue', NULL, '10/14/2003', true),
  ('b6e24a41-c453-4817-b2fe-d83a897d5e21', 'Edwin', 'Garcia', NULL, '02/19/2006', true),
  ('a3cf224d-2425-431a-b615-d781d191415e', 'Miles', 'Henry', NULL, '06/20/2000', true),
  ('140f1aba-a4a1-4ead-91bd-f22dda27f080', 'Andy', 'Hizdri', NULL, '02/09/2005', true),
  ('17a011a5-95d3-4a92-854f-578b4dee3d91', 'Arif', 'Hossain', NULL, '12/31/2003', true),
  ('dc261256-1ca9-47d3-8829-a0eb7f2f0ed4', 'Zuhab', 'Imran', NULL, '10/26/2006', true),
  ('2043150d-3a30-4330-bfdb-dde4e413d32f', 'Esnayder', 'Josue', NULL, '04/05/1998', true),
  ('d9fdf4ab-fee6-4ab8-ba1c-2dd809b313f7', 'Majid', 'Kawa', NULL, '12/08/2001', true),
  ('5909eac9-b22f-4aca-bc83-d975639733c5', 'Alexander', 'Lara', NULL, '08/14/1997', true),
  ('870a5166-5c8d-44c4-bee6-040fc84f029c', 'Matt', 'Leder', NULL, '06/15/1999', true),
  ('be2030f2-4723-42ba-83ed-0f3425ec745f', 'Valentino', 'Martinez', NULL, '10/18/2002', true),
  ('b255b1ce-1418-4a48-a730-3f406a1b0477', 'David', 'Masi', NULL, '07/07/2002', true),
  ('fe669e4e-1e61-4807-a2f4-c7cb11f7f7d4', 'Elmer', 'Mendoza', NULL, '08/04/2003', true),
  ('28a16dd6-5b2a-4324-96e6-ef81662e9979', 'Dylan', 'Moreno', NULL, '02/18/2005', true),
  ('0eb423a9-8cb9-4e40-9ae2-ec5448d70242', 'Babacar', 'Ndiaye', NULL, '02/28/2005', true),
  ('193aa56a-89df-4895-9155-3167d72a9774', 'Zion', 'Nwalipenja', NULL, '01/07/2005', true),
  ('f7851bd5-1713-47f0-ae91-bfa9030836ce', 'John', 'Oladele', NULL, '06/30/2000', true),
  ('eed66f2e-d9e7-4e80-b149-614eb0d424bf', 'Jemirkel', 'Ornaque', NULL, '08/05/1995', true),
  ('3782bb08-8751-4c83-97be-f04820855e5c', 'Joe', 'Riccitelli', NULL, '09/12/2002', true),
  ('37420d44-bf5d-4272-998e-805a8719e879', 'Caleb', 'Rojas', NULL, '12/03/2001', true),
  ('81ace9a8-1c1c-44d7-8088-50b3100f3429', 'Ali', 'Salah', NULL, '03/10/2007', true),
  ('6a16df6f-fb80-47f9-839e-2b9907e6538e', 'Daniel', 'Salmanca', NULL, '07/12/2007', true),
  ('add0a6d1-0b54-4be3-b6f3-2fd6ba86b36a', 'Hassane', 'Abdellaoui', NULL, '07/30/1999', true),
  ('a385e5ba-db17-4bf3-8f82-f7f5ed664145', 'Logan', 'Bersani', NULL, '06/18/1998', true),
  ('13727041-51bf-47a7-b2a1-f0b6b0348471', 'Amer', 'Bleik', NULL, '12/05/1998', true),
  ('5bac2c58-c35f-4a09-a321-53f037be70d7', 'James', 'Breslin', NULL, '07/24/1972', true),
  ('4df4e01c-ca46-493e-a87e-12f38f37ac5e', 'Birru', 'Golden', NULL, '04/16/1989', true),
  ('1968f621-953a-43a4-8a76-4b854edba414', 'Furkan', 'Elmas', NULL, '02/22/1997', true),
  ('71ed2fe6-9066-4293-ace2-245bb806c890', 'John', 'Gonzalez', NULL, '01/01/2000', true),
  ('a0cb82ee-5dc2-4160-8e9c-1402996b6ac5', 'John', 'Heiler', NULL, '08/05/1979', true),
  ('7bd9a52d-1f99-446c-9d27-5f9bcb7111b0', 'Justin', 'Katz', NULL, '03/27/1998', true),
  ('b80d59aa-b27f-4f2a-bc31-0030704d17ba', 'Brian', 'Kenny', NULL, '09/16/1993', true),
  ('6c6cb971-a502-4a9d-91b7-26c51194d7ed', 'Ladeuix', '07/28/1993', NULL, NULL, true),
  ('e454d8d4-4952-4a5d-80d8-8703a05966fb', 'Sam', 'Lipsey', NULL, '09/20/1998', true),
  ('dd5da298-087a-45d3-8b3c-ee0fd1ef1cf7', 'Juan Cruz', 'Llambias', NULL, '08/26/1997', true),
  ('be306945-9dc6-4ac9-8f0f-0a603edecedd', 'Sean', 'McConnel', NULL, '09/04/1995', true),
  ('caee8ce6-f284-4c4b-914b-ee0378160c4c', 'Antonio', 'Moral', NULL, '11/09/1998', true),
  ('3c09f57f-0c4e-49cf-9d3d-2655f2616542', 'Manuel', 'Morales', NULL, '09/25/1977', true),
  ('d09a9eb5-effd-409a-8ddd-a08e6f629127', 'Kevin', 'Nguyen', NULL, '05/09/1996', true),
  ('2ff47a35-8e8b-4ef2-b4de-da0ab027ed37', 'Musa', 'Osman', NULL, '07/01/2005', true),
  ('572ef7be-38db-41b6-b630-fc90dd00c720', 'Marcelo', 'Osorio-Soto', NULL, '11/14/1991', true),
  ('d18646e4-494a-42bf-9175-d487dc589299', 'Fabian', 'Padilla', NULL, '11/01/1995', true),
  ('fd60e7ec-dfcf-4a82-8f21-dd0ad567c707', 'Ruben', 'Piazzesi', NULL, '08/01/1997', true),
  ('ab3381ca-25b6-4720-9650-27d717f9184e', 'Joshua', 'Rosato', NULL, '11/04/1996', true),
  ('2b40318f-7d02-497b-b66b-797d640ec7f2', 'Anuar', 'Santos', NULL, '12/31/1999', true),
  ('c1a4e65e-ae02-4691-8b3e-879fe9e9f8d5', 'Anthony', 'Sagustume', NULL, '07/10/1995', true),
  ('ee540589-9178-43ae-863b-3f6eaf6e2d8b', 'Yakup', 'Serce', NULL, '10/27/1998', true),
  ('30d37bfc-55ef-4248-b7f8-054e312499bd', 'Christopher', 'Solis', NULL, '10/21/2005', true),
  ('8c2fdaf9-03c2-4518-9b68-a3b1877fa38f', 'Juan', 'Vizcaino', NULL, '12/02/1995', true),
  ('ab60d829-722b-4a87-a1c3-addb5f490e8f', 'Tom', 'Diguilio', NULL, '11/17/1976', true),
  ('f25a5287-bcea-4f02-a1be-29a548f9c163', 'Leo', 'Santa', NULL, '12/12/1977', true)
ON CONFLICT (id) DO UPDATE SET
  first_name = EXCLUDED.first_name,
  last_name = EXCLUDED.last_name,
  avatar_url = COALESCE(EXCLUDED.avatar_url, users.avatar_url),
  date_of_birth = COALESCE(EXCLUDED.date_of_birth, users.date_of_birth),
  updated_at = CURRENT_TIMESTAMP;

-- External identities for CASA players
INSERT INTO user_external_identities (user_id, provider, external_id, external_username, external_data) VALUES
  ('42a84cd9-9f9d-4bf6-a391-84e78ffcee31', 'casa', 'lighthouse-boys-club-omar-alzubair', 'Omar Alzubair', '{"team":"Lighthouse Boys Club","date_of_birth":"05/20/2000","date_added":"9/26/2025","jersey_number":"","headshot_note":""}'::jsonb),
  ('a2a9b079-2976-42e7-8b84-c6d2eefd4ea5', 'casa', 'lighthouse-boys-club-erwa-babiker', 'Erwa Babiker', '{"team":"Lighthouse Boys Club","date_of_birth":"01/01/1996","date_added":"10/30/2025","jersey_number":"","headshot_note":""}'::jsonb),
  ('ac756be4-12a4-48d0-9ddb-0be0e58c3ba4', 'casa', 'lighthouse-boys-club-victor-baidel', 'Victor Baidel', '{"team":"Lighthouse Boys Club","date_of_birth":"09/09/2004","date_added":"9/13/2025","jersey_number":"","headshot_note":""}'::jsonb),
  ('bfb79ed5-977c-4ce3-acbe-f6e4f74c9faf', 'casa', 'lighthouse-boys-club-oumar-barry', 'Oumar Barry', '{"team":"Lighthouse Boys Club","date_of_birth":"10/17/2003","date_added":"9/13/2025","jersey_number":"","headshot_note":""}'::jsonb),
  ('56ee685a-eb60-46d2-880a-1ef071cf1926', 'casa', 'lighthouse-boys-club-aboubacar-bayo', 'Aboubacar Bayo', '{"team":"Lighthouse Boys Club","date_of_birth":"05/29/2006","date_added":"9/13/2025","jersey_number":"","headshot_note":""}'::jsonb),
  ('b3fd185c-c527-44c9-b9e9-34bfce5ba22c', 'casa', 'lighthouse-boys-club-luke-breslin', 'Luke Breslin', '{"team":"Lighthouse Boys Club","date_of_birth":"08/17/2005","date_added":"9/19/2025","jersey_number":"","headshot_note":""}'::jsonb),
  ('f22a59eb-1ce4-4d9e-a281-8c1eb02adabf', 'casa', 'lighthouse-boys-club-luis-de jesus', 'Luis De Jesus', '{"team":"Lighthouse Boys Club","date_of_birth":"04/16/2007","date_added":"9/26/2025","jersey_number":"","headshot_note":""}'::jsonb),
  ('c82e447e-2f69-4ea2-926d-12b6b919199d', 'casa', 'lighthouse-boys-club-abdoul-diallo', 'Abdoul Diallo', '{"team":"Lighthouse Boys Club","date_of_birth":"06/11/2006","date_added":"9/13/2025","jersey_number":"","headshot_note":""}'::jsonb),
  ('5f27bf1e-9838-4e54-9b79-29e00818a508', 'casa', 'lighthouse-boys-club-abouya-gangue', 'Abouya Gangue', '{"team":"Lighthouse Boys Club","date_of_birth":"10/14/2003","date_added":"10/10/2025","jersey_number":"","headshot_note":""}'::jsonb),
  ('b6e24a41-c453-4817-b2fe-d83a897d5e21', 'casa', 'lighthouse-boys-club-edwin-garcia', 'Edwin Garcia', '{"team":"Lighthouse Boys Club","date_of_birth":"02/19/2006","date_added":"9/26/2025","jersey_number":"","headshot_note":""}'::jsonb),
  ('a3cf224d-2425-431a-b615-d781d191415e', 'casa', 'lighthouse-boys-club-miles-henry', 'Miles Henry', '{"team":"Lighthouse Boys Club","date_of_birth":"06/20/2000","date_added":"9/13/2025","jersey_number":"","headshot_note":""}'::jsonb),
  ('140f1aba-a4a1-4ead-91bd-f22dda27f080', 'casa', 'lighthouse-boys-club-andy-hizdri', 'Andy Hizdri', '{"team":"Lighthouse Boys Club","date_of_birth":"02/09/2005","date_added":"9/13/2025","jersey_number":"","headshot_note":""}'::jsonb),
  ('17a011a5-95d3-4a92-854f-578b4dee3d91', 'casa', 'lighthouse-boys-club-arif-hossain', 'Arif Hossain', '{"team":"Lighthouse Boys Club","date_of_birth":"12/31/2003","date_added":"9/13/2025","jersey_number":"","headshot_note":""}'::jsonb),
  ('dc261256-1ca9-47d3-8829-a0eb7f2f0ed4', 'casa', 'lighthouse-boys-club-zuhab-imran', 'Zuhab Imran', '{"team":"Lighthouse Boys Club","date_of_birth":"10/26/2006","date_added":"9/19/2025","jersey_number":"","headshot_note":""}'::jsonb),
  ('2043150d-3a30-4330-bfdb-dde4e413d32f', 'casa', 'lighthouse-boys-club-esnayder-josue', 'Esnayder Josue', '{"team":"Lighthouse Boys Club","date_of_birth":"04/05/1998","date_added":"11/14/2025","jersey_number":"","headshot_note":""}'::jsonb),
  ('d9fdf4ab-fee6-4ab8-ba1c-2dd809b313f7', 'casa', 'lighthouse-boys-club-majid-kawa', 'Majid Kawa', '{"team":"Lighthouse Boys Club","date_of_birth":"12/08/2001","date_added":"11/7/2025","jersey_number":"","headshot_note":""}'::jsonb),
  ('5909eac9-b22f-4aca-bc83-d975639733c5', 'casa', 'lighthouse-boys-club-alexander-lara', 'Alexander Lara', '{"team":"Lighthouse Boys Club","date_of_birth":"08/14/1997","date_added":"9/13/2025","jersey_number":"","headshot_note":""}'::jsonb),
  ('870a5166-5c8d-44c4-bee6-040fc84f029c', 'casa', 'lighthouse-boys-club-matt-leder', 'Matt Leder', '{"team":"Lighthouse Boys Club","date_of_birth":"06/15/1999","date_added":"9/26/2025","jersey_number":"","headshot_note":""}'::jsonb),
  ('be2030f2-4723-42ba-83ed-0f3425ec745f', 'casa', 'lighthouse-boys-club-valentino-martinez', 'Valentino Martinez', '{"team":"Lighthouse Boys Club","date_of_birth":"10/18/2002","date_added":"10/30/2025","jersey_number":"","headshot_note":""}'::jsonb),
  ('b255b1ce-1418-4a48-a730-3f406a1b0477', 'casa', 'lighthouse-boys-club-david-masi', 'David Masi', '{"team":"Lighthouse Boys Club","date_of_birth":"07/07/2002","date_added":"9/13/2025","jersey_number":"","headshot_note":""}'::jsonb),
  ('fe669e4e-1e61-4807-a2f4-c7cb11f7f7d4', 'casa', 'lighthouse-boys-club-elmer-mendoza', 'Elmer Mendoza', '{"team":"Lighthouse Boys Club","date_of_birth":"08/04/2003","date_added":"9/13/2025","jersey_number":"","headshot_note":""}'::jsonb),
  ('28a16dd6-5b2a-4324-96e6-ef81662e9979', 'casa', 'lighthouse-boys-club-dylan-moreno', 'Dylan Moreno', '{"team":"Lighthouse Boys Club","date_of_birth":"02/18/2005","date_added":"9/19/2025","jersey_number":"","headshot_note":""}'::jsonb),
  ('0eb423a9-8cb9-4e40-9ae2-ec5448d70242', 'casa', 'lighthouse-boys-club-babacar-ndiaye', 'Babacar Ndiaye', '{"team":"Lighthouse Boys Club","date_of_birth":"02/28/2005","date_added":"9/13/2025","jersey_number":"","headshot_note":""}'::jsonb),
  ('193aa56a-89df-4895-9155-3167d72a9774', 'casa', 'lighthouse-boys-club-zion-nwalipenja', 'Zion Nwalipenja', '{"team":"Lighthouse Boys Club","date_of_birth":"01/07/2005","date_added":"9/13/2025","jersey_number":"","headshot_note":""}'::jsonb),
  ('f7851bd5-1713-47f0-ae91-bfa9030836ce', 'casa', 'lighthouse-boys-club-john-oladele', 'John Oladele', '{"team":"Lighthouse Boys Club","date_of_birth":"06/30/2000","date_added":"9/13/2025","jersey_number":"","headshot_note":""}'::jsonb),
  ('eed66f2e-d9e7-4e80-b149-614eb0d424bf', 'casa', 'lighthouse-boys-club-jemirkel-ornaque', 'Jemirkel Ornaque', '{"team":"Lighthouse Boys Club","date_of_birth":"08/05/1995","date_added":"9/13/2025","jersey_number":"","headshot_note":""}'::jsonb),
  ('3782bb08-8751-4c83-97be-f04820855e5c', 'casa', 'lighthouse-boys-club-joe-riccitelli', 'Joe Riccitelli', '{"team":"Lighthouse Boys Club","date_of_birth":"09/12/2002","date_added":"9/13/2025","jersey_number":"","headshot_note":""}'::jsonb),
  ('37420d44-bf5d-4272-998e-805a8719e879', 'casa', 'lighthouse-boys-club-caleb-rojas', 'Caleb Rojas', '{"team":"Lighthouse Boys Club","date_of_birth":"12/03/2001","date_added":"11/3/2025","jersey_number":"","headshot_note":""}'::jsonb),
  ('81ace9a8-1c1c-44d7-8088-50b3100f3429', 'casa', 'lighthouse-boys-club-ali-salah', 'Ali Salah', '{"team":"Lighthouse Boys Club","date_of_birth":"03/10/2007","date_added":"9/19/2025","jersey_number":"","headshot_note":""}'::jsonb),
  ('6a16df6f-fb80-47f9-839e-2b9907e6538e', 'casa', 'lighthouse-boys-club-daniel-salmanca', 'Daniel Salmanca', '{"team":"Lighthouse Boys Club","date_of_birth":"07/12/2007","date_added":"9/13/2025","jersey_number":"","headshot_note":""}'::jsonb),
  ('add0a6d1-0b54-4be3-b6f3-2fd6ba86b36a', 'casa', 'lighthouse-old-timers-club-hassane-abdellaoui', 'Hassane Abdellaoui', '{"team":"Lighthouse Old Timers Club","date_of_birth":"07/30/1999","date_added":"10/10/2025","jersey_number":"","headshot_note":"PLAYER SHOULD BRING ID UNTIL HEADSHOT IS ADDED"}'::jsonb),
  ('a385e5ba-db17-4bf3-8f82-f7f5ed664145', 'casa', 'lighthouse-old-timers-club-logan-bersani', 'Logan Bersani', '{"team":"Lighthouse Old Timers Club","date_of_birth":"06/18/1998","date_added":"9/11/2025","jersey_number":"","headshot_note":""}'::jsonb),
  ('13727041-51bf-47a7-b2a1-f0b6b0348471', 'casa', 'lighthouse-old-timers-club-amer-bleik', 'Amer Bleik', '{"team":"Lighthouse Old Timers Club","date_of_birth":"12/05/1998","date_added":"9/11/2025","jersey_number":"","headshot_note":""}'::jsonb),
  ('5bac2c58-c35f-4a09-a321-53f037be70d7', 'casa', 'lighthouse-old-timers-club-james-breslin', 'James Breslin', '{"team":"Lighthouse Old Timers Club","date_of_birth":"07/24/1972","date_added":"11/1/2025","jersey_number":"","headshot_note":""}'::jsonb),
  ('4df4e01c-ca46-493e-a87e-12f38f37ac5e', 'casa', 'lighthouse-old-timers-club-birru-golden', 'Birru Golden', '{"team":"Lighthouse Old Timers Club","date_of_birth":"04/16/1989","date_added":"10/10/2025","jersey_number":"","headshot_note":"PLAYER SHOULD BRING ID UNTIL HEADSHOT IS ADDED"}'::jsonb),
  ('1968f621-953a-43a4-8a76-4b854edba414', 'casa', 'lighthouse-old-timers-club-furkan-elmas', 'Furkan Elmas', '{"team":"Lighthouse Old Timers Club","date_of_birth":"02/22/1997","date_added":"10/10/2025","jersey_number":"","headshot_note":""}'::jsonb),
  ('71ed2fe6-9066-4293-ace2-245bb806c890', 'casa', 'lighthouse-old-timers-club-john-gonzalez', 'John Gonzalez', '{"team":"Lighthouse Old Timers Club","date_of_birth":"01/01/2000","date_added":"9/19/2025","jersey_number":"","headshot_note":""}'::jsonb),
  ('a0cb82ee-5dc2-4160-8e9c-1402996b6ac5', 'casa', 'lighthouse-old-timers-club-john-heiler', 'John Heiler', '{"team":"Lighthouse Old Timers Club","date_of_birth":"08/05/1979","date_added":"9/11/2025","jersey_number":"","headshot_note":""}'::jsonb),
  ('7bd9a52d-1f99-446c-9d27-5f9bcb7111b0', 'casa', 'lighthouse-old-timers-club-justin-katz', 'Justin Katz', '{"team":"Lighthouse Old Timers Club","date_of_birth":"03/27/1998","date_added":"9/11/2025","jersey_number":"","headshot_note":""}'::jsonb),
  ('b80d59aa-b27f-4f2a-bc31-0030704d17ba', 'casa', 'lighthouse-old-timers-club-brian-kenny', 'Brian Kenny', '{"team":"Lighthouse Old Timers Club","date_of_birth":"09/16/1993","date_added":"9/19/2025","jersey_number":"","headshot_note":""}'::jsonb),
  ('6c6cb971-a502-4a9d-91b7-26c51194d7ed', 'casa', 'lighthouse-old-timers-club-ladeuix-07/28/1993', 'Ladeuix 07/28/1993', '{"team":"Lighthouse Old Timers Club","date_of_birth":"","date_added":"","headshot_note":"10/10/2025"}'::jsonb),
  ('e454d8d4-4952-4a5d-80d8-8703a05966fb', 'casa', 'lighthouse-old-timers-club-sam-lipsey', 'Sam Lipsey', '{"team":"Lighthouse Old Timers Club","date_of_birth":"09/20/1998","date_added":"9/11/2025","jersey_number":"","headshot_note":""}'::jsonb),
  ('dd5da298-087a-45d3-8b3c-ee0fd1ef1cf7', 'casa', 'lighthouse-old-timers-club-juan cruz-llambias', 'Juan Cruz Llambias', '{"team":"Lighthouse Old Timers Club","date_of_birth":"08/26/1997","date_added":"9/11/2025","jersey_number":"","headshot_note":""}'::jsonb),
  ('be306945-9dc6-4ac9-8f0f-0a603edecedd', 'casa', 'lighthouse-old-timers-club-sean-mcconnel', 'Sean McConnel', '{"team":"Lighthouse Old Timers Club","date_of_birth":"09/04/1995","date_added":"9/19/2025","jersey_number":"","headshot_note":""}'::jsonb),
  ('caee8ce6-f284-4c4b-914b-ee0378160c4c', 'casa', 'lighthouse-old-timers-club-antonio-moral', 'Antonio Moral', '{"team":"Lighthouse Old Timers Club","date_of_birth":"11/09/1998","date_added":"9/26/2025","jersey_number":"","headshot_note":""}'::jsonb),
  ('3c09f57f-0c4e-49cf-9d3d-2655f2616542', 'casa', 'lighthouse-old-timers-club-manuel-morales', 'Manuel Morales', '{"team":"Lighthouse Old Timers Club","date_of_birth":"09/25/1977","date_added":"9/11/2025","jersey_number":"","headshot_note":""}'::jsonb),
  ('d09a9eb5-effd-409a-8ddd-a08e6f629127', 'casa', 'lighthouse-old-timers-club-kevin-nguyen', 'Kevin Nguyen', '{"team":"Lighthouse Old Timers Club","date_of_birth":"05/09/1996","date_added":"9/13/2025","jersey_number":"","headshot_note":""}'::jsonb),
  ('2ff47a35-8e8b-4ef2-b4de-da0ab027ed37', 'casa', 'lighthouse-old-timers-club-musa-osman', 'Musa Osman', '{"team":"Lighthouse Old Timers Club","date_of_birth":"07/01/2005","date_added":"9/26/2025","jersey_number":"","headshot_note":""}'::jsonb),
  ('572ef7be-38db-41b6-b630-fc90dd00c720', 'casa', 'lighthouse-old-timers-club-marcelo-osorio-soto', 'Marcelo Osorio-Soto', '{"team":"Lighthouse Old Timers Club","date_of_birth":"11/14/1991","date_added":"","jersey_number":"","headshot_note":""}'::jsonb),
  ('d18646e4-494a-42bf-9175-d487dc589299', 'casa', 'lighthouse-old-timers-club-fabian-padilla', 'Fabian Padilla', '{"team":"Lighthouse Old Timers Club","date_of_birth":"11/01/1995","date_added":"9/13/2025","jersey_number":"","headshot_note":""}'::jsonb),
  ('fd60e7ec-dfcf-4a82-8f21-dd0ad567c707', 'casa', 'lighthouse-old-timers-club-ruben-piazzesi', 'Ruben Piazzesi', '{"team":"Lighthouse Old Timers Club","date_of_birth":"08/01/1997","date_added":"9/11/2025","jersey_number":"","headshot_note":""}'::jsonb),
  ('ab3381ca-25b6-4720-9650-27d717f9184e', 'casa', 'lighthouse-old-timers-club-joshua-rosato', 'Joshua Rosato', '{"team":"Lighthouse Old Timers Club","date_of_birth":"11/04/1996","date_added":"9/11/2025","jersey_number":"","headshot_note":""}'::jsonb),
  ('2b40318f-7d02-497b-b66b-797d640ec7f2', 'casa', 'lighthouse-old-timers-club-anuar-santos', 'Anuar Santos', '{"team":"Lighthouse Old Timers Club","date_of_birth":"12/31/1999","date_added":"10/10/2025","jersey_number":"","headshot_note":""}'::jsonb),
  ('c1a4e65e-ae02-4691-8b3e-879fe9e9f8d5', 'casa', 'lighthouse-old-timers-club-anthony-sagustume', 'Anthony Sagustume', '{"team":"Lighthouse Old Timers Club","date_of_birth":"07/10/1995","date_added":"9/11/2025","jersey_number":"","headshot_note":""}'::jsonb),
  ('ee540589-9178-43ae-863b-3f6eaf6e2d8b', 'casa', 'lighthouse-old-timers-club-yakup-serce', 'Yakup Serce', '{"team":"Lighthouse Old Timers Club","date_of_birth":"10/27/1998","date_added":"9/11/2025","jersey_number":"","headshot_note":""}'::jsonb),
  ('30d37bfc-55ef-4248-b7f8-054e312499bd', 'casa', 'lighthouse-old-timers-club-christopher-solis', 'Christopher Solis', '{"team":"Lighthouse Old Timers Club","date_of_birth":"10/21/2005","date_added":"9/11/2025","jersey_number":"","headshot_note":""}'::jsonb),
  ('8c2fdaf9-03c2-4518-9b68-a3b1877fa38f', 'casa', 'lighthouse-old-timers-club-juan-vizcaino', 'Juan Vizcaino', '{"team":"Lighthouse Old Timers Club","date_of_birth":"12/02/1995","date_added":"9/13/2025","jersey_number":"","headshot_note":""}'::jsonb),
  ('ab60d829-722b-4a87-a1c3-addb5f490e8f', 'casa', 'lighthouse-old-timers-club-tom-diguilio', 'Tom Diguilio', '{"team":"Lighthouse Old Timers Club","date_of_birth":"11/17/1976","date_added":"9/13/2025","jersey_number":"","headshot_note":""}'::jsonb),
  ('f25a5287-bcea-4f02-a1be-29a548f9c163', 'casa', 'lighthouse-old-timers-club-leo-santa', 'Leo Santa', '{"team":"Lighthouse Old Timers Club","date_of_birth":"12/12/1977","date_added":"9/13/2025","jersey_number":"","headshot_note":""}'::jsonb)
ON CONFLICT (user_id, provider) DO UPDATE SET
  external_id = EXCLUDED.external_id,
  external_username = EXCLUDED.external_username,
  external_data = EXCLUDED.external_data,
  updated_at = CURRENT_TIMESTAMP;

-- Ensure player records exist for all CASA users
INSERT INTO players (id) VALUES
  ('42a84cd9-9f9d-4bf6-a391-84e78ffcee31'),
  ('a2a9b079-2976-42e7-8b84-c6d2eefd4ea5'),
  ('ac756be4-12a4-48d0-9ddb-0be0e58c3ba4'),
  ('bfb79ed5-977c-4ce3-acbe-f6e4f74c9faf'),
  ('56ee685a-eb60-46d2-880a-1ef071cf1926'),
  ('b3fd185c-c527-44c9-b9e9-34bfce5ba22c'),
  ('f22a59eb-1ce4-4d9e-a281-8c1eb02adabf'),
  ('c82e447e-2f69-4ea2-926d-12b6b919199d'),
  ('5f27bf1e-9838-4e54-9b79-29e00818a508'),
  ('b6e24a41-c453-4817-b2fe-d83a897d5e21'),
  ('a3cf224d-2425-431a-b615-d781d191415e'),
  ('140f1aba-a4a1-4ead-91bd-f22dda27f080'),
  ('17a011a5-95d3-4a92-854f-578b4dee3d91'),
  ('dc261256-1ca9-47d3-8829-a0eb7f2f0ed4'),
  ('2043150d-3a30-4330-bfdb-dde4e413d32f'),
  ('d9fdf4ab-fee6-4ab8-ba1c-2dd809b313f7'),
  ('5909eac9-b22f-4aca-bc83-d975639733c5'),
  ('870a5166-5c8d-44c4-bee6-040fc84f029c'),
  ('be2030f2-4723-42ba-83ed-0f3425ec745f'),
  ('b255b1ce-1418-4a48-a730-3f406a1b0477'),
  ('fe669e4e-1e61-4807-a2f4-c7cb11f7f7d4'),
  ('28a16dd6-5b2a-4324-96e6-ef81662e9979'),
  ('0eb423a9-8cb9-4e40-9ae2-ec5448d70242'),
  ('193aa56a-89df-4895-9155-3167d72a9774'),
  ('f7851bd5-1713-47f0-ae91-bfa9030836ce'),
  ('eed66f2e-d9e7-4e80-b149-614eb0d424bf'),
  ('3782bb08-8751-4c83-97be-f04820855e5c'),
  ('37420d44-bf5d-4272-998e-805a8719e879'),
  ('81ace9a8-1c1c-44d7-8088-50b3100f3429'),
  ('6a16df6f-fb80-47f9-839e-2b9907e6538e'),
  ('add0a6d1-0b54-4be3-b6f3-2fd6ba86b36a'),
  ('a385e5ba-db17-4bf3-8f82-f7f5ed664145'),
  ('13727041-51bf-47a7-b2a1-f0b6b0348471'),
  ('5bac2c58-c35f-4a09-a321-53f037be70d7'),
  ('4df4e01c-ca46-493e-a87e-12f38f37ac5e'),
  ('1968f621-953a-43a4-8a76-4b854edba414'),
  ('71ed2fe6-9066-4293-ace2-245bb806c890'),
  ('a0cb82ee-5dc2-4160-8e9c-1402996b6ac5'),
  ('7bd9a52d-1f99-446c-9d27-5f9bcb7111b0'),
  ('b80d59aa-b27f-4f2a-bc31-0030704d17ba'),
  ('6c6cb971-a502-4a9d-91b7-26c51194d7ed'),
  ('e454d8d4-4952-4a5d-80d8-8703a05966fb'),
  ('dd5da298-087a-45d3-8b3c-ee0fd1ef1cf7'),
  ('be306945-9dc6-4ac9-8f0f-0a603edecedd'),
  ('caee8ce6-f284-4c4b-914b-ee0378160c4c'),
  ('3c09f57f-0c4e-49cf-9d3d-2655f2616542'),
  ('d09a9eb5-effd-409a-8ddd-a08e6f629127'),
  ('2ff47a35-8e8b-4ef2-b4de-da0ab027ed37'),
  ('572ef7be-38db-41b6-b630-fc90dd00c720'),
  ('d18646e4-494a-42bf-9175-d487dc589299'),
  ('fd60e7ec-dfcf-4a82-8f21-dd0ad567c707'),
  ('ab3381ca-25b6-4720-9650-27d717f9184e'),
  ('2b40318f-7d02-497b-b66b-797d640ec7f2'),
  ('c1a4e65e-ae02-4691-8b3e-879fe9e9f8d5'),
  ('ee540589-9178-43ae-863b-3f6eaf6e2d8b'),
  ('30d37bfc-55ef-4248-b7f8-054e312499bd'),
  ('8c2fdaf9-03c2-4518-9b68-a3b1877fa38f'),
  ('ab60d829-722b-4a87-a1c3-addb5f490e8f'),
  ('f25a5287-bcea-4f02-a1be-29a548f9c163')
ON CONFLICT (id) DO NOTHING;

