-- ========================================
-- CASA USERS (Liga 1 Boys Club + Liga 2 Old Timers)
-- ========================================
-- Generated: 2025-12-08T21:20:19.447Z
-- Source: CASA Google Sheets
-- AUTO-GENERATED - DO NOT EDIT MANUALLY
-- Run scraper to regenerate: node database/scripts/casa-scraper/scrape-casa.js
-- ========================================

INSERT INTO users (id, first_name, last_name, avatar_url, date_of_birth, is_active) VALUES
  ('07b8a042-43fa-4087-8d18-6d212268bdc9', 'Omar', 'Alzubair', NULL, '05/20/2000', true),
  ('9631d126-f625-476d-baf7-45ac27553c47', 'Erwa', 'Babiker', NULL, '01/01/1996', true),
  ('deeee325-d123-42b3-990d-631a8fc3ba23', 'Victor', 'Baidel', NULL, '09/09/2004', true),
  ('41379df7-f2d9-4901-8bcc-9569dc434bb5', 'Oumar', 'Barry', NULL, '10/17/2003', true),
  ('6792ef4f-1a78-4ece-8922-f1fdcc13d617', 'Aboubacar', 'Bayo', NULL, '05/29/2006', true),
  ('37a66fde-8f7d-4111-88c2-036dffdbaa16', 'Luke', 'Breslin', NULL, '08/17/2005', true),
  ('14129040-f85f-4d51-a37f-746c0a576e06', 'Luis', 'De Jesus', NULL, '04/16/2007', true),
  ('2eecf4e5-613f-4828-b42e-dae0fd8dca15', 'Abdoul', 'Diallo', NULL, '06/11/2006', true),
  ('843314e1-c135-431c-b56b-ec86203426dc', 'Abouya', 'Gangue', NULL, '10/14/2003', true),
  ('5122db4b-6115-4ced-a55d-240b913fd692', 'Edwin', 'Garcia', NULL, '02/19/2006', true),
  ('6fee7a6e-daa0-41c3-a251-1daf8811975b', 'Miles', 'Henry', NULL, '06/20/2000', true),
  ('f84c7cf9-3aea-4fab-bac1-a605ccacfc53', 'Andy', 'Hizdri', NULL, '02/09/2005', true),
  ('73324f1a-2c2a-4e1e-9168-914262ea1557', 'Arif', 'Hossain', NULL, '12/31/2003', true),
  ('5e0340bb-b327-4898-afc0-fc6d07c02480', 'Zuhab', 'Imran', NULL, '10/26/2006', true),
  ('0fe73e80-ac22-409a-ada5-66ff1ccd3eea', 'Esnayder', 'Josue', NULL, '04/05/1998', true),
  ('37ea7881-0bb1-4b22-b49a-2a8333e2cdbb', 'Majid', 'Kawa', NULL, '12/08/2001', true),
  ('482885be-f692-4fa3-be25-17f870c290a5', 'Alexander', 'Lara', NULL, '08/14/1997', true),
  ('75fa08f5-385c-4146-9024-593817529426', 'Matt', 'Leder', NULL, '06/15/1999', true),
  ('c25d264b-876d-4cd4-92f5-cfc673f729aa', 'Valentino', 'Martinez', NULL, '10/18/2002', true),
  ('53212e4a-f68b-4a42-8464-ef6159d7c7b2', 'David', 'Masi', NULL, '07/07/2002', true),
  ('5c22612f-c054-4101-b85e-7be5403e551c', 'Elmer', 'Mendoza', NULL, '08/04/2003', true),
  ('79d89dc1-4ef6-49c4-85ec-75f667a97054', 'Dylan', 'Moreno', NULL, '02/18/2005', true),
  ('6ee18845-2c57-4385-a323-a500e5641504', 'Babacar', 'Ndiaye', NULL, '02/28/2005', true),
  ('1646b88c-127a-4b55-9652-d06c9d6112e4', 'Zion', 'Nwalipenja', NULL, '01/07/2005', true),
  ('3eeeac3f-c4e9-4e82-b1cf-6966f919bf1e', 'John', 'Oladele', NULL, '06/30/2000', true),
  ('9de23a35-b7a5-464e-95a4-75a320fd9de0', 'Jemirkel', 'Ornaque', NULL, '08/05/1995', true),
  ('67ce819f-2ab0-41e9-87cf-a3a8e50bae29', 'Joe', 'Riccitelli', NULL, '09/12/2002', true),
  ('6b054f46-d854-494e-95c5-aeeb85e3b7f9', 'Caleb', 'Rojas', NULL, '12/03/2001', true),
  ('689def53-67ba-4b68-8c97-fb576ddd3e2f', 'Ali', 'Salah', NULL, '03/10/2007', true),
  ('e984a524-deec-402a-8648-e6efd22e456d', 'Daniel', 'Salmanca', NULL, '07/12/2007', true),
  ('fb0c1c28-c9a0-4eea-bb4e-708ebb52514c', 'Hassane', 'Abdellaoui', NULL, '07/30/1999', true),
  ('b2347208-9f07-4cb0-bbb6-1890092c42e8', 'Logan', 'Bersani', NULL, '06/18/1998', true),
  ('6686d338-b841-4d61-b8a2-528edc634059', 'Amer', 'Bleik', NULL, '12/05/1998', true),
  ('3524419a-8874-4691-a7eb-8bec90eb137e', 'James', 'Breslin', NULL, '07/24/1972', true),
  ('744e68ca-43a4-4f81-8622-896960f58bbf', 'Birru', 'Golden', NULL, '04/16/1989', true),
  ('09c426b7-95d0-4fc7-bdd7-bbb0e7fb8e83', 'Furkan', 'Elmas', NULL, '02/22/1997', true),
  ('1370225b-67b6-4f05-9c20-deec55312f97', 'John', 'Gonzalez', NULL, '01/01/2000', true),
  ('f4356761-c591-4baa-af2c-f3e40cef8d91', 'John', 'Heiler', NULL, '08/05/1979', true),
  ('758e87ed-9df9-4faa-8b67-7f70fa026897', 'Justin', 'Katz', NULL, '03/27/1998', true),
  ('b38da3f8-444f-4a5a-b344-cb8a6d5ecf9b', 'Brian', 'Kenny', NULL, '09/16/1993', true),
  ('7e26c5c9-0d54-4ff9-9f45-1da78865b07a', 'Ladeuix', '07/28/1993', NULL, NULL, true),
  ('e261b632-9f87-4ab0-b0c8-0c77f040ce32', 'Sam', 'Lipsey', NULL, '09/20/1998', true),
  ('01d9797a-1063-4585-a18a-19a9ac9a9d34', 'Juan Cruz', 'Llambias', NULL, '08/26/1997', true),
  ('2d0187db-83b0-4b21-9169-8b3aafae045b', 'Sean', 'McConnel', NULL, '09/04/1995', true),
  ('3a7298b8-a3fe-40cd-a448-b90e5989fafc', 'Antonio', 'Moral', NULL, '11/09/1998', true),
  ('55b1d7ce-6447-4d60-9749-3055d8a210fe', 'Manuel', 'Morales', NULL, '09/25/1977', true),
  ('1152945c-cc0b-4d05-9e8c-a6b7214420d1', 'Kevin', 'Nguyen', NULL, '05/09/1996', true),
  ('6b3f1cd6-163f-4e7f-8a83-936b60629c83', 'Musa', 'Osman', NULL, '07/01/2005', true),
  ('f44a7943-273f-46a4-a469-9c56c56b393e', 'Marcelo', 'Osorio-Soto', NULL, '11/14/1991', true),
  ('5233815f-88fb-41eb-9ce3-6574943a406f', 'Fabian', 'Padilla', NULL, '11/01/1995', true),
  ('fd0f0903-e975-4ce5-bc24-9d70f8890e6b', 'Ruben', 'Piazzesi', NULL, '08/01/1997', true),
  ('c0e520d4-60ad-4068-866d-a0e6ad511f44', 'Joshua', 'Rosato', NULL, '11/04/1996', true),
  ('85dbaa02-33d9-43c1-b6ec-b8c2f986fa05', 'Anuar', 'Santos', NULL, '12/31/1999', true),
  ('59b0c476-82e6-4960-9239-700c8ce0b011', 'Anthony', 'Sagustume', NULL, '07/10/1995', true),
  ('e7df25e2-864f-46de-a4a7-49fdca630e9c', 'Yakup', 'Serce', NULL, '10/27/1998', true),
  ('9a5b2deb-8926-4b6a-8151-bf863be11992', 'Christopher', 'Solis', NULL, '10/21/2005', true),
  ('36f21bd9-cb0f-41e1-bb6c-3c1551652733', 'Juan', 'Vizcaino', NULL, '12/02/1995', true),
  ('61312e80-5c3e-4553-8ab9-2c00d75e3794', 'Tom', 'Diguilio', NULL, '11/17/1976', true),
  ('4ab38770-a329-4095-bf94-123f2140b87e', 'Leo', 'Santa', NULL, '12/12/1977', true)
ON CONFLICT (id) DO UPDATE SET
  first_name = EXCLUDED.first_name,
  last_name = EXCLUDED.last_name,
  avatar_url = COALESCE(EXCLUDED.avatar_url, users.avatar_url),
  date_of_birth = COALESCE(EXCLUDED.date_of_birth, users.date_of_birth),
  updated_at = CURRENT_TIMESTAMP;

-- External identities for CASA players
INSERT INTO user_external_identities (user_id, provider, external_id, external_username, external_data) VALUES
  ('07b8a042-43fa-4087-8d18-6d212268bdc9', 'casa', 'lighthouse-boys-club-omar-alzubair', 'Omar Alzubair', '{"team":"Lighthouse Boys Club","date_of_birth":"05/20/2000","date_added":"9/26/2025","jersey_number":"","headshot_note":""}'::jsonb),
  ('9631d126-f625-476d-baf7-45ac27553c47', 'casa', 'lighthouse-boys-club-erwa-babiker', 'Erwa Babiker', '{"team":"Lighthouse Boys Club","date_of_birth":"01/01/1996","date_added":"10/30/2025","jersey_number":"","headshot_note":""}'::jsonb),
  ('deeee325-d123-42b3-990d-631a8fc3ba23', 'casa', 'lighthouse-boys-club-victor-baidel', 'Victor Baidel', '{"team":"Lighthouse Boys Club","date_of_birth":"09/09/2004","date_added":"9/13/2025","jersey_number":"","headshot_note":""}'::jsonb),
  ('41379df7-f2d9-4901-8bcc-9569dc434bb5', 'casa', 'lighthouse-boys-club-oumar-barry', 'Oumar Barry', '{"team":"Lighthouse Boys Club","date_of_birth":"10/17/2003","date_added":"9/13/2025","jersey_number":"","headshot_note":""}'::jsonb),
  ('6792ef4f-1a78-4ece-8922-f1fdcc13d617', 'casa', 'lighthouse-boys-club-aboubacar-bayo', 'Aboubacar Bayo', '{"team":"Lighthouse Boys Club","date_of_birth":"05/29/2006","date_added":"9/13/2025","jersey_number":"","headshot_note":""}'::jsonb),
  ('37a66fde-8f7d-4111-88c2-036dffdbaa16', 'casa', 'lighthouse-boys-club-luke-breslin', 'Luke Breslin', '{"team":"Lighthouse Boys Club","date_of_birth":"08/17/2005","date_added":"9/19/2025","jersey_number":"","headshot_note":""}'::jsonb),
  ('14129040-f85f-4d51-a37f-746c0a576e06', 'casa', 'lighthouse-boys-club-luis-de jesus', 'Luis De Jesus', '{"team":"Lighthouse Boys Club","date_of_birth":"04/16/2007","date_added":"9/26/2025","jersey_number":"","headshot_note":""}'::jsonb),
  ('2eecf4e5-613f-4828-b42e-dae0fd8dca15', 'casa', 'lighthouse-boys-club-abdoul-diallo', 'Abdoul Diallo', '{"team":"Lighthouse Boys Club","date_of_birth":"06/11/2006","date_added":"9/13/2025","jersey_number":"","headshot_note":""}'::jsonb),
  ('843314e1-c135-431c-b56b-ec86203426dc', 'casa', 'lighthouse-boys-club-abouya-gangue', 'Abouya Gangue', '{"team":"Lighthouse Boys Club","date_of_birth":"10/14/2003","date_added":"10/10/2025","jersey_number":"","headshot_note":""}'::jsonb),
  ('5122db4b-6115-4ced-a55d-240b913fd692', 'casa', 'lighthouse-boys-club-edwin-garcia', 'Edwin Garcia', '{"team":"Lighthouse Boys Club","date_of_birth":"02/19/2006","date_added":"9/26/2025","jersey_number":"","headshot_note":""}'::jsonb),
  ('6fee7a6e-daa0-41c3-a251-1daf8811975b', 'casa', 'lighthouse-boys-club-miles-henry', 'Miles Henry', '{"team":"Lighthouse Boys Club","date_of_birth":"06/20/2000","date_added":"9/13/2025","jersey_number":"","headshot_note":""}'::jsonb),
  ('f84c7cf9-3aea-4fab-bac1-a605ccacfc53', 'casa', 'lighthouse-boys-club-andy-hizdri', 'Andy Hizdri', '{"team":"Lighthouse Boys Club","date_of_birth":"02/09/2005","date_added":"9/13/2025","jersey_number":"","headshot_note":""}'::jsonb),
  ('73324f1a-2c2a-4e1e-9168-914262ea1557', 'casa', 'lighthouse-boys-club-arif-hossain', 'Arif Hossain', '{"team":"Lighthouse Boys Club","date_of_birth":"12/31/2003","date_added":"9/13/2025","jersey_number":"","headshot_note":""}'::jsonb),
  ('5e0340bb-b327-4898-afc0-fc6d07c02480', 'casa', 'lighthouse-boys-club-zuhab-imran', 'Zuhab Imran', '{"team":"Lighthouse Boys Club","date_of_birth":"10/26/2006","date_added":"9/19/2025","jersey_number":"","headshot_note":""}'::jsonb),
  ('0fe73e80-ac22-409a-ada5-66ff1ccd3eea', 'casa', 'lighthouse-boys-club-esnayder-josue', 'Esnayder Josue', '{"team":"Lighthouse Boys Club","date_of_birth":"04/05/1998","date_added":"11/14/2025","jersey_number":"","headshot_note":""}'::jsonb),
  ('37ea7881-0bb1-4b22-b49a-2a8333e2cdbb', 'casa', 'lighthouse-boys-club-majid-kawa', 'Majid Kawa', '{"team":"Lighthouse Boys Club","date_of_birth":"12/08/2001","date_added":"11/7/2025","jersey_number":"","headshot_note":""}'::jsonb),
  ('482885be-f692-4fa3-be25-17f870c290a5', 'casa', 'lighthouse-boys-club-alexander-lara', 'Alexander Lara', '{"team":"Lighthouse Boys Club","date_of_birth":"08/14/1997","date_added":"9/13/2025","jersey_number":"","headshot_note":""}'::jsonb),
  ('75fa08f5-385c-4146-9024-593817529426', 'casa', 'lighthouse-boys-club-matt-leder', 'Matt Leder', '{"team":"Lighthouse Boys Club","date_of_birth":"06/15/1999","date_added":"9/26/2025","jersey_number":"","headshot_note":""}'::jsonb),
  ('c25d264b-876d-4cd4-92f5-cfc673f729aa', 'casa', 'lighthouse-boys-club-valentino-martinez', 'Valentino Martinez', '{"team":"Lighthouse Boys Club","date_of_birth":"10/18/2002","date_added":"10/30/2025","jersey_number":"","headshot_note":""}'::jsonb),
  ('53212e4a-f68b-4a42-8464-ef6159d7c7b2', 'casa', 'lighthouse-boys-club-david-masi', 'David Masi', '{"team":"Lighthouse Boys Club","date_of_birth":"07/07/2002","date_added":"9/13/2025","jersey_number":"","headshot_note":""}'::jsonb),
  ('5c22612f-c054-4101-b85e-7be5403e551c', 'casa', 'lighthouse-boys-club-elmer-mendoza', 'Elmer Mendoza', '{"team":"Lighthouse Boys Club","date_of_birth":"08/04/2003","date_added":"9/13/2025","jersey_number":"","headshot_note":""}'::jsonb),
  ('79d89dc1-4ef6-49c4-85ec-75f667a97054', 'casa', 'lighthouse-boys-club-dylan-moreno', 'Dylan Moreno', '{"team":"Lighthouse Boys Club","date_of_birth":"02/18/2005","date_added":"9/19/2025","jersey_number":"","headshot_note":""}'::jsonb),
  ('6ee18845-2c57-4385-a323-a500e5641504', 'casa', 'lighthouse-boys-club-babacar-ndiaye', 'Babacar Ndiaye', '{"team":"Lighthouse Boys Club","date_of_birth":"02/28/2005","date_added":"9/13/2025","jersey_number":"","headshot_note":""}'::jsonb),
  ('1646b88c-127a-4b55-9652-d06c9d6112e4', 'casa', 'lighthouse-boys-club-zion-nwalipenja', 'Zion Nwalipenja', '{"team":"Lighthouse Boys Club","date_of_birth":"01/07/2005","date_added":"9/13/2025","jersey_number":"","headshot_note":""}'::jsonb),
  ('3eeeac3f-c4e9-4e82-b1cf-6966f919bf1e', 'casa', 'lighthouse-boys-club-john-oladele', 'John Oladele', '{"team":"Lighthouse Boys Club","date_of_birth":"06/30/2000","date_added":"9/13/2025","jersey_number":"","headshot_note":""}'::jsonb),
  ('9de23a35-b7a5-464e-95a4-75a320fd9de0', 'casa', 'lighthouse-boys-club-jemirkel-ornaque', 'Jemirkel Ornaque', '{"team":"Lighthouse Boys Club","date_of_birth":"08/05/1995","date_added":"9/13/2025","jersey_number":"","headshot_note":""}'::jsonb),
  ('67ce819f-2ab0-41e9-87cf-a3a8e50bae29', 'casa', 'lighthouse-boys-club-joe-riccitelli', 'Joe Riccitelli', '{"team":"Lighthouse Boys Club","date_of_birth":"09/12/2002","date_added":"9/13/2025","jersey_number":"","headshot_note":""}'::jsonb),
  ('6b054f46-d854-494e-95c5-aeeb85e3b7f9', 'casa', 'lighthouse-boys-club-caleb-rojas', 'Caleb Rojas', '{"team":"Lighthouse Boys Club","date_of_birth":"12/03/2001","date_added":"11/3/2025","jersey_number":"","headshot_note":""}'::jsonb),
  ('689def53-67ba-4b68-8c97-fb576ddd3e2f', 'casa', 'lighthouse-boys-club-ali-salah', 'Ali Salah', '{"team":"Lighthouse Boys Club","date_of_birth":"03/10/2007","date_added":"9/19/2025","jersey_number":"","headshot_note":""}'::jsonb),
  ('e984a524-deec-402a-8648-e6efd22e456d', 'casa', 'lighthouse-boys-club-daniel-salmanca', 'Daniel Salmanca', '{"team":"Lighthouse Boys Club","date_of_birth":"07/12/2007","date_added":"9/13/2025","jersey_number":"","headshot_note":""}'::jsonb),
  ('fb0c1c28-c9a0-4eea-bb4e-708ebb52514c', 'casa', 'lighthouse-old-timers-club-hassane-abdellaoui', 'Hassane Abdellaoui', '{"team":"Lighthouse Old Timers Club","date_of_birth":"07/30/1999","date_added":"10/10/2025","jersey_number":"","headshot_note":"PLAYER SHOULD BRING ID UNTIL HEADSHOT IS ADDED"}'::jsonb),
  ('b2347208-9f07-4cb0-bbb6-1890092c42e8', 'casa', 'lighthouse-old-timers-club-logan-bersani', 'Logan Bersani', '{"team":"Lighthouse Old Timers Club","date_of_birth":"06/18/1998","date_added":"9/11/2025","jersey_number":"","headshot_note":""}'::jsonb),
  ('6686d338-b841-4d61-b8a2-528edc634059', 'casa', 'lighthouse-old-timers-club-amer-bleik', 'Amer Bleik', '{"team":"Lighthouse Old Timers Club","date_of_birth":"12/05/1998","date_added":"9/11/2025","jersey_number":"","headshot_note":""}'::jsonb),
  ('3524419a-8874-4691-a7eb-8bec90eb137e', 'casa', 'lighthouse-old-timers-club-james-breslin', 'James Breslin', '{"team":"Lighthouse Old Timers Club","date_of_birth":"07/24/1972","date_added":"11/1/2025","jersey_number":"","headshot_note":""}'::jsonb),
  ('744e68ca-43a4-4f81-8622-896960f58bbf', 'casa', 'lighthouse-old-timers-club-birru-golden', 'Birru Golden', '{"team":"Lighthouse Old Timers Club","date_of_birth":"04/16/1989","date_added":"10/10/2025","jersey_number":"","headshot_note":"PLAYER SHOULD BRING ID UNTIL HEADSHOT IS ADDED"}'::jsonb),
  ('09c426b7-95d0-4fc7-bdd7-bbb0e7fb8e83', 'casa', 'lighthouse-old-timers-club-furkan-elmas', 'Furkan Elmas', '{"team":"Lighthouse Old Timers Club","date_of_birth":"02/22/1997","date_added":"10/10/2025","jersey_number":"","headshot_note":""}'::jsonb),
  ('1370225b-67b6-4f05-9c20-deec55312f97', 'casa', 'lighthouse-old-timers-club-john-gonzalez', 'John Gonzalez', '{"team":"Lighthouse Old Timers Club","date_of_birth":"01/01/2000","date_added":"9/19/2025","jersey_number":"","headshot_note":""}'::jsonb),
  ('f4356761-c591-4baa-af2c-f3e40cef8d91', 'casa', 'lighthouse-old-timers-club-john-heiler', 'John Heiler', '{"team":"Lighthouse Old Timers Club","date_of_birth":"08/05/1979","date_added":"9/11/2025","jersey_number":"","headshot_note":""}'::jsonb),
  ('758e87ed-9df9-4faa-8b67-7f70fa026897', 'casa', 'lighthouse-old-timers-club-justin-katz', 'Justin Katz', '{"team":"Lighthouse Old Timers Club","date_of_birth":"03/27/1998","date_added":"9/11/2025","jersey_number":"","headshot_note":""}'::jsonb),
  ('b38da3f8-444f-4a5a-b344-cb8a6d5ecf9b', 'casa', 'lighthouse-old-timers-club-brian-kenny', 'Brian Kenny', '{"team":"Lighthouse Old Timers Club","date_of_birth":"09/16/1993","date_added":"9/19/2025","jersey_number":"","headshot_note":""}'::jsonb),
  ('7e26c5c9-0d54-4ff9-9f45-1da78865b07a', 'casa', 'lighthouse-old-timers-club-ladeuix-07/28/1993', 'Ladeuix 07/28/1993', '{"team":"Lighthouse Old Timers Club","date_of_birth":"","date_added":"","headshot_note":"10/10/2025"}'::jsonb),
  ('e261b632-9f87-4ab0-b0c8-0c77f040ce32', 'casa', 'lighthouse-old-timers-club-sam-lipsey', 'Sam Lipsey', '{"team":"Lighthouse Old Timers Club","date_of_birth":"09/20/1998","date_added":"9/11/2025","jersey_number":"","headshot_note":""}'::jsonb),
  ('01d9797a-1063-4585-a18a-19a9ac9a9d34', 'casa', 'lighthouse-old-timers-club-juan cruz-llambias', 'Juan Cruz Llambias', '{"team":"Lighthouse Old Timers Club","date_of_birth":"08/26/1997","date_added":"9/11/2025","jersey_number":"","headshot_note":""}'::jsonb),
  ('2d0187db-83b0-4b21-9169-8b3aafae045b', 'casa', 'lighthouse-old-timers-club-sean-mcconnel', 'Sean McConnel', '{"team":"Lighthouse Old Timers Club","date_of_birth":"09/04/1995","date_added":"9/19/2025","jersey_number":"","headshot_note":""}'::jsonb),
  ('3a7298b8-a3fe-40cd-a448-b90e5989fafc', 'casa', 'lighthouse-old-timers-club-antonio-moral', 'Antonio Moral', '{"team":"Lighthouse Old Timers Club","date_of_birth":"11/09/1998","date_added":"9/26/2025","jersey_number":"","headshot_note":""}'::jsonb),
  ('55b1d7ce-6447-4d60-9749-3055d8a210fe', 'casa', 'lighthouse-old-timers-club-manuel-morales', 'Manuel Morales', '{"team":"Lighthouse Old Timers Club","date_of_birth":"09/25/1977","date_added":"9/11/2025","jersey_number":"","headshot_note":""}'::jsonb),
  ('1152945c-cc0b-4d05-9e8c-a6b7214420d1', 'casa', 'lighthouse-old-timers-club-kevin-nguyen', 'Kevin Nguyen', '{"team":"Lighthouse Old Timers Club","date_of_birth":"05/09/1996","date_added":"9/13/2025","jersey_number":"","headshot_note":""}'::jsonb),
  ('6b3f1cd6-163f-4e7f-8a83-936b60629c83', 'casa', 'lighthouse-old-timers-club-musa-osman', 'Musa Osman', '{"team":"Lighthouse Old Timers Club","date_of_birth":"07/01/2005","date_added":"9/26/2025","jersey_number":"","headshot_note":""}'::jsonb),
  ('f44a7943-273f-46a4-a469-9c56c56b393e', 'casa', 'lighthouse-old-timers-club-marcelo-osorio-soto', 'Marcelo Osorio-Soto', '{"team":"Lighthouse Old Timers Club","date_of_birth":"11/14/1991","date_added":"","jersey_number":"","headshot_note":""}'::jsonb),
  ('5233815f-88fb-41eb-9ce3-6574943a406f', 'casa', 'lighthouse-old-timers-club-fabian-padilla', 'Fabian Padilla', '{"team":"Lighthouse Old Timers Club","date_of_birth":"11/01/1995","date_added":"9/13/2025","jersey_number":"","headshot_note":""}'::jsonb),
  ('fd0f0903-e975-4ce5-bc24-9d70f8890e6b', 'casa', 'lighthouse-old-timers-club-ruben-piazzesi', 'Ruben Piazzesi', '{"team":"Lighthouse Old Timers Club","date_of_birth":"08/01/1997","date_added":"9/11/2025","jersey_number":"","headshot_note":""}'::jsonb),
  ('c0e520d4-60ad-4068-866d-a0e6ad511f44', 'casa', 'lighthouse-old-timers-club-joshua-rosato', 'Joshua Rosato', '{"team":"Lighthouse Old Timers Club","date_of_birth":"11/04/1996","date_added":"9/11/2025","jersey_number":"","headshot_note":""}'::jsonb),
  ('85dbaa02-33d9-43c1-b6ec-b8c2f986fa05', 'casa', 'lighthouse-old-timers-club-anuar-santos', 'Anuar Santos', '{"team":"Lighthouse Old Timers Club","date_of_birth":"12/31/1999","date_added":"10/10/2025","jersey_number":"","headshot_note":""}'::jsonb),
  ('59b0c476-82e6-4960-9239-700c8ce0b011', 'casa', 'lighthouse-old-timers-club-anthony-sagustume', 'Anthony Sagustume', '{"team":"Lighthouse Old Timers Club","date_of_birth":"07/10/1995","date_added":"9/11/2025","jersey_number":"","headshot_note":""}'::jsonb),
  ('e7df25e2-864f-46de-a4a7-49fdca630e9c', 'casa', 'lighthouse-old-timers-club-yakup-serce', 'Yakup Serce', '{"team":"Lighthouse Old Timers Club","date_of_birth":"10/27/1998","date_added":"9/11/2025","jersey_number":"","headshot_note":""}'::jsonb),
  ('9a5b2deb-8926-4b6a-8151-bf863be11992', 'casa', 'lighthouse-old-timers-club-christopher-solis', 'Christopher Solis', '{"team":"Lighthouse Old Timers Club","date_of_birth":"10/21/2005","date_added":"9/11/2025","jersey_number":"","headshot_note":""}'::jsonb),
  ('36f21bd9-cb0f-41e1-bb6c-3c1551652733', 'casa', 'lighthouse-old-timers-club-juan-vizcaino', 'Juan Vizcaino', '{"team":"Lighthouse Old Timers Club","date_of_birth":"12/02/1995","date_added":"9/13/2025","jersey_number":"","headshot_note":""}'::jsonb),
  ('61312e80-5c3e-4553-8ab9-2c00d75e3794', 'casa', 'lighthouse-old-timers-club-tom-diguilio', 'Tom Diguilio', '{"team":"Lighthouse Old Timers Club","date_of_birth":"11/17/1976","date_added":"9/13/2025","jersey_number":"","headshot_note":""}'::jsonb),
  ('4ab38770-a329-4095-bf94-123f2140b87e', 'casa', 'lighthouse-old-timers-club-leo-santa', 'Leo Santa', '{"team":"Lighthouse Old Timers Club","date_of_birth":"12/12/1977","date_added":"9/13/2025","jersey_number":"","headshot_note":""}'::jsonb)
ON CONFLICT (user_id, provider) DO UPDATE SET
  external_id = EXCLUDED.external_id,
  external_username = EXCLUDED.external_username,
  external_data = EXCLUDED.external_data,
  updated_at = CURRENT_TIMESTAMP;

-- Ensure player records exist for all CASA users
INSERT INTO players (id) VALUES
  ('07b8a042-43fa-4087-8d18-6d212268bdc9'),
  ('9631d126-f625-476d-baf7-45ac27553c47'),
  ('deeee325-d123-42b3-990d-631a8fc3ba23'),
  ('41379df7-f2d9-4901-8bcc-9569dc434bb5'),
  ('6792ef4f-1a78-4ece-8922-f1fdcc13d617'),
  ('37a66fde-8f7d-4111-88c2-036dffdbaa16'),
  ('14129040-f85f-4d51-a37f-746c0a576e06'),
  ('2eecf4e5-613f-4828-b42e-dae0fd8dca15'),
  ('843314e1-c135-431c-b56b-ec86203426dc'),
  ('5122db4b-6115-4ced-a55d-240b913fd692'),
  ('6fee7a6e-daa0-41c3-a251-1daf8811975b'),
  ('f84c7cf9-3aea-4fab-bac1-a605ccacfc53'),
  ('73324f1a-2c2a-4e1e-9168-914262ea1557'),
  ('5e0340bb-b327-4898-afc0-fc6d07c02480'),
  ('0fe73e80-ac22-409a-ada5-66ff1ccd3eea'),
  ('37ea7881-0bb1-4b22-b49a-2a8333e2cdbb'),
  ('482885be-f692-4fa3-be25-17f870c290a5'),
  ('75fa08f5-385c-4146-9024-593817529426'),
  ('c25d264b-876d-4cd4-92f5-cfc673f729aa'),
  ('53212e4a-f68b-4a42-8464-ef6159d7c7b2'),
  ('5c22612f-c054-4101-b85e-7be5403e551c'),
  ('79d89dc1-4ef6-49c4-85ec-75f667a97054'),
  ('6ee18845-2c57-4385-a323-a500e5641504'),
  ('1646b88c-127a-4b55-9652-d06c9d6112e4'),
  ('3eeeac3f-c4e9-4e82-b1cf-6966f919bf1e'),
  ('9de23a35-b7a5-464e-95a4-75a320fd9de0'),
  ('67ce819f-2ab0-41e9-87cf-a3a8e50bae29'),
  ('6b054f46-d854-494e-95c5-aeeb85e3b7f9'),
  ('689def53-67ba-4b68-8c97-fb576ddd3e2f'),
  ('e984a524-deec-402a-8648-e6efd22e456d'),
  ('fb0c1c28-c9a0-4eea-bb4e-708ebb52514c'),
  ('b2347208-9f07-4cb0-bbb6-1890092c42e8'),
  ('6686d338-b841-4d61-b8a2-528edc634059'),
  ('3524419a-8874-4691-a7eb-8bec90eb137e'),
  ('744e68ca-43a4-4f81-8622-896960f58bbf'),
  ('09c426b7-95d0-4fc7-bdd7-bbb0e7fb8e83'),
  ('1370225b-67b6-4f05-9c20-deec55312f97'),
  ('f4356761-c591-4baa-af2c-f3e40cef8d91'),
  ('758e87ed-9df9-4faa-8b67-7f70fa026897'),
  ('b38da3f8-444f-4a5a-b344-cb8a6d5ecf9b'),
  ('7e26c5c9-0d54-4ff9-9f45-1da78865b07a'),
  ('e261b632-9f87-4ab0-b0c8-0c77f040ce32'),
  ('01d9797a-1063-4585-a18a-19a9ac9a9d34'),
  ('2d0187db-83b0-4b21-9169-8b3aafae045b'),
  ('3a7298b8-a3fe-40cd-a448-b90e5989fafc'),
  ('55b1d7ce-6447-4d60-9749-3055d8a210fe'),
  ('1152945c-cc0b-4d05-9e8c-a6b7214420d1'),
  ('6b3f1cd6-163f-4e7f-8a83-936b60629c83'),
  ('f44a7943-273f-46a4-a469-9c56c56b393e'),
  ('5233815f-88fb-41eb-9ce3-6574943a406f'),
  ('fd0f0903-e975-4ce5-bc24-9d70f8890e6b'),
  ('c0e520d4-60ad-4068-866d-a0e6ad511f44'),
  ('85dbaa02-33d9-43c1-b6ec-b8c2f986fa05'),
  ('59b0c476-82e6-4960-9239-700c8ce0b011'),
  ('e7df25e2-864f-46de-a4a7-49fdca630e9c'),
  ('9a5b2deb-8926-4b6a-8151-bf863be11992'),
  ('36f21bd9-cb0f-41e1-bb6c-3c1551652733'),
  ('61312e80-5c3e-4553-8ab9-2c00d75e3794'),
  ('4ab38770-a329-4095-bf94-123f2140b87e')
ON CONFLICT (id) DO NOTHING;

