-- ========================================
-- CASA USERS (Liga 1 Boys Club + Liga 2 Old Timers)
-- ========================================
-- Generated: 2025-12-08T17:05:31.498Z
-- Source: CASA Google Sheets
-- AUTO-GENERATED - DO NOT EDIT MANUALLY
-- Run scraper to regenerate: node database/scripts/casa-scraper/scrape-casa.js
-- ========================================

INSERT INTO users (id, first_name, last_name, avatar_url, date_of_birth, is_active) VALUES
  ('e2e85901-35c2-4a4a-a423-ab4266a9ebf5', 'Omar', 'Alzubair', NULL, '05/20/2000', true),
  ('1880765e-74de-45a0-b791-9a44e5b1d281', 'Erwa', 'Babiker', NULL, '01/01/1996', true),
  ('9e6781fa-ade8-452e-bd60-89190981525d', 'Victor', 'Baidel', NULL, '09/09/2004', true),
  ('21363aa2-43ea-41fd-9d9a-096f51a97bd1', 'Oumar', 'Barry', NULL, '10/17/2003', true),
  ('66f7b351-b241-4987-8202-6fd2b2989381', 'Aboubacar', 'Bayo', NULL, '05/29/2006', true),
  ('cc90f378-0c87-4767-a8f5-f12c23c78306', 'Luke', 'Breslin', NULL, '08/17/2005', true),
  ('0d8ba2e0-b9f4-4238-a4c1-7ff448af6899', 'Luis', 'De Jesus', NULL, '04/16/2007', true),
  ('831d2d6c-996e-4aaa-b419-c09774058020', 'Abdoul', 'Diallo', NULL, '06/11/2006', true),
  ('96c64d8b-ae8e-4a13-aa65-edcccd2dc759', 'Abouya', 'Gangue', NULL, '10/14/2003', true),
  ('be6c0c6c-7108-42c5-8ebd-783546f71f67', 'Edwin', 'Garcia', NULL, '02/19/2006', true),
  ('3ad9e3a9-a340-427e-ad0d-064eedac3731', 'Miles', 'Henry', NULL, '06/20/2000', true),
  ('2e9bfa5e-b956-4d1b-84bf-5e8844f15c32', 'Andy', 'Hizdri', NULL, '02/09/2005', true),
  ('b6241d6f-3e9c-4c0d-86db-a9b6ecc7dcf9', 'Arif', 'Hossain', NULL, '12/31/2003', true),
  ('e6743db3-540c-4110-a769-934eeaa24c85', 'Zuhab', 'Imran', NULL, '10/26/2006', true),
  ('b9039326-e30f-4ff0-8919-7bca3e5c2156', 'Esnayder', 'Josue', NULL, '04/05/1998', true),
  ('b1b09b20-1687-4da8-ad5a-c085475b1b33', 'Majid', 'Kawa', NULL, '12/08/2001', true),
  ('91526606-5695-4f55-9484-600139c5d787', 'Alexander', 'Lara', NULL, '08/14/1997', true),
  ('0bb61e79-24ab-4429-9e8a-574acbb4490b', 'Matt', 'Leder', NULL, '06/15/1999', true),
  ('e9bad087-eebf-4619-9e31-1edf688fcb73', 'Valentino', 'Martinez', NULL, '10/18/2002', true),
  ('0f92c40a-543f-42a5-8678-790f3a3c4b9b', 'David', 'Masi', NULL, '07/07/2002', true),
  ('0e5f04f7-24b6-4f5d-bb8e-f31d0861ef75', 'Elmer', 'Mendoza', NULL, '08/04/2003', true),
  ('d18d3cc3-8af2-4851-906b-3e863f2ac8e9', 'Dylan', 'Moreno', NULL, '02/18/2005', true),
  ('946f79f1-05ab-46db-a7e1-ad55156d4eee', 'Babacar', 'Ndiaye', NULL, '02/28/2005', true),
  ('05e525b7-ec5c-4511-8fcc-0d84cb8dd58c', 'Zion', 'Nwalipenja', NULL, '01/07/2005', true),
  ('a61c6180-9898-48e9-b5e8-1bf4fbe9a3e2', 'John', 'Oladele', NULL, '06/30/2000', true),
  ('d7231b6e-fbdb-47ee-87a3-6ad0ea1065b1', 'Jemirkel', 'Ornaque', NULL, '08/05/1995', true),
  ('c8ab0517-43ec-4c9c-b2f6-369c4e9b1364', 'Joe', 'Riccitelli', NULL, '09/12/2002', true),
  ('8d6d9c48-40b5-4f3a-ad77-7e35d9afec73', 'Caleb', 'Rojas', NULL, '12/03/2001', true),
  ('3e57433f-be51-44ab-95df-bdf18b80d083', 'Ali', 'Salah', NULL, '03/10/2007', true),
  ('f61bbbda-c822-47af-89a7-cc6833de79b1', 'Daniel', 'Salmanca', NULL, '07/12/2007', true),
  ('a368994b-9d57-43d6-973f-cb37f5043301', 'Hassane', 'Abdellaoui', NULL, '07/30/1999', true),
  ('91b9050f-8dcb-4dc3-9987-d9c1c40f7626', 'Logan', 'Bersani', NULL, '06/18/1998', true),
  ('19f5a57d-e59f-4da3-a906-7b089104acdd', 'Amer', 'Bleik', NULL, '12/05/1998', true),
  ('1be0ce8c-ed71-426c-8423-1c89f078c35a', 'James', 'Breslin', NULL, '07/24/1972', true),
  ('0624f1d4-d0bd-4d1c-b767-6170b62a1453', 'Birru', 'Golden', NULL, '04/16/1989', true),
  ('c8cce7ae-fd4f-4275-8e90-a4c3b217e958', 'Furkan', 'Elmas', NULL, '02/22/1997', true),
  ('f8dfd967-1eaa-4452-ae95-1a69c36e321f', 'John', 'Gonzalez', NULL, '01/01/2000', true),
  ('71066bcb-e0b4-4cfe-b313-dbd12f8536f4', 'John', 'Heiler', NULL, '08/05/1979', true),
  ('6dec9d49-1540-4da9-b156-383a0277e619', 'Justin', 'Katz', NULL, '03/27/1998', true),
  ('1e36cc65-a3c8-4043-bd82-999b7334078c', 'Brian', 'Kenny', NULL, '09/16/1993', true),
  ('3d39cfef-5ea9-4ebe-b833-6782c8f8fcf2', 'Ladeuix', '07/28/1993', NULL, NULL, true),
  ('d6855e7b-b2e1-4a54-9268-65ccbfdb9802', 'Sam', 'Lipsey', NULL, '09/20/1998', true),
  ('cf87a99a-4dd1-4375-a2f5-ce0cd368bde6', 'Juan Cruz', 'Llambias', NULL, '08/26/1997', true),
  ('9b62199e-03c1-4516-aa30-3ec7dc1763fb', 'Sean', 'McConnel', NULL, '09/04/1995', true),
  ('f2e97bb0-2d2e-4d1f-990c-9d96f53bf078', 'Antonio', 'Moral', NULL, '11/09/1998', true),
  ('d0bc3d66-0db4-40ac-9877-0a131d23b5ae', 'Manuel', 'Morales', NULL, '09/25/1977', true),
  ('15162a8d-480f-4c1d-93d4-a221959ee718', 'Kevin', 'Nguyen', NULL, '05/09/1996', true),
  ('b13fc4dc-cda0-4f11-87f3-5cfa50c68d70', 'Musa', 'Osman', NULL, '07/01/2005', true),
  ('0e135bc1-ebe9-4f61-a838-e58e430c5fc6', 'Marcelo', 'Osorio-Soto', NULL, '11/14/1991', true),
  ('91e194a5-591b-44b7-9e6e-688604c7794b', 'Fabian', 'Padilla', NULL, '11/01/1995', true),
  ('9bf95073-6fb0-40cf-a27f-3266aa4d6366', 'Ruben', 'Piazzesi', NULL, '08/01/1997', true),
  ('f289a581-dea8-4ce1-8206-d6eb9f351749', 'Joshua', 'Rosato', NULL, '11/04/1996', true),
  ('cae8bbe0-b66b-4433-b6ae-e27524dea3fc', 'Anuar', 'Santos', NULL, '12/31/1999', true),
  ('90d2a294-5cfd-4e92-82c3-f584e3479d0d', 'Anthony', 'Sagustume', NULL, '07/10/1995', true),
  ('16c3d8cc-6c54-4d37-a269-9187ff5c2597', 'Yakup', 'Serce', NULL, '10/27/1998', true),
  ('8d0b555e-5e8f-450a-9f88-b187da9fbbf4', 'Christopher', 'Solis', NULL, '10/21/2005', true),
  ('618452e6-41bb-4824-98d1-055be02fe2d0', 'Juan', 'Vizcaino', NULL, '12/02/1995', true),
  ('4d92fd4b-8b91-422b-a276-cc4c9cdf283c', 'Tom', 'Diguilio', NULL, '11/17/1976', true),
  ('91a5748b-aeca-4719-be91-77d2ad4855cf', 'Leo', 'Santa', NULL, '12/12/1977', true)
ON CONFLICT (id) DO UPDATE SET
  first_name = EXCLUDED.first_name,
  last_name = EXCLUDED.last_name,
  avatar_url = COALESCE(EXCLUDED.avatar_url, users.avatar_url),
  date_of_birth = COALESCE(EXCLUDED.date_of_birth, users.date_of_birth),
  updated_at = CURRENT_TIMESTAMP;

-- External identities for CASA players
INSERT INTO user_external_identities (user_id, provider, external_id, external_username, external_data) VALUES
  ('e2e85901-35c2-4a4a-a423-ab4266a9ebf5', 'casa', 'lighthouse-boys-club-omar-alzubair', 'Omar Alzubair', '{"team":"Lighthouse Boys Club","date_of_birth":"05/20/2000","date_added":"9/26/2025","jersey_number":"","headshot_note":""}'::jsonb),
  ('1880765e-74de-45a0-b791-9a44e5b1d281', 'casa', 'lighthouse-boys-club-erwa-babiker', 'Erwa Babiker', '{"team":"Lighthouse Boys Club","date_of_birth":"01/01/1996","date_added":"10/30/2025","jersey_number":"","headshot_note":""}'::jsonb),
  ('9e6781fa-ade8-452e-bd60-89190981525d', 'casa', 'lighthouse-boys-club-victor-baidel', 'Victor Baidel', '{"team":"Lighthouse Boys Club","date_of_birth":"09/09/2004","date_added":"9/13/2025","jersey_number":"","headshot_note":""}'::jsonb),
  ('21363aa2-43ea-41fd-9d9a-096f51a97bd1', 'casa', 'lighthouse-boys-club-oumar-barry', 'Oumar Barry', '{"team":"Lighthouse Boys Club","date_of_birth":"10/17/2003","date_added":"9/13/2025","jersey_number":"","headshot_note":""}'::jsonb),
  ('66f7b351-b241-4987-8202-6fd2b2989381', 'casa', 'lighthouse-boys-club-aboubacar-bayo', 'Aboubacar Bayo', '{"team":"Lighthouse Boys Club","date_of_birth":"05/29/2006","date_added":"9/13/2025","jersey_number":"","headshot_note":""}'::jsonb),
  ('cc90f378-0c87-4767-a8f5-f12c23c78306', 'casa', 'lighthouse-boys-club-luke-breslin', 'Luke Breslin', '{"team":"Lighthouse Boys Club","date_of_birth":"08/17/2005","date_added":"9/19/2025","jersey_number":"","headshot_note":""}'::jsonb),
  ('0d8ba2e0-b9f4-4238-a4c1-7ff448af6899', 'casa', 'lighthouse-boys-club-luis-de jesus', 'Luis De Jesus', '{"team":"Lighthouse Boys Club","date_of_birth":"04/16/2007","date_added":"9/26/2025","jersey_number":"","headshot_note":""}'::jsonb),
  ('831d2d6c-996e-4aaa-b419-c09774058020', 'casa', 'lighthouse-boys-club-abdoul-diallo', 'Abdoul Diallo', '{"team":"Lighthouse Boys Club","date_of_birth":"06/11/2006","date_added":"9/13/2025","jersey_number":"","headshot_note":""}'::jsonb),
  ('96c64d8b-ae8e-4a13-aa65-edcccd2dc759', 'casa', 'lighthouse-boys-club-abouya-gangue', 'Abouya Gangue', '{"team":"Lighthouse Boys Club","date_of_birth":"10/14/2003","date_added":"10/10/2025","jersey_number":"","headshot_note":""}'::jsonb),
  ('be6c0c6c-7108-42c5-8ebd-783546f71f67', 'casa', 'lighthouse-boys-club-edwin-garcia', 'Edwin Garcia', '{"team":"Lighthouse Boys Club","date_of_birth":"02/19/2006","date_added":"9/26/2025","jersey_number":"","headshot_note":""}'::jsonb),
  ('3ad9e3a9-a340-427e-ad0d-064eedac3731', 'casa', 'lighthouse-boys-club-miles-henry', 'Miles Henry', '{"team":"Lighthouse Boys Club","date_of_birth":"06/20/2000","date_added":"9/13/2025","jersey_number":"","headshot_note":""}'::jsonb),
  ('2e9bfa5e-b956-4d1b-84bf-5e8844f15c32', 'casa', 'lighthouse-boys-club-andy-hizdri', 'Andy Hizdri', '{"team":"Lighthouse Boys Club","date_of_birth":"02/09/2005","date_added":"9/13/2025","jersey_number":"","headshot_note":""}'::jsonb),
  ('b6241d6f-3e9c-4c0d-86db-a9b6ecc7dcf9', 'casa', 'lighthouse-boys-club-arif-hossain', 'Arif Hossain', '{"team":"Lighthouse Boys Club","date_of_birth":"12/31/2003","date_added":"9/13/2025","jersey_number":"","headshot_note":""}'::jsonb),
  ('e6743db3-540c-4110-a769-934eeaa24c85', 'casa', 'lighthouse-boys-club-zuhab-imran', 'Zuhab Imran', '{"team":"Lighthouse Boys Club","date_of_birth":"10/26/2006","date_added":"9/19/2025","jersey_number":"","headshot_note":""}'::jsonb),
  ('b9039326-e30f-4ff0-8919-7bca3e5c2156', 'casa', 'lighthouse-boys-club-esnayder-josue', 'Esnayder Josue', '{"team":"Lighthouse Boys Club","date_of_birth":"04/05/1998","date_added":"11/14/2025","jersey_number":"","headshot_note":""}'::jsonb),
  ('b1b09b20-1687-4da8-ad5a-c085475b1b33', 'casa', 'lighthouse-boys-club-majid-kawa', 'Majid Kawa', '{"team":"Lighthouse Boys Club","date_of_birth":"12/08/2001","date_added":"11/7/2025","jersey_number":"","headshot_note":""}'::jsonb),
  ('91526606-5695-4f55-9484-600139c5d787', 'casa', 'lighthouse-boys-club-alexander-lara', 'Alexander Lara', '{"team":"Lighthouse Boys Club","date_of_birth":"08/14/1997","date_added":"9/13/2025","jersey_number":"","headshot_note":""}'::jsonb),
  ('0bb61e79-24ab-4429-9e8a-574acbb4490b', 'casa', 'lighthouse-boys-club-matt-leder', 'Matt Leder', '{"team":"Lighthouse Boys Club","date_of_birth":"06/15/1999","date_added":"9/26/2025","jersey_number":"","headshot_note":""}'::jsonb),
  ('e9bad087-eebf-4619-9e31-1edf688fcb73', 'casa', 'lighthouse-boys-club-valentino-martinez', 'Valentino Martinez', '{"team":"Lighthouse Boys Club","date_of_birth":"10/18/2002","date_added":"10/30/2025","jersey_number":"","headshot_note":""}'::jsonb),
  ('0f92c40a-543f-42a5-8678-790f3a3c4b9b', 'casa', 'lighthouse-boys-club-david-masi', 'David Masi', '{"team":"Lighthouse Boys Club","date_of_birth":"07/07/2002","date_added":"9/13/2025","jersey_number":"","headshot_note":""}'::jsonb),
  ('0e5f04f7-24b6-4f5d-bb8e-f31d0861ef75', 'casa', 'lighthouse-boys-club-elmer-mendoza', 'Elmer Mendoza', '{"team":"Lighthouse Boys Club","date_of_birth":"08/04/2003","date_added":"9/13/2025","jersey_number":"","headshot_note":""}'::jsonb),
  ('d18d3cc3-8af2-4851-906b-3e863f2ac8e9', 'casa', 'lighthouse-boys-club-dylan-moreno', 'Dylan Moreno', '{"team":"Lighthouse Boys Club","date_of_birth":"02/18/2005","date_added":"9/19/2025","jersey_number":"","headshot_note":""}'::jsonb),
  ('946f79f1-05ab-46db-a7e1-ad55156d4eee', 'casa', 'lighthouse-boys-club-babacar-ndiaye', 'Babacar Ndiaye', '{"team":"Lighthouse Boys Club","date_of_birth":"02/28/2005","date_added":"9/13/2025","jersey_number":"","headshot_note":""}'::jsonb),
  ('05e525b7-ec5c-4511-8fcc-0d84cb8dd58c', 'casa', 'lighthouse-boys-club-zion-nwalipenja', 'Zion Nwalipenja', '{"team":"Lighthouse Boys Club","date_of_birth":"01/07/2005","date_added":"9/13/2025","jersey_number":"","headshot_note":""}'::jsonb),
  ('a61c6180-9898-48e9-b5e8-1bf4fbe9a3e2', 'casa', 'lighthouse-boys-club-john-oladele', 'John Oladele', '{"team":"Lighthouse Boys Club","date_of_birth":"06/30/2000","date_added":"9/13/2025","jersey_number":"","headshot_note":""}'::jsonb),
  ('d7231b6e-fbdb-47ee-87a3-6ad0ea1065b1', 'casa', 'lighthouse-boys-club-jemirkel-ornaque', 'Jemirkel Ornaque', '{"team":"Lighthouse Boys Club","date_of_birth":"08/05/1995","date_added":"9/13/2025","jersey_number":"","headshot_note":""}'::jsonb),
  ('c8ab0517-43ec-4c9c-b2f6-369c4e9b1364', 'casa', 'lighthouse-boys-club-joe-riccitelli', 'Joe Riccitelli', '{"team":"Lighthouse Boys Club","date_of_birth":"09/12/2002","date_added":"9/13/2025","jersey_number":"","headshot_note":""}'::jsonb),
  ('8d6d9c48-40b5-4f3a-ad77-7e35d9afec73', 'casa', 'lighthouse-boys-club-caleb-rojas', 'Caleb Rojas', '{"team":"Lighthouse Boys Club","date_of_birth":"12/03/2001","date_added":"11/3/2025","jersey_number":"","headshot_note":""}'::jsonb),
  ('3e57433f-be51-44ab-95df-bdf18b80d083', 'casa', 'lighthouse-boys-club-ali-salah', 'Ali Salah', '{"team":"Lighthouse Boys Club","date_of_birth":"03/10/2007","date_added":"9/19/2025","jersey_number":"","headshot_note":""}'::jsonb),
  ('f61bbbda-c822-47af-89a7-cc6833de79b1', 'casa', 'lighthouse-boys-club-daniel-salmanca', 'Daniel Salmanca', '{"team":"Lighthouse Boys Club","date_of_birth":"07/12/2007","date_added":"9/13/2025","jersey_number":"","headshot_note":""}'::jsonb),
  ('a368994b-9d57-43d6-973f-cb37f5043301', 'casa', 'lighthouse-old-timers-club-hassane-abdellaoui', 'Hassane Abdellaoui', '{"team":"Lighthouse Old Timers Club","date_of_birth":"07/30/1999","date_added":"10/10/2025","jersey_number":"","headshot_note":"PLAYER SHOULD BRING ID UNTIL HEADSHOT IS ADDED"}'::jsonb),
  ('91b9050f-8dcb-4dc3-9987-d9c1c40f7626', 'casa', 'lighthouse-old-timers-club-logan-bersani', 'Logan Bersani', '{"team":"Lighthouse Old Timers Club","date_of_birth":"06/18/1998","date_added":"9/11/2025","jersey_number":"","headshot_note":""}'::jsonb),
  ('19f5a57d-e59f-4da3-a906-7b089104acdd', 'casa', 'lighthouse-old-timers-club-amer-bleik', 'Amer Bleik', '{"team":"Lighthouse Old Timers Club","date_of_birth":"12/05/1998","date_added":"9/11/2025","jersey_number":"","headshot_note":""}'::jsonb),
  ('1be0ce8c-ed71-426c-8423-1c89f078c35a', 'casa', 'lighthouse-old-timers-club-james-breslin', 'James Breslin', '{"team":"Lighthouse Old Timers Club","date_of_birth":"07/24/1972","date_added":"11/1/2025","jersey_number":"","headshot_note":""}'::jsonb),
  ('0624f1d4-d0bd-4d1c-b767-6170b62a1453', 'casa', 'lighthouse-old-timers-club-birru-golden', 'Birru Golden', '{"team":"Lighthouse Old Timers Club","date_of_birth":"04/16/1989","date_added":"10/10/2025","jersey_number":"","headshot_note":"PLAYER SHOULD BRING ID UNTIL HEADSHOT IS ADDED"}'::jsonb),
  ('c8cce7ae-fd4f-4275-8e90-a4c3b217e958', 'casa', 'lighthouse-old-timers-club-furkan-elmas', 'Furkan Elmas', '{"team":"Lighthouse Old Timers Club","date_of_birth":"02/22/1997","date_added":"10/10/2025","jersey_number":"","headshot_note":""}'::jsonb),
  ('f8dfd967-1eaa-4452-ae95-1a69c36e321f', 'casa', 'lighthouse-old-timers-club-john-gonzalez', 'John Gonzalez', '{"team":"Lighthouse Old Timers Club","date_of_birth":"01/01/2000","date_added":"9/19/2025","jersey_number":"","headshot_note":""}'::jsonb),
  ('71066bcb-e0b4-4cfe-b313-dbd12f8536f4', 'casa', 'lighthouse-old-timers-club-john-heiler', 'John Heiler', '{"team":"Lighthouse Old Timers Club","date_of_birth":"08/05/1979","date_added":"9/11/2025","jersey_number":"","headshot_note":""}'::jsonb),
  ('6dec9d49-1540-4da9-b156-383a0277e619', 'casa', 'lighthouse-old-timers-club-justin-katz', 'Justin Katz', '{"team":"Lighthouse Old Timers Club","date_of_birth":"03/27/1998","date_added":"9/11/2025","jersey_number":"","headshot_note":""}'::jsonb),
  ('1e36cc65-a3c8-4043-bd82-999b7334078c', 'casa', 'lighthouse-old-timers-club-brian-kenny', 'Brian Kenny', '{"team":"Lighthouse Old Timers Club","date_of_birth":"09/16/1993","date_added":"9/19/2025","jersey_number":"","headshot_note":""}'::jsonb),
  ('3d39cfef-5ea9-4ebe-b833-6782c8f8fcf2', 'casa', 'lighthouse-old-timers-club-ladeuix-07/28/1993', 'Ladeuix 07/28/1993', '{"team":"Lighthouse Old Timers Club","date_of_birth":"","date_added":"","headshot_note":"10/10/2025"}'::jsonb),
  ('d6855e7b-b2e1-4a54-9268-65ccbfdb9802', 'casa', 'lighthouse-old-timers-club-sam-lipsey', 'Sam Lipsey', '{"team":"Lighthouse Old Timers Club","date_of_birth":"09/20/1998","date_added":"9/11/2025","jersey_number":"","headshot_note":""}'::jsonb),
  ('cf87a99a-4dd1-4375-a2f5-ce0cd368bde6', 'casa', 'lighthouse-old-timers-club-juan cruz-llambias', 'Juan Cruz Llambias', '{"team":"Lighthouse Old Timers Club","date_of_birth":"08/26/1997","date_added":"9/11/2025","jersey_number":"","headshot_note":""}'::jsonb),
  ('9b62199e-03c1-4516-aa30-3ec7dc1763fb', 'casa', 'lighthouse-old-timers-club-sean-mcconnel', 'Sean McConnel', '{"team":"Lighthouse Old Timers Club","date_of_birth":"09/04/1995","date_added":"9/19/2025","jersey_number":"","headshot_note":""}'::jsonb),
  ('f2e97bb0-2d2e-4d1f-990c-9d96f53bf078', 'casa', 'lighthouse-old-timers-club-antonio-moral', 'Antonio Moral', '{"team":"Lighthouse Old Timers Club","date_of_birth":"11/09/1998","date_added":"9/26/2025","jersey_number":"","headshot_note":""}'::jsonb),
  ('d0bc3d66-0db4-40ac-9877-0a131d23b5ae', 'casa', 'lighthouse-old-timers-club-manuel-morales', 'Manuel Morales', '{"team":"Lighthouse Old Timers Club","date_of_birth":"09/25/1977","date_added":"9/11/2025","jersey_number":"","headshot_note":""}'::jsonb),
  ('15162a8d-480f-4c1d-93d4-a221959ee718', 'casa', 'lighthouse-old-timers-club-kevin-nguyen', 'Kevin Nguyen', '{"team":"Lighthouse Old Timers Club","date_of_birth":"05/09/1996","date_added":"9/13/2025","jersey_number":"","headshot_note":""}'::jsonb),
  ('b13fc4dc-cda0-4f11-87f3-5cfa50c68d70', 'casa', 'lighthouse-old-timers-club-musa-osman', 'Musa Osman', '{"team":"Lighthouse Old Timers Club","date_of_birth":"07/01/2005","date_added":"9/26/2025","jersey_number":"","headshot_note":""}'::jsonb),
  ('0e135bc1-ebe9-4f61-a838-e58e430c5fc6', 'casa', 'lighthouse-old-timers-club-marcelo-osorio-soto', 'Marcelo Osorio-Soto', '{"team":"Lighthouse Old Timers Club","date_of_birth":"11/14/1991","date_added":"","jersey_number":"","headshot_note":""}'::jsonb),
  ('91e194a5-591b-44b7-9e6e-688604c7794b', 'casa', 'lighthouse-old-timers-club-fabian-padilla', 'Fabian Padilla', '{"team":"Lighthouse Old Timers Club","date_of_birth":"11/01/1995","date_added":"9/13/2025","jersey_number":"","headshot_note":""}'::jsonb),
  ('9bf95073-6fb0-40cf-a27f-3266aa4d6366', 'casa', 'lighthouse-old-timers-club-ruben-piazzesi', 'Ruben Piazzesi', '{"team":"Lighthouse Old Timers Club","date_of_birth":"08/01/1997","date_added":"9/11/2025","jersey_number":"","headshot_note":""}'::jsonb),
  ('f289a581-dea8-4ce1-8206-d6eb9f351749', 'casa', 'lighthouse-old-timers-club-joshua-rosato', 'Joshua Rosato', '{"team":"Lighthouse Old Timers Club","date_of_birth":"11/04/1996","date_added":"9/11/2025","jersey_number":"","headshot_note":""}'::jsonb),
  ('cae8bbe0-b66b-4433-b6ae-e27524dea3fc', 'casa', 'lighthouse-old-timers-club-anuar-santos', 'Anuar Santos', '{"team":"Lighthouse Old Timers Club","date_of_birth":"12/31/1999","date_added":"10/10/2025","jersey_number":"","headshot_note":""}'::jsonb),
  ('90d2a294-5cfd-4e92-82c3-f584e3479d0d', 'casa', 'lighthouse-old-timers-club-anthony-sagustume', 'Anthony Sagustume', '{"team":"Lighthouse Old Timers Club","date_of_birth":"07/10/1995","date_added":"9/11/2025","jersey_number":"","headshot_note":""}'::jsonb),
  ('16c3d8cc-6c54-4d37-a269-9187ff5c2597', 'casa', 'lighthouse-old-timers-club-yakup-serce', 'Yakup Serce', '{"team":"Lighthouse Old Timers Club","date_of_birth":"10/27/1998","date_added":"9/11/2025","jersey_number":"","headshot_note":""}'::jsonb),
  ('8d0b555e-5e8f-450a-9f88-b187da9fbbf4', 'casa', 'lighthouse-old-timers-club-christopher-solis', 'Christopher Solis', '{"team":"Lighthouse Old Timers Club","date_of_birth":"10/21/2005","date_added":"9/11/2025","jersey_number":"","headshot_note":""}'::jsonb),
  ('618452e6-41bb-4824-98d1-055be02fe2d0', 'casa', 'lighthouse-old-timers-club-juan-vizcaino', 'Juan Vizcaino', '{"team":"Lighthouse Old Timers Club","date_of_birth":"12/02/1995","date_added":"9/13/2025","jersey_number":"","headshot_note":""}'::jsonb),
  ('4d92fd4b-8b91-422b-a276-cc4c9cdf283c', 'casa', 'lighthouse-old-timers-club-tom-diguilio', 'Tom Diguilio', '{"team":"Lighthouse Old Timers Club","date_of_birth":"11/17/1976","date_added":"9/13/2025","jersey_number":"","headshot_note":""}'::jsonb),
  ('91a5748b-aeca-4719-be91-77d2ad4855cf', 'casa', 'lighthouse-old-timers-club-leo-santa', 'Leo Santa', '{"team":"Lighthouse Old Timers Club","date_of_birth":"12/12/1977","date_added":"9/13/2025","jersey_number":"","headshot_note":""}'::jsonb)
ON CONFLICT (user_id, provider) DO UPDATE SET
  external_id = EXCLUDED.external_id,
  external_username = EXCLUDED.external_username,
  external_data = EXCLUDED.external_data,
  updated_at = CURRENT_TIMESTAMP;

-- Ensure player records exist for all CASA users
INSERT INTO players (id) VALUES
  ('e2e85901-35c2-4a4a-a423-ab4266a9ebf5'),
  ('1880765e-74de-45a0-b791-9a44e5b1d281'),
  ('9e6781fa-ade8-452e-bd60-89190981525d'),
  ('21363aa2-43ea-41fd-9d9a-096f51a97bd1'),
  ('66f7b351-b241-4987-8202-6fd2b2989381'),
  ('cc90f378-0c87-4767-a8f5-f12c23c78306'),
  ('0d8ba2e0-b9f4-4238-a4c1-7ff448af6899'),
  ('831d2d6c-996e-4aaa-b419-c09774058020'),
  ('96c64d8b-ae8e-4a13-aa65-edcccd2dc759'),
  ('be6c0c6c-7108-42c5-8ebd-783546f71f67'),
  ('3ad9e3a9-a340-427e-ad0d-064eedac3731'),
  ('2e9bfa5e-b956-4d1b-84bf-5e8844f15c32'),
  ('b6241d6f-3e9c-4c0d-86db-a9b6ecc7dcf9'),
  ('e6743db3-540c-4110-a769-934eeaa24c85'),
  ('b9039326-e30f-4ff0-8919-7bca3e5c2156'),
  ('b1b09b20-1687-4da8-ad5a-c085475b1b33'),
  ('91526606-5695-4f55-9484-600139c5d787'),
  ('0bb61e79-24ab-4429-9e8a-574acbb4490b'),
  ('e9bad087-eebf-4619-9e31-1edf688fcb73'),
  ('0f92c40a-543f-42a5-8678-790f3a3c4b9b'),
  ('0e5f04f7-24b6-4f5d-bb8e-f31d0861ef75'),
  ('d18d3cc3-8af2-4851-906b-3e863f2ac8e9'),
  ('946f79f1-05ab-46db-a7e1-ad55156d4eee'),
  ('05e525b7-ec5c-4511-8fcc-0d84cb8dd58c'),
  ('a61c6180-9898-48e9-b5e8-1bf4fbe9a3e2'),
  ('d7231b6e-fbdb-47ee-87a3-6ad0ea1065b1'),
  ('c8ab0517-43ec-4c9c-b2f6-369c4e9b1364'),
  ('8d6d9c48-40b5-4f3a-ad77-7e35d9afec73'),
  ('3e57433f-be51-44ab-95df-bdf18b80d083'),
  ('f61bbbda-c822-47af-89a7-cc6833de79b1'),
  ('a368994b-9d57-43d6-973f-cb37f5043301'),
  ('91b9050f-8dcb-4dc3-9987-d9c1c40f7626'),
  ('19f5a57d-e59f-4da3-a906-7b089104acdd'),
  ('1be0ce8c-ed71-426c-8423-1c89f078c35a'),
  ('0624f1d4-d0bd-4d1c-b767-6170b62a1453'),
  ('c8cce7ae-fd4f-4275-8e90-a4c3b217e958'),
  ('f8dfd967-1eaa-4452-ae95-1a69c36e321f'),
  ('71066bcb-e0b4-4cfe-b313-dbd12f8536f4'),
  ('6dec9d49-1540-4da9-b156-383a0277e619'),
  ('1e36cc65-a3c8-4043-bd82-999b7334078c'),
  ('3d39cfef-5ea9-4ebe-b833-6782c8f8fcf2'),
  ('d6855e7b-b2e1-4a54-9268-65ccbfdb9802'),
  ('cf87a99a-4dd1-4375-a2f5-ce0cd368bde6'),
  ('9b62199e-03c1-4516-aa30-3ec7dc1763fb'),
  ('f2e97bb0-2d2e-4d1f-990c-9d96f53bf078'),
  ('d0bc3d66-0db4-40ac-9877-0a131d23b5ae'),
  ('15162a8d-480f-4c1d-93d4-a221959ee718'),
  ('b13fc4dc-cda0-4f11-87f3-5cfa50c68d70'),
  ('0e135bc1-ebe9-4f61-a838-e58e430c5fc6'),
  ('91e194a5-591b-44b7-9e6e-688604c7794b'),
  ('9bf95073-6fb0-40cf-a27f-3266aa4d6366'),
  ('f289a581-dea8-4ce1-8206-d6eb9f351749'),
  ('cae8bbe0-b66b-4433-b6ae-e27524dea3fc'),
  ('90d2a294-5cfd-4e92-82c3-f584e3479d0d'),
  ('16c3d8cc-6c54-4d37-a269-9187ff5c2597'),
  ('8d0b555e-5e8f-450a-9f88-b187da9fbbf4'),
  ('618452e6-41bb-4824-98d1-055be02fe2d0'),
  ('4d92fd4b-8b91-422b-a276-cc4c9cdf283c'),
  ('91a5748b-aeca-4719-be91-77d2ad4855cf')
ON CONFLICT (id) DO NOTHING;

