-- ========================================
-- CASA USERS (Liga 1 Boys Club + Liga 2 Old Timers)
-- ========================================
-- Generated: 2025-12-09T15:13:24.078Z
-- Source: CASA Google Sheets
-- AUTO-GENERATED - DO NOT EDIT MANUALLY
-- Run scraper to regenerate: node database/scripts/casa-scraper/scrape-casa.js
-- ========================================

INSERT INTO users (id, first_name, last_name, avatar_url, date_of_birth, is_active) VALUES
  ('d34f7b5b-7898-44bb-85d5-0ffec7fb1b26', 'Omar', 'Alzubair', NULL, '05/20/2000', true),
  ('72dbc5b1-7573-4a4f-9801-9ed1ce756b78', 'Erwa', 'Babiker', NULL, '01/01/1996', true),
  ('c0ba3bd0-449a-4bcc-9301-b75942528687', 'Victor', 'Baidel', NULL, '09/09/2004', true),
  ('aa32dd78-24d2-4aa8-8e80-99f0fb7f7b0b', 'Oumar', 'Barry', NULL, '10/17/2003', true),
  ('fd50f48d-0dae-4612-808d-5fe723ba97df', 'Aboubacar', 'Bayo', NULL, '05/29/2006', true),
  ('e0d00946-7cc0-4cf0-a15c-654d47aeb36f', 'Luke', 'Breslin', NULL, '08/17/2005', true),
  ('0fa446f0-34ef-41a9-a412-298e919cfdde', 'Luis', 'De Jesus', NULL, '04/16/2007', true),
  ('dd3ba59e-f0cf-48fd-b5b9-e5f1ab2c8a5b', 'Abdoul', 'Diallo', NULL, '06/11/2006', true),
  ('0c226c71-b06f-4f56-968a-b9c84c81af1b', 'Abouya', 'Gangue', NULL, '10/14/2003', true),
  ('f3abca1c-6a2e-4bfc-aba8-0b8ce8af134e', 'Edwin', 'Garcia', NULL, '02/19/2006', true),
  ('2e7369b7-9ade-4378-af21-2e7a15e1ef11', 'Miles', 'Henry', NULL, '06/20/2000', true),
  ('99dd51ba-9c35-4b4a-ab93-ef97eec942ee', 'Andy', 'Hizdri', NULL, '02/09/2005', true),
  ('1b603e42-465f-4040-9f8a-62fb42168122', 'Arif', 'Hossain', NULL, '12/31/2003', true),
  ('60265f26-7389-4171-84c3-4da48ad07899', 'Zuhab', 'Imran', NULL, '10/26/2006', true),
  ('f1af09ee-1cc8-4da3-9c1f-466641baf866', 'Esnayder', 'Josue', NULL, '04/05/1998', true),
  ('7ec35da7-7139-4b49-b64f-d023a224da7c', 'Majid', 'Kawa', NULL, '12/08/2001', true),
  ('ed3e6333-ea8d-4ee1-83d2-86d981b10ba1', 'Alexander', 'Lara', NULL, '08/14/1997', true),
  ('32966c42-6268-4e00-8542-403d1286531f', 'Matt', 'Leder', NULL, '06/15/1999', true),
  ('e1dc1dea-c222-40fa-aef4-ae9f548b8380', 'Valentino', 'Martinez', NULL, '10/18/2002', true),
  ('1fa74c17-7f47-43ae-8958-3f5f8f22abf7', 'David', 'Masi', NULL, '07/07/2002', true),
  ('95549217-d263-4e43-8c56-4da0872e085b', 'Elmer', 'Mendoza', NULL, '08/04/2003', true),
  ('4ce4b4a1-cf99-46c5-ba8c-ef606ab508d8', 'Dylan', 'Moreno', NULL, '02/18/2005', true),
  ('1c453254-4bd8-45cf-891a-951b1134dd52', 'Babacar', 'Ndiaye', NULL, '02/28/2005', true),
  ('9cad8361-848c-4e30-a0bc-50bc6dc68df7', 'Zion', 'Nwalipenja', NULL, '01/07/2005', true),
  ('03647226-dfc9-41de-9478-2ae8baeed4c6', 'John', 'Oladele', NULL, '06/30/2000', true),
  ('acd4f212-864f-437c-a37c-2c1663713804', 'Jemirkel', 'Ornaque', NULL, '08/05/1995', true),
  ('23c64fbf-1299-42ff-9b38-3225b0af7fea', 'Joe', 'Riccitelli', NULL, '09/12/2002', true),
  ('9bcb1b56-8b9c-4514-8286-2a392e1e22cb', 'Caleb', 'Rojas', NULL, '12/03/2001', true),
  ('0f65a8fc-caa2-45c0-ac11-ba9f5ebf8680', 'Ali', 'Salah', NULL, '03/10/2007', true),
  ('64c3d690-88ac-4d57-95fa-983e7fecb449', 'Daniel', 'Salmanca', NULL, '07/12/2007', true),
  ('670354d1-a970-4e61-af06-c2d7edb86971', 'Hassane', 'Abdellaoui', NULL, '07/30/1999', true),
  ('35be38b5-7608-41d3-ae54-4c4a5ebe30d5', 'Logan', 'Bersani', NULL, '06/18/1998', true),
  ('d096268c-cab6-4709-bfea-2762771ef16f', 'Amer', 'Bleik', NULL, '12/05/1998', true),
  ('63b1f72f-c8f3-42b8-be17-6afd5afe0342', 'James', 'Breslin', NULL, '07/24/1972', true),
  ('3901e55c-d561-4031-a3c6-542bdabf2021', 'Birru', 'Golden', NULL, '04/16/1989', true),
  ('adde1be6-914e-49d6-bdef-f8b7c0f5e88f', 'Furkan', 'Elmas', NULL, '02/22/1997', true),
  ('feadddaf-a3c8-483c-ba2e-3da6f49094f4', 'John', 'Gonzalez', NULL, '01/01/2000', true),
  ('610db4b8-b686-4111-93a7-d3cc29c82b81', 'John', 'Heiler', NULL, '08/05/1979', true),
  ('4230ddbd-a93d-4528-8f51-d3ae30682fce', 'Justin', 'Katz', NULL, '03/27/1998', true),
  ('3aebcb73-4afc-4bd5-a2c0-1f963d95210a', 'Brian', 'Kenny', NULL, '09/16/1993', true),
  ('41d6b92d-da19-41bd-a32d-25c1bbc391eb', 'Ladeuix', '07/28/1993', NULL, NULL, true),
  ('9b3cdf9e-8949-4bb8-8846-055e5a82fc3b', 'Sam', 'Lipsey', NULL, '09/20/1998', true),
  ('0a45a300-f900-4b58-b613-8b649c2642d4', 'Juan Cruz', 'Llambias', NULL, '08/26/1997', true),
  ('cdcbb4b9-b0c1-4cfd-8244-521937deff45', 'Sean', 'McConnel', NULL, '09/04/1995', true),
  ('01ef0629-c3b0-40d6-bec3-b61a90291b59', 'Antonio', 'Moral', NULL, '11/09/1998', true),
  ('7b78977a-9731-4b05-ae49-3d4ffec89af1', 'Manuel', 'Morales', NULL, '09/25/1977', true),
  ('bff8f15d-c0ff-4a42-a626-155774394bfd', 'Kevin', 'Nguyen', NULL, '05/09/1996', true),
  ('0e9ee410-7218-4252-b1cf-84a7eb6e81d2', 'Musa', 'Osman', NULL, '07/01/2005', true),
  ('1c1215d0-0f2f-4b67-bd76-f86bd5379a8d', 'Marcelo', 'Osorio-Soto', NULL, '11/14/1991', true),
  ('e4ca3c66-d432-4d5e-99be-7b9330e0d833', 'Fabian', 'Padilla', NULL, '11/01/1995', true),
  ('e0c6ac2f-7da3-4b29-b537-8ebac6abcb29', 'Ruben', 'Piazzesi', NULL, '08/01/1997', true),
  ('6b3b5395-3df6-46ac-ba86-c1cc6e81a23b', 'Joshua', 'Rosato', NULL, '11/04/1996', true),
  ('f5c13c54-5453-4c80-884a-66ffaa0ea7e4', 'Anuar', 'Santos', NULL, '12/31/1999', true),
  ('44c5a2ae-eee5-4a2b-aefe-b8c0ae0c89e3', 'Anthony', 'Sagustume', NULL, '07/10/1995', true),
  ('428c0264-63e8-4e23-b60e-e4a9e39cb014', 'Yakup', 'Serce', NULL, '10/27/1998', true),
  ('20cd6516-143c-42d8-8612-2fa686346368', 'Christopher', 'Solis', NULL, '10/21/2005', true),
  ('ecf3b5ec-c644-433c-a36a-4e73884c2132', 'Juan', 'Vizcaino', NULL, '12/02/1995', true),
  ('e8c3117b-1a62-4d3d-ba9f-409b215c0794', 'Tom', 'Diguilio', NULL, '11/17/1976', true),
  ('1fefe547-989c-4644-b3f8-64a980707627', 'Leo', 'Santa', NULL, '12/12/1977', true)
ON CONFLICT (id) DO UPDATE SET
  first_name = EXCLUDED.first_name,
  last_name = EXCLUDED.last_name,
  avatar_url = COALESCE(EXCLUDED.avatar_url, users.avatar_url),
  date_of_birth = COALESCE(EXCLUDED.date_of_birth, users.date_of_birth),
  updated_at = CURRENT_TIMESTAMP;

-- External identities for CASA players
INSERT INTO user_external_identities (user_id, provider, external_id, external_username, external_data) VALUES
  ('d34f7b5b-7898-44bb-85d5-0ffec7fb1b26', 'casa', 'lighthouse-boys-club-omar-alzubair', 'Omar Alzubair', '{"team":"Lighthouse Boys Club","date_of_birth":"05/20/2000","date_added":"9/26/2025","jersey_number":"","headshot_note":""}'::jsonb),
  ('72dbc5b1-7573-4a4f-9801-9ed1ce756b78', 'casa', 'lighthouse-boys-club-erwa-babiker', 'Erwa Babiker', '{"team":"Lighthouse Boys Club","date_of_birth":"01/01/1996","date_added":"10/30/2025","jersey_number":"","headshot_note":""}'::jsonb),
  ('c0ba3bd0-449a-4bcc-9301-b75942528687', 'casa', 'lighthouse-boys-club-victor-baidel', 'Victor Baidel', '{"team":"Lighthouse Boys Club","date_of_birth":"09/09/2004","date_added":"9/13/2025","jersey_number":"","headshot_note":""}'::jsonb),
  ('aa32dd78-24d2-4aa8-8e80-99f0fb7f7b0b', 'casa', 'lighthouse-boys-club-oumar-barry', 'Oumar Barry', '{"team":"Lighthouse Boys Club","date_of_birth":"10/17/2003","date_added":"9/13/2025","jersey_number":"","headshot_note":""}'::jsonb),
  ('fd50f48d-0dae-4612-808d-5fe723ba97df', 'casa', 'lighthouse-boys-club-aboubacar-bayo', 'Aboubacar Bayo', '{"team":"Lighthouse Boys Club","date_of_birth":"05/29/2006","date_added":"9/13/2025","jersey_number":"","headshot_note":""}'::jsonb),
  ('e0d00946-7cc0-4cf0-a15c-654d47aeb36f', 'casa', 'lighthouse-boys-club-luke-breslin', 'Luke Breslin', '{"team":"Lighthouse Boys Club","date_of_birth":"08/17/2005","date_added":"9/19/2025","jersey_number":"","headshot_note":""}'::jsonb),
  ('0fa446f0-34ef-41a9-a412-298e919cfdde', 'casa', 'lighthouse-boys-club-luis-de jesus', 'Luis De Jesus', '{"team":"Lighthouse Boys Club","date_of_birth":"04/16/2007","date_added":"9/26/2025","jersey_number":"","headshot_note":""}'::jsonb),
  ('dd3ba59e-f0cf-48fd-b5b9-e5f1ab2c8a5b', 'casa', 'lighthouse-boys-club-abdoul-diallo', 'Abdoul Diallo', '{"team":"Lighthouse Boys Club","date_of_birth":"06/11/2006","date_added":"9/13/2025","jersey_number":"","headshot_note":""}'::jsonb),
  ('0c226c71-b06f-4f56-968a-b9c84c81af1b', 'casa', 'lighthouse-boys-club-abouya-gangue', 'Abouya Gangue', '{"team":"Lighthouse Boys Club","date_of_birth":"10/14/2003","date_added":"10/10/2025","jersey_number":"","headshot_note":""}'::jsonb),
  ('f3abca1c-6a2e-4bfc-aba8-0b8ce8af134e', 'casa', 'lighthouse-boys-club-edwin-garcia', 'Edwin Garcia', '{"team":"Lighthouse Boys Club","date_of_birth":"02/19/2006","date_added":"9/26/2025","jersey_number":"","headshot_note":""}'::jsonb),
  ('2e7369b7-9ade-4378-af21-2e7a15e1ef11', 'casa', 'lighthouse-boys-club-miles-henry', 'Miles Henry', '{"team":"Lighthouse Boys Club","date_of_birth":"06/20/2000","date_added":"9/13/2025","jersey_number":"","headshot_note":""}'::jsonb),
  ('99dd51ba-9c35-4b4a-ab93-ef97eec942ee', 'casa', 'lighthouse-boys-club-andy-hizdri', 'Andy Hizdri', '{"team":"Lighthouse Boys Club","date_of_birth":"02/09/2005","date_added":"9/13/2025","jersey_number":"","headshot_note":""}'::jsonb),
  ('1b603e42-465f-4040-9f8a-62fb42168122', 'casa', 'lighthouse-boys-club-arif-hossain', 'Arif Hossain', '{"team":"Lighthouse Boys Club","date_of_birth":"12/31/2003","date_added":"9/13/2025","jersey_number":"","headshot_note":""}'::jsonb),
  ('60265f26-7389-4171-84c3-4da48ad07899', 'casa', 'lighthouse-boys-club-zuhab-imran', 'Zuhab Imran', '{"team":"Lighthouse Boys Club","date_of_birth":"10/26/2006","date_added":"9/19/2025","jersey_number":"","headshot_note":""}'::jsonb),
  ('f1af09ee-1cc8-4da3-9c1f-466641baf866', 'casa', 'lighthouse-boys-club-esnayder-josue', 'Esnayder Josue', '{"team":"Lighthouse Boys Club","date_of_birth":"04/05/1998","date_added":"11/14/2025","jersey_number":"","headshot_note":""}'::jsonb),
  ('7ec35da7-7139-4b49-b64f-d023a224da7c', 'casa', 'lighthouse-boys-club-majid-kawa', 'Majid Kawa', '{"team":"Lighthouse Boys Club","date_of_birth":"12/08/2001","date_added":"11/7/2025","jersey_number":"","headshot_note":""}'::jsonb),
  ('ed3e6333-ea8d-4ee1-83d2-86d981b10ba1', 'casa', 'lighthouse-boys-club-alexander-lara', 'Alexander Lara', '{"team":"Lighthouse Boys Club","date_of_birth":"08/14/1997","date_added":"9/13/2025","jersey_number":"","headshot_note":""}'::jsonb),
  ('32966c42-6268-4e00-8542-403d1286531f', 'casa', 'lighthouse-boys-club-matt-leder', 'Matt Leder', '{"team":"Lighthouse Boys Club","date_of_birth":"06/15/1999","date_added":"9/26/2025","jersey_number":"","headshot_note":""}'::jsonb),
  ('e1dc1dea-c222-40fa-aef4-ae9f548b8380', 'casa', 'lighthouse-boys-club-valentino-martinez', 'Valentino Martinez', '{"team":"Lighthouse Boys Club","date_of_birth":"10/18/2002","date_added":"10/30/2025","jersey_number":"","headshot_note":""}'::jsonb),
  ('1fa74c17-7f47-43ae-8958-3f5f8f22abf7', 'casa', 'lighthouse-boys-club-david-masi', 'David Masi', '{"team":"Lighthouse Boys Club","date_of_birth":"07/07/2002","date_added":"9/13/2025","jersey_number":"","headshot_note":""}'::jsonb),
  ('95549217-d263-4e43-8c56-4da0872e085b', 'casa', 'lighthouse-boys-club-elmer-mendoza', 'Elmer Mendoza', '{"team":"Lighthouse Boys Club","date_of_birth":"08/04/2003","date_added":"9/13/2025","jersey_number":"","headshot_note":""}'::jsonb),
  ('4ce4b4a1-cf99-46c5-ba8c-ef606ab508d8', 'casa', 'lighthouse-boys-club-dylan-moreno', 'Dylan Moreno', '{"team":"Lighthouse Boys Club","date_of_birth":"02/18/2005","date_added":"9/19/2025","jersey_number":"","headshot_note":""}'::jsonb),
  ('1c453254-4bd8-45cf-891a-951b1134dd52', 'casa', 'lighthouse-boys-club-babacar-ndiaye', 'Babacar Ndiaye', '{"team":"Lighthouse Boys Club","date_of_birth":"02/28/2005","date_added":"9/13/2025","jersey_number":"","headshot_note":""}'::jsonb),
  ('9cad8361-848c-4e30-a0bc-50bc6dc68df7', 'casa', 'lighthouse-boys-club-zion-nwalipenja', 'Zion Nwalipenja', '{"team":"Lighthouse Boys Club","date_of_birth":"01/07/2005","date_added":"9/13/2025","jersey_number":"","headshot_note":""}'::jsonb),
  ('03647226-dfc9-41de-9478-2ae8baeed4c6', 'casa', 'lighthouse-boys-club-john-oladele', 'John Oladele', '{"team":"Lighthouse Boys Club","date_of_birth":"06/30/2000","date_added":"9/13/2025","jersey_number":"","headshot_note":""}'::jsonb),
  ('acd4f212-864f-437c-a37c-2c1663713804', 'casa', 'lighthouse-boys-club-jemirkel-ornaque', 'Jemirkel Ornaque', '{"team":"Lighthouse Boys Club","date_of_birth":"08/05/1995","date_added":"9/13/2025","jersey_number":"","headshot_note":""}'::jsonb),
  ('23c64fbf-1299-42ff-9b38-3225b0af7fea', 'casa', 'lighthouse-boys-club-joe-riccitelli', 'Joe Riccitelli', '{"team":"Lighthouse Boys Club","date_of_birth":"09/12/2002","date_added":"9/13/2025","jersey_number":"","headshot_note":""}'::jsonb),
  ('9bcb1b56-8b9c-4514-8286-2a392e1e22cb', 'casa', 'lighthouse-boys-club-caleb-rojas', 'Caleb Rojas', '{"team":"Lighthouse Boys Club","date_of_birth":"12/03/2001","date_added":"11/3/2025","jersey_number":"","headshot_note":""}'::jsonb),
  ('0f65a8fc-caa2-45c0-ac11-ba9f5ebf8680', 'casa', 'lighthouse-boys-club-ali-salah', 'Ali Salah', '{"team":"Lighthouse Boys Club","date_of_birth":"03/10/2007","date_added":"9/19/2025","jersey_number":"","headshot_note":""}'::jsonb),
  ('64c3d690-88ac-4d57-95fa-983e7fecb449', 'casa', 'lighthouse-boys-club-daniel-salmanca', 'Daniel Salmanca', '{"team":"Lighthouse Boys Club","date_of_birth":"07/12/2007","date_added":"9/13/2025","jersey_number":"","headshot_note":""}'::jsonb),
  ('670354d1-a970-4e61-af06-c2d7edb86971', 'casa', 'lighthouse-old-timers-club-hassane-abdellaoui', 'Hassane Abdellaoui', '{"team":"Lighthouse Old Timers Club","date_of_birth":"07/30/1999","date_added":"10/10/2025","jersey_number":"","headshot_note":"PLAYER SHOULD BRING ID UNTIL HEADSHOT IS ADDED"}'::jsonb),
  ('35be38b5-7608-41d3-ae54-4c4a5ebe30d5', 'casa', 'lighthouse-old-timers-club-logan-bersani', 'Logan Bersani', '{"team":"Lighthouse Old Timers Club","date_of_birth":"06/18/1998","date_added":"9/11/2025","jersey_number":"","headshot_note":""}'::jsonb),
  ('d096268c-cab6-4709-bfea-2762771ef16f', 'casa', 'lighthouse-old-timers-club-amer-bleik', 'Amer Bleik', '{"team":"Lighthouse Old Timers Club","date_of_birth":"12/05/1998","date_added":"9/11/2025","jersey_number":"","headshot_note":""}'::jsonb),
  ('63b1f72f-c8f3-42b8-be17-6afd5afe0342', 'casa', 'lighthouse-old-timers-club-james-breslin', 'James Breslin', '{"team":"Lighthouse Old Timers Club","date_of_birth":"07/24/1972","date_added":"11/1/2025","jersey_number":"","headshot_note":""}'::jsonb),
  ('3901e55c-d561-4031-a3c6-542bdabf2021', 'casa', 'lighthouse-old-timers-club-birru-golden', 'Birru Golden', '{"team":"Lighthouse Old Timers Club","date_of_birth":"04/16/1989","date_added":"10/10/2025","jersey_number":"","headshot_note":"PLAYER SHOULD BRING ID UNTIL HEADSHOT IS ADDED"}'::jsonb),
  ('adde1be6-914e-49d6-bdef-f8b7c0f5e88f', 'casa', 'lighthouse-old-timers-club-furkan-elmas', 'Furkan Elmas', '{"team":"Lighthouse Old Timers Club","date_of_birth":"02/22/1997","date_added":"10/10/2025","jersey_number":"","headshot_note":""}'::jsonb),
  ('feadddaf-a3c8-483c-ba2e-3da6f49094f4', 'casa', 'lighthouse-old-timers-club-john-gonzalez', 'John Gonzalez', '{"team":"Lighthouse Old Timers Club","date_of_birth":"01/01/2000","date_added":"9/19/2025","jersey_number":"","headshot_note":""}'::jsonb),
  ('610db4b8-b686-4111-93a7-d3cc29c82b81', 'casa', 'lighthouse-old-timers-club-john-heiler', 'John Heiler', '{"team":"Lighthouse Old Timers Club","date_of_birth":"08/05/1979","date_added":"9/11/2025","jersey_number":"","headshot_note":""}'::jsonb),
  ('4230ddbd-a93d-4528-8f51-d3ae30682fce', 'casa', 'lighthouse-old-timers-club-justin-katz', 'Justin Katz', '{"team":"Lighthouse Old Timers Club","date_of_birth":"03/27/1998","date_added":"9/11/2025","jersey_number":"","headshot_note":""}'::jsonb),
  ('3aebcb73-4afc-4bd5-a2c0-1f963d95210a', 'casa', 'lighthouse-old-timers-club-brian-kenny', 'Brian Kenny', '{"team":"Lighthouse Old Timers Club","date_of_birth":"09/16/1993","date_added":"9/19/2025","jersey_number":"","headshot_note":""}'::jsonb),
  ('41d6b92d-da19-41bd-a32d-25c1bbc391eb', 'casa', 'lighthouse-old-timers-club-ladeuix-07/28/1993', 'Ladeuix 07/28/1993', '{"team":"Lighthouse Old Timers Club","date_of_birth":"","date_added":"","headshot_note":"10/10/2025"}'::jsonb),
  ('9b3cdf9e-8949-4bb8-8846-055e5a82fc3b', 'casa', 'lighthouse-old-timers-club-sam-lipsey', 'Sam Lipsey', '{"team":"Lighthouse Old Timers Club","date_of_birth":"09/20/1998","date_added":"9/11/2025","jersey_number":"","headshot_note":""}'::jsonb),
  ('0a45a300-f900-4b58-b613-8b649c2642d4', 'casa', 'lighthouse-old-timers-club-juan cruz-llambias', 'Juan Cruz Llambias', '{"team":"Lighthouse Old Timers Club","date_of_birth":"08/26/1997","date_added":"9/11/2025","jersey_number":"","headshot_note":""}'::jsonb),
  ('cdcbb4b9-b0c1-4cfd-8244-521937deff45', 'casa', 'lighthouse-old-timers-club-sean-mcconnel', 'Sean McConnel', '{"team":"Lighthouse Old Timers Club","date_of_birth":"09/04/1995","date_added":"9/19/2025","jersey_number":"","headshot_note":""}'::jsonb),
  ('01ef0629-c3b0-40d6-bec3-b61a90291b59', 'casa', 'lighthouse-old-timers-club-antonio-moral', 'Antonio Moral', '{"team":"Lighthouse Old Timers Club","date_of_birth":"11/09/1998","date_added":"9/26/2025","jersey_number":"","headshot_note":""}'::jsonb),
  ('7b78977a-9731-4b05-ae49-3d4ffec89af1', 'casa', 'lighthouse-old-timers-club-manuel-morales', 'Manuel Morales', '{"team":"Lighthouse Old Timers Club","date_of_birth":"09/25/1977","date_added":"9/11/2025","jersey_number":"","headshot_note":""}'::jsonb),
  ('bff8f15d-c0ff-4a42-a626-155774394bfd', 'casa', 'lighthouse-old-timers-club-kevin-nguyen', 'Kevin Nguyen', '{"team":"Lighthouse Old Timers Club","date_of_birth":"05/09/1996","date_added":"9/13/2025","jersey_number":"","headshot_note":""}'::jsonb),
  ('0e9ee410-7218-4252-b1cf-84a7eb6e81d2', 'casa', 'lighthouse-old-timers-club-musa-osman', 'Musa Osman', '{"team":"Lighthouse Old Timers Club","date_of_birth":"07/01/2005","date_added":"9/26/2025","jersey_number":"","headshot_note":""}'::jsonb),
  ('1c1215d0-0f2f-4b67-bd76-f86bd5379a8d', 'casa', 'lighthouse-old-timers-club-marcelo-osorio-soto', 'Marcelo Osorio-Soto', '{"team":"Lighthouse Old Timers Club","date_of_birth":"11/14/1991","date_added":"","jersey_number":"","headshot_note":""}'::jsonb),
  ('e4ca3c66-d432-4d5e-99be-7b9330e0d833', 'casa', 'lighthouse-old-timers-club-fabian-padilla', 'Fabian Padilla', '{"team":"Lighthouse Old Timers Club","date_of_birth":"11/01/1995","date_added":"9/13/2025","jersey_number":"","headshot_note":""}'::jsonb),
  ('e0c6ac2f-7da3-4b29-b537-8ebac6abcb29', 'casa', 'lighthouse-old-timers-club-ruben-piazzesi', 'Ruben Piazzesi', '{"team":"Lighthouse Old Timers Club","date_of_birth":"08/01/1997","date_added":"9/11/2025","jersey_number":"","headshot_note":""}'::jsonb),
  ('6b3b5395-3df6-46ac-ba86-c1cc6e81a23b', 'casa', 'lighthouse-old-timers-club-joshua-rosato', 'Joshua Rosato', '{"team":"Lighthouse Old Timers Club","date_of_birth":"11/04/1996","date_added":"9/11/2025","jersey_number":"","headshot_note":""}'::jsonb),
  ('f5c13c54-5453-4c80-884a-66ffaa0ea7e4', 'casa', 'lighthouse-old-timers-club-anuar-santos', 'Anuar Santos', '{"team":"Lighthouse Old Timers Club","date_of_birth":"12/31/1999","date_added":"10/10/2025","jersey_number":"","headshot_note":""}'::jsonb),
  ('44c5a2ae-eee5-4a2b-aefe-b8c0ae0c89e3', 'casa', 'lighthouse-old-timers-club-anthony-sagustume', 'Anthony Sagustume', '{"team":"Lighthouse Old Timers Club","date_of_birth":"07/10/1995","date_added":"9/11/2025","jersey_number":"","headshot_note":""}'::jsonb),
  ('428c0264-63e8-4e23-b60e-e4a9e39cb014', 'casa', 'lighthouse-old-timers-club-yakup-serce', 'Yakup Serce', '{"team":"Lighthouse Old Timers Club","date_of_birth":"10/27/1998","date_added":"9/11/2025","jersey_number":"","headshot_note":""}'::jsonb),
  ('20cd6516-143c-42d8-8612-2fa686346368', 'casa', 'lighthouse-old-timers-club-christopher-solis', 'Christopher Solis', '{"team":"Lighthouse Old Timers Club","date_of_birth":"10/21/2005","date_added":"9/11/2025","jersey_number":"","headshot_note":""}'::jsonb),
  ('ecf3b5ec-c644-433c-a36a-4e73884c2132', 'casa', 'lighthouse-old-timers-club-juan-vizcaino', 'Juan Vizcaino', '{"team":"Lighthouse Old Timers Club","date_of_birth":"12/02/1995","date_added":"9/13/2025","jersey_number":"","headshot_note":""}'::jsonb),
  ('e8c3117b-1a62-4d3d-ba9f-409b215c0794', 'casa', 'lighthouse-old-timers-club-tom-diguilio', 'Tom Diguilio', '{"team":"Lighthouse Old Timers Club","date_of_birth":"11/17/1976","date_added":"9/13/2025","jersey_number":"","headshot_note":""}'::jsonb),
  ('1fefe547-989c-4644-b3f8-64a980707627', 'casa', 'lighthouse-old-timers-club-leo-santa', 'Leo Santa', '{"team":"Lighthouse Old Timers Club","date_of_birth":"12/12/1977","date_added":"9/13/2025","jersey_number":"","headshot_note":""}'::jsonb)
ON CONFLICT (user_id, provider) DO UPDATE SET
  external_id = EXCLUDED.external_id,
  external_username = EXCLUDED.external_username,
  external_data = EXCLUDED.external_data,
  updated_at = CURRENT_TIMESTAMP;

-- Ensure player records exist for all CASA users
INSERT INTO players (id) VALUES
  ('d34f7b5b-7898-44bb-85d5-0ffec7fb1b26'),
  ('72dbc5b1-7573-4a4f-9801-9ed1ce756b78'),
  ('c0ba3bd0-449a-4bcc-9301-b75942528687'),
  ('aa32dd78-24d2-4aa8-8e80-99f0fb7f7b0b'),
  ('fd50f48d-0dae-4612-808d-5fe723ba97df'),
  ('e0d00946-7cc0-4cf0-a15c-654d47aeb36f'),
  ('0fa446f0-34ef-41a9-a412-298e919cfdde'),
  ('dd3ba59e-f0cf-48fd-b5b9-e5f1ab2c8a5b'),
  ('0c226c71-b06f-4f56-968a-b9c84c81af1b'),
  ('f3abca1c-6a2e-4bfc-aba8-0b8ce8af134e'),
  ('2e7369b7-9ade-4378-af21-2e7a15e1ef11'),
  ('99dd51ba-9c35-4b4a-ab93-ef97eec942ee'),
  ('1b603e42-465f-4040-9f8a-62fb42168122'),
  ('60265f26-7389-4171-84c3-4da48ad07899'),
  ('f1af09ee-1cc8-4da3-9c1f-466641baf866'),
  ('7ec35da7-7139-4b49-b64f-d023a224da7c'),
  ('ed3e6333-ea8d-4ee1-83d2-86d981b10ba1'),
  ('32966c42-6268-4e00-8542-403d1286531f'),
  ('e1dc1dea-c222-40fa-aef4-ae9f548b8380'),
  ('1fa74c17-7f47-43ae-8958-3f5f8f22abf7'),
  ('95549217-d263-4e43-8c56-4da0872e085b'),
  ('4ce4b4a1-cf99-46c5-ba8c-ef606ab508d8'),
  ('1c453254-4bd8-45cf-891a-951b1134dd52'),
  ('9cad8361-848c-4e30-a0bc-50bc6dc68df7'),
  ('03647226-dfc9-41de-9478-2ae8baeed4c6'),
  ('acd4f212-864f-437c-a37c-2c1663713804'),
  ('23c64fbf-1299-42ff-9b38-3225b0af7fea'),
  ('9bcb1b56-8b9c-4514-8286-2a392e1e22cb'),
  ('0f65a8fc-caa2-45c0-ac11-ba9f5ebf8680'),
  ('64c3d690-88ac-4d57-95fa-983e7fecb449'),
  ('670354d1-a970-4e61-af06-c2d7edb86971'),
  ('35be38b5-7608-41d3-ae54-4c4a5ebe30d5'),
  ('d096268c-cab6-4709-bfea-2762771ef16f'),
  ('63b1f72f-c8f3-42b8-be17-6afd5afe0342'),
  ('3901e55c-d561-4031-a3c6-542bdabf2021'),
  ('adde1be6-914e-49d6-bdef-f8b7c0f5e88f'),
  ('feadddaf-a3c8-483c-ba2e-3da6f49094f4'),
  ('610db4b8-b686-4111-93a7-d3cc29c82b81'),
  ('4230ddbd-a93d-4528-8f51-d3ae30682fce'),
  ('3aebcb73-4afc-4bd5-a2c0-1f963d95210a'),
  ('41d6b92d-da19-41bd-a32d-25c1bbc391eb'),
  ('9b3cdf9e-8949-4bb8-8846-055e5a82fc3b'),
  ('0a45a300-f900-4b58-b613-8b649c2642d4'),
  ('cdcbb4b9-b0c1-4cfd-8244-521937deff45'),
  ('01ef0629-c3b0-40d6-bec3-b61a90291b59'),
  ('7b78977a-9731-4b05-ae49-3d4ffec89af1'),
  ('bff8f15d-c0ff-4a42-a626-155774394bfd'),
  ('0e9ee410-7218-4252-b1cf-84a7eb6e81d2'),
  ('1c1215d0-0f2f-4b67-bd76-f86bd5379a8d'),
  ('e4ca3c66-d432-4d5e-99be-7b9330e0d833'),
  ('e0c6ac2f-7da3-4b29-b537-8ebac6abcb29'),
  ('6b3b5395-3df6-46ac-ba86-c1cc6e81a23b'),
  ('f5c13c54-5453-4c80-884a-66ffaa0ea7e4'),
  ('44c5a2ae-eee5-4a2b-aefe-b8c0ae0c89e3'),
  ('428c0264-63e8-4e23-b60e-e4a9e39cb014'),
  ('20cd6516-143c-42d8-8612-2fa686346368'),
  ('ecf3b5ec-c644-433c-a36a-4e73884c2132'),
  ('e8c3117b-1a62-4d3d-ba9f-409b215c0794'),
  ('1fefe547-989c-4644-b3f8-64a980707627')
ON CONFLICT (id) DO NOTHING;

