-- ========================================
-- CASA USERS (Liga 1 Boys Club + Liga 2 Old Timers)
-- ========================================
-- Generated: 2025-12-08T19:05:04.546Z
-- Source: CASA Google Sheets
-- AUTO-GENERATED - DO NOT EDIT MANUALLY
-- Run scraper to regenerate: node database/scripts/casa-scraper/scrape-casa.js
-- ========================================

INSERT INTO users (id, first_name, last_name, avatar_url, date_of_birth, is_active) VALUES
  ('6e0bc9a0-ab4d-4de2-951b-506896018a47', 'Omar', 'Alzubair', NULL, '05/20/2000', true),
  ('361ffdbe-89d6-4564-9db3-0af871035f28', 'Erwa', 'Babiker', NULL, '01/01/1996', true),
  ('abd40611-4c39-4355-889e-d4be698f0e31', 'Victor', 'Baidel', NULL, '09/09/2004', true),
  ('3768e19d-1d8b-47f5-af81-9a3b6e669a9c', 'Oumar', 'Barry', NULL, '10/17/2003', true),
  ('a678d3ff-ea0f-4040-a1f4-97e191a8dc62', 'Aboubacar', 'Bayo', NULL, '05/29/2006', true),
  ('b47c47ed-607e-48c2-93c5-548810f11b04', 'Luke', 'Breslin', NULL, '08/17/2005', true),
  ('c0bb41da-2502-40ae-b77a-36e3a3c41c92', 'Luis', 'De Jesus', NULL, '04/16/2007', true),
  ('40d5e2b1-b6c6-464c-8b5e-a51e15e280f3', 'Abdoul', 'Diallo', NULL, '06/11/2006', true),
  ('03ec4038-011a-488d-843b-d27826a7e59a', 'Abouya', 'Gangue', NULL, '10/14/2003', true),
  ('d2f97e4c-6f36-4e28-ae47-679dcadc8aa7', 'Edwin', 'Garcia', NULL, '02/19/2006', true),
  ('6eb3a908-4235-438b-9407-93a0df997d27', 'Miles', 'Henry', NULL, '06/20/2000', true),
  ('cd0b6b19-8d1f-400f-a2b5-362ecbd3c333', 'Andy', 'Hizdri', NULL, '02/09/2005', true),
  ('ab2baeb8-44de-4cca-8414-4e81e4ac1f58', 'Arif', 'Hossain', NULL, '12/31/2003', true),
  ('286d41ba-b582-4d0c-9518-ff2aa66a1969', 'Zuhab', 'Imran', NULL, '10/26/2006', true),
  ('776baf42-fb40-47e1-bab4-e50857ad098f', 'Esnayder', 'Josue', NULL, '04/05/1998', true),
  ('e2febe2d-b74b-4dff-a014-a6145cd99724', 'Majid', 'Kawa', NULL, '12/08/2001', true),
  ('45f28ee6-2a0c-4684-bc28-0f6b88989530', 'Alexander', 'Lara', NULL, '08/14/1997', true),
  ('242ee666-fa35-49b5-81fa-56200c25ea90', 'Matt', 'Leder', NULL, '06/15/1999', true),
  ('058291d9-9bf9-4f34-9b63-8aea503b09e3', 'Valentino', 'Martinez', NULL, '10/18/2002', true),
  ('cf03ff66-3426-4f5b-85f9-15f0b15f4412', 'David', 'Masi', NULL, '07/07/2002', true),
  ('c2246275-88d7-404e-9921-783de74d1db0', 'Elmer', 'Mendoza', NULL, '08/04/2003', true),
  ('62061a14-eda0-4c09-8eab-84d80027325a', 'Dylan', 'Moreno', NULL, '02/18/2005', true),
  ('492509c2-fad0-4f79-8e75-6606343b2264', 'Babacar', 'Ndiaye', NULL, '02/28/2005', true),
  ('c64183af-0820-46e6-b9cb-a2174e2005ba', 'Zion', 'Nwalipenja', NULL, '01/07/2005', true),
  ('689a8098-fd23-4467-8b39-848a4819e93a', 'John', 'Oladele', NULL, '06/30/2000', true),
  ('5470ec87-3559-4a72-9284-7f26f4512cec', 'Jemirkel', 'Ornaque', NULL, '08/05/1995', true),
  ('071a87eb-2078-433b-9e13-5eb5e6c87cfc', 'Joe', 'Riccitelli', NULL, '09/12/2002', true),
  ('c4fc4928-ef44-45a8-b313-49d83b1bf588', 'Caleb', 'Rojas', NULL, '12/03/2001', true),
  ('86f57ef8-55fb-4375-a076-573f7215385a', 'Ali', 'Salah', NULL, '03/10/2007', true),
  ('4f53a44d-4913-4e84-8ffe-aaa7e55b2405', 'Daniel', 'Salmanca', NULL, '07/12/2007', true),
  ('b3252535-a8cf-400d-8382-37fb5d381fe2', 'Hassane', 'Abdellaoui', NULL, '07/30/1999', true),
  ('4edf248e-63c2-4624-9bb0-bb1667e66dda', 'Logan', 'Bersani', NULL, '06/18/1998', true),
  ('c79d2adc-1e53-4bf0-b542-55946f8df92c', 'Amer', 'Bleik', NULL, '12/05/1998', true),
  ('2f9e8810-d018-4c0a-8a16-3351730efe28', 'James', 'Breslin', NULL, '07/24/1972', true),
  ('e24e09c4-6d3a-4f16-b890-81b1eb9280f5', 'Birru', 'Golden', NULL, '04/16/1989', true),
  ('50459d0c-f1f8-4dd6-b3b6-890eea9e4184', 'Furkan', 'Elmas', NULL, '02/22/1997', true),
  ('520c1a7a-de3c-40e5-b877-fee80eba3783', 'John', 'Gonzalez', NULL, '01/01/2000', true),
  ('c40fcbbd-880d-4a6e-8860-9f906b3a5d58', 'John', 'Heiler', NULL, '08/05/1979', true),
  ('54fcf445-bd70-4136-a9d5-c6762348d156', 'Justin', 'Katz', NULL, '03/27/1998', true),
  ('01bbf610-af0d-4bfe-9d65-c3922ac2b48e', 'Brian', 'Kenny', NULL, '09/16/1993', true),
  ('3fa18749-245f-4daa-8916-9b2e28e99588', 'Ladeuix', '07/28/1993', NULL, NULL, true),
  ('ec8a8fee-9ade-43d2-92ff-5c84210aa258', 'Sam', 'Lipsey', NULL, '09/20/1998', true),
  ('6ce5cdb2-a827-459c-b8c6-7f744dd1901c', 'Juan Cruz', 'Llambias', NULL, '08/26/1997', true),
  ('de43f788-758c-4533-9733-4e3b9f0ac6a9', 'Sean', 'McConnel', NULL, '09/04/1995', true),
  ('e6205639-6f00-4484-8465-74365d71a06f', 'Antonio', 'Moral', NULL, '11/09/1998', true),
  ('a8f349d2-5610-47c4-b255-02d77be5b5a5', 'Manuel', 'Morales', NULL, '09/25/1977', true),
  ('3c1e02f8-543d-466f-a519-61b21af13530', 'Kevin', 'Nguyen', NULL, '05/09/1996', true),
  ('89697525-07b9-4bcc-933b-d382440d7e8b', 'Musa', 'Osman', NULL, '07/01/2005', true),
  ('a3da2ec5-6637-4444-b361-438839fdf8d1', 'Marcelo', 'Osorio-Soto', NULL, '11/14/1991', true),
  ('c5536451-9ff4-4e5f-86b0-add4c34204bb', 'Fabian', 'Padilla', NULL, '11/01/1995', true),
  ('c9c5c254-d89c-4d3d-973b-2cd8fb894cba', 'Ruben', 'Piazzesi', NULL, '08/01/1997', true),
  ('cc1568c5-a6bb-467f-881c-454cf1206aaf', 'Joshua', 'Rosato', NULL, '11/04/1996', true),
  ('e89cb5ce-60d4-4615-9806-46708b0ecc66', 'Anuar', 'Santos', NULL, '12/31/1999', true),
  ('7b7fdbd4-d68a-4df5-bdee-780e2e455c29', 'Anthony', 'Sagustume', NULL, '07/10/1995', true),
  ('f8866550-0ae5-4ede-9eb1-e67cbeae4942', 'Yakup', 'Serce', NULL, '10/27/1998', true),
  ('01dd0e6e-f4b3-4ed7-a326-c4e2c1ba3ef7', 'Christopher', 'Solis', NULL, '10/21/2005', true),
  ('e36f05f0-1545-4a54-b698-94c6f4f38e4c', 'Juan', 'Vizcaino', NULL, '12/02/1995', true),
  ('2bf21ebe-3114-438f-997a-7da312665db6', 'Tom', 'Diguilio', NULL, '11/17/1976', true),
  ('ef970f9a-0a75-4edb-ac9b-1c31cc8af6db', 'Leo', 'Santa', NULL, '12/12/1977', true)
ON CONFLICT (id) DO UPDATE SET
  first_name = EXCLUDED.first_name,
  last_name = EXCLUDED.last_name,
  avatar_url = COALESCE(EXCLUDED.avatar_url, users.avatar_url),
  date_of_birth = COALESCE(EXCLUDED.date_of_birth, users.date_of_birth),
  updated_at = CURRENT_TIMESTAMP;

-- External identities for CASA players
INSERT INTO user_external_identities (user_id, provider, external_id, external_username, external_data) VALUES
  ('6e0bc9a0-ab4d-4de2-951b-506896018a47', 'casa', 'lighthouse-boys-club-omar-alzubair', 'Omar Alzubair', '{"team":"Lighthouse Boys Club","date_of_birth":"05/20/2000","date_added":"9/26/2025","jersey_number":"","headshot_note":""}'::jsonb),
  ('361ffdbe-89d6-4564-9db3-0af871035f28', 'casa', 'lighthouse-boys-club-erwa-babiker', 'Erwa Babiker', '{"team":"Lighthouse Boys Club","date_of_birth":"01/01/1996","date_added":"10/30/2025","jersey_number":"","headshot_note":""}'::jsonb),
  ('abd40611-4c39-4355-889e-d4be698f0e31', 'casa', 'lighthouse-boys-club-victor-baidel', 'Victor Baidel', '{"team":"Lighthouse Boys Club","date_of_birth":"09/09/2004","date_added":"9/13/2025","jersey_number":"","headshot_note":""}'::jsonb),
  ('3768e19d-1d8b-47f5-af81-9a3b6e669a9c', 'casa', 'lighthouse-boys-club-oumar-barry', 'Oumar Barry', '{"team":"Lighthouse Boys Club","date_of_birth":"10/17/2003","date_added":"9/13/2025","jersey_number":"","headshot_note":""}'::jsonb),
  ('a678d3ff-ea0f-4040-a1f4-97e191a8dc62', 'casa', 'lighthouse-boys-club-aboubacar-bayo', 'Aboubacar Bayo', '{"team":"Lighthouse Boys Club","date_of_birth":"05/29/2006","date_added":"9/13/2025","jersey_number":"","headshot_note":""}'::jsonb),
  ('b47c47ed-607e-48c2-93c5-548810f11b04', 'casa', 'lighthouse-boys-club-luke-breslin', 'Luke Breslin', '{"team":"Lighthouse Boys Club","date_of_birth":"08/17/2005","date_added":"9/19/2025","jersey_number":"","headshot_note":""}'::jsonb),
  ('c0bb41da-2502-40ae-b77a-36e3a3c41c92', 'casa', 'lighthouse-boys-club-luis-de jesus', 'Luis De Jesus', '{"team":"Lighthouse Boys Club","date_of_birth":"04/16/2007","date_added":"9/26/2025","jersey_number":"","headshot_note":""}'::jsonb),
  ('40d5e2b1-b6c6-464c-8b5e-a51e15e280f3', 'casa', 'lighthouse-boys-club-abdoul-diallo', 'Abdoul Diallo', '{"team":"Lighthouse Boys Club","date_of_birth":"06/11/2006","date_added":"9/13/2025","jersey_number":"","headshot_note":""}'::jsonb),
  ('03ec4038-011a-488d-843b-d27826a7e59a', 'casa', 'lighthouse-boys-club-abouya-gangue', 'Abouya Gangue', '{"team":"Lighthouse Boys Club","date_of_birth":"10/14/2003","date_added":"10/10/2025","jersey_number":"","headshot_note":""}'::jsonb),
  ('d2f97e4c-6f36-4e28-ae47-679dcadc8aa7', 'casa', 'lighthouse-boys-club-edwin-garcia', 'Edwin Garcia', '{"team":"Lighthouse Boys Club","date_of_birth":"02/19/2006","date_added":"9/26/2025","jersey_number":"","headshot_note":""}'::jsonb),
  ('6eb3a908-4235-438b-9407-93a0df997d27', 'casa', 'lighthouse-boys-club-miles-henry', 'Miles Henry', '{"team":"Lighthouse Boys Club","date_of_birth":"06/20/2000","date_added":"9/13/2025","jersey_number":"","headshot_note":""}'::jsonb),
  ('cd0b6b19-8d1f-400f-a2b5-362ecbd3c333', 'casa', 'lighthouse-boys-club-andy-hizdri', 'Andy Hizdri', '{"team":"Lighthouse Boys Club","date_of_birth":"02/09/2005","date_added":"9/13/2025","jersey_number":"","headshot_note":""}'::jsonb),
  ('ab2baeb8-44de-4cca-8414-4e81e4ac1f58', 'casa', 'lighthouse-boys-club-arif-hossain', 'Arif Hossain', '{"team":"Lighthouse Boys Club","date_of_birth":"12/31/2003","date_added":"9/13/2025","jersey_number":"","headshot_note":""}'::jsonb),
  ('286d41ba-b582-4d0c-9518-ff2aa66a1969', 'casa', 'lighthouse-boys-club-zuhab-imran', 'Zuhab Imran', '{"team":"Lighthouse Boys Club","date_of_birth":"10/26/2006","date_added":"9/19/2025","jersey_number":"","headshot_note":""}'::jsonb),
  ('776baf42-fb40-47e1-bab4-e50857ad098f', 'casa', 'lighthouse-boys-club-esnayder-josue', 'Esnayder Josue', '{"team":"Lighthouse Boys Club","date_of_birth":"04/05/1998","date_added":"11/14/2025","jersey_number":"","headshot_note":""}'::jsonb),
  ('e2febe2d-b74b-4dff-a014-a6145cd99724', 'casa', 'lighthouse-boys-club-majid-kawa', 'Majid Kawa', '{"team":"Lighthouse Boys Club","date_of_birth":"12/08/2001","date_added":"11/7/2025","jersey_number":"","headshot_note":""}'::jsonb),
  ('45f28ee6-2a0c-4684-bc28-0f6b88989530', 'casa', 'lighthouse-boys-club-alexander-lara', 'Alexander Lara', '{"team":"Lighthouse Boys Club","date_of_birth":"08/14/1997","date_added":"9/13/2025","jersey_number":"","headshot_note":""}'::jsonb),
  ('242ee666-fa35-49b5-81fa-56200c25ea90', 'casa', 'lighthouse-boys-club-matt-leder', 'Matt Leder', '{"team":"Lighthouse Boys Club","date_of_birth":"06/15/1999","date_added":"9/26/2025","jersey_number":"","headshot_note":""}'::jsonb),
  ('058291d9-9bf9-4f34-9b63-8aea503b09e3', 'casa', 'lighthouse-boys-club-valentino-martinez', 'Valentino Martinez', '{"team":"Lighthouse Boys Club","date_of_birth":"10/18/2002","date_added":"10/30/2025","jersey_number":"","headshot_note":""}'::jsonb),
  ('cf03ff66-3426-4f5b-85f9-15f0b15f4412', 'casa', 'lighthouse-boys-club-david-masi', 'David Masi', '{"team":"Lighthouse Boys Club","date_of_birth":"07/07/2002","date_added":"9/13/2025","jersey_number":"","headshot_note":""}'::jsonb),
  ('c2246275-88d7-404e-9921-783de74d1db0', 'casa', 'lighthouse-boys-club-elmer-mendoza', 'Elmer Mendoza', '{"team":"Lighthouse Boys Club","date_of_birth":"08/04/2003","date_added":"9/13/2025","jersey_number":"","headshot_note":""}'::jsonb),
  ('62061a14-eda0-4c09-8eab-84d80027325a', 'casa', 'lighthouse-boys-club-dylan-moreno', 'Dylan Moreno', '{"team":"Lighthouse Boys Club","date_of_birth":"02/18/2005","date_added":"9/19/2025","jersey_number":"","headshot_note":""}'::jsonb),
  ('492509c2-fad0-4f79-8e75-6606343b2264', 'casa', 'lighthouse-boys-club-babacar-ndiaye', 'Babacar Ndiaye', '{"team":"Lighthouse Boys Club","date_of_birth":"02/28/2005","date_added":"9/13/2025","jersey_number":"","headshot_note":""}'::jsonb),
  ('c64183af-0820-46e6-b9cb-a2174e2005ba', 'casa', 'lighthouse-boys-club-zion-nwalipenja', 'Zion Nwalipenja', '{"team":"Lighthouse Boys Club","date_of_birth":"01/07/2005","date_added":"9/13/2025","jersey_number":"","headshot_note":""}'::jsonb),
  ('689a8098-fd23-4467-8b39-848a4819e93a', 'casa', 'lighthouse-boys-club-john-oladele', 'John Oladele', '{"team":"Lighthouse Boys Club","date_of_birth":"06/30/2000","date_added":"9/13/2025","jersey_number":"","headshot_note":""}'::jsonb),
  ('5470ec87-3559-4a72-9284-7f26f4512cec', 'casa', 'lighthouse-boys-club-jemirkel-ornaque', 'Jemirkel Ornaque', '{"team":"Lighthouse Boys Club","date_of_birth":"08/05/1995","date_added":"9/13/2025","jersey_number":"","headshot_note":""}'::jsonb),
  ('071a87eb-2078-433b-9e13-5eb5e6c87cfc', 'casa', 'lighthouse-boys-club-joe-riccitelli', 'Joe Riccitelli', '{"team":"Lighthouse Boys Club","date_of_birth":"09/12/2002","date_added":"9/13/2025","jersey_number":"","headshot_note":""}'::jsonb),
  ('c4fc4928-ef44-45a8-b313-49d83b1bf588', 'casa', 'lighthouse-boys-club-caleb-rojas', 'Caleb Rojas', '{"team":"Lighthouse Boys Club","date_of_birth":"12/03/2001","date_added":"11/3/2025","jersey_number":"","headshot_note":""}'::jsonb),
  ('86f57ef8-55fb-4375-a076-573f7215385a', 'casa', 'lighthouse-boys-club-ali-salah', 'Ali Salah', '{"team":"Lighthouse Boys Club","date_of_birth":"03/10/2007","date_added":"9/19/2025","jersey_number":"","headshot_note":""}'::jsonb),
  ('4f53a44d-4913-4e84-8ffe-aaa7e55b2405', 'casa', 'lighthouse-boys-club-daniel-salmanca', 'Daniel Salmanca', '{"team":"Lighthouse Boys Club","date_of_birth":"07/12/2007","date_added":"9/13/2025","jersey_number":"","headshot_note":""}'::jsonb),
  ('b3252535-a8cf-400d-8382-37fb5d381fe2', 'casa', 'lighthouse-old-timers-club-hassane-abdellaoui', 'Hassane Abdellaoui', '{"team":"Lighthouse Old Timers Club","date_of_birth":"07/30/1999","date_added":"10/10/2025","jersey_number":"","headshot_note":"PLAYER SHOULD BRING ID UNTIL HEADSHOT IS ADDED"}'::jsonb),
  ('4edf248e-63c2-4624-9bb0-bb1667e66dda', 'casa', 'lighthouse-old-timers-club-logan-bersani', 'Logan Bersani', '{"team":"Lighthouse Old Timers Club","date_of_birth":"06/18/1998","date_added":"9/11/2025","jersey_number":"","headshot_note":""}'::jsonb),
  ('c79d2adc-1e53-4bf0-b542-55946f8df92c', 'casa', 'lighthouse-old-timers-club-amer-bleik', 'Amer Bleik', '{"team":"Lighthouse Old Timers Club","date_of_birth":"12/05/1998","date_added":"9/11/2025","jersey_number":"","headshot_note":""}'::jsonb),
  ('2f9e8810-d018-4c0a-8a16-3351730efe28', 'casa', 'lighthouse-old-timers-club-james-breslin', 'James Breslin', '{"team":"Lighthouse Old Timers Club","date_of_birth":"07/24/1972","date_added":"11/1/2025","jersey_number":"","headshot_note":""}'::jsonb),
  ('e24e09c4-6d3a-4f16-b890-81b1eb9280f5', 'casa', 'lighthouse-old-timers-club-birru-golden', 'Birru Golden', '{"team":"Lighthouse Old Timers Club","date_of_birth":"04/16/1989","date_added":"10/10/2025","jersey_number":"","headshot_note":"PLAYER SHOULD BRING ID UNTIL HEADSHOT IS ADDED"}'::jsonb),
  ('50459d0c-f1f8-4dd6-b3b6-890eea9e4184', 'casa', 'lighthouse-old-timers-club-furkan-elmas', 'Furkan Elmas', '{"team":"Lighthouse Old Timers Club","date_of_birth":"02/22/1997","date_added":"10/10/2025","jersey_number":"","headshot_note":""}'::jsonb),
  ('520c1a7a-de3c-40e5-b877-fee80eba3783', 'casa', 'lighthouse-old-timers-club-john-gonzalez', 'John Gonzalez', '{"team":"Lighthouse Old Timers Club","date_of_birth":"01/01/2000","date_added":"9/19/2025","jersey_number":"","headshot_note":""}'::jsonb),
  ('c40fcbbd-880d-4a6e-8860-9f906b3a5d58', 'casa', 'lighthouse-old-timers-club-john-heiler', 'John Heiler', '{"team":"Lighthouse Old Timers Club","date_of_birth":"08/05/1979","date_added":"9/11/2025","jersey_number":"","headshot_note":""}'::jsonb),
  ('54fcf445-bd70-4136-a9d5-c6762348d156', 'casa', 'lighthouse-old-timers-club-justin-katz', 'Justin Katz', '{"team":"Lighthouse Old Timers Club","date_of_birth":"03/27/1998","date_added":"9/11/2025","jersey_number":"","headshot_note":""}'::jsonb),
  ('01bbf610-af0d-4bfe-9d65-c3922ac2b48e', 'casa', 'lighthouse-old-timers-club-brian-kenny', 'Brian Kenny', '{"team":"Lighthouse Old Timers Club","date_of_birth":"09/16/1993","date_added":"9/19/2025","jersey_number":"","headshot_note":""}'::jsonb),
  ('3fa18749-245f-4daa-8916-9b2e28e99588', 'casa', 'lighthouse-old-timers-club-ladeuix-07/28/1993', 'Ladeuix 07/28/1993', '{"team":"Lighthouse Old Timers Club","date_of_birth":"","date_added":"","headshot_note":"10/10/2025"}'::jsonb),
  ('ec8a8fee-9ade-43d2-92ff-5c84210aa258', 'casa', 'lighthouse-old-timers-club-sam-lipsey', 'Sam Lipsey', '{"team":"Lighthouse Old Timers Club","date_of_birth":"09/20/1998","date_added":"9/11/2025","jersey_number":"","headshot_note":""}'::jsonb),
  ('6ce5cdb2-a827-459c-b8c6-7f744dd1901c', 'casa', 'lighthouse-old-timers-club-juan cruz-llambias', 'Juan Cruz Llambias', '{"team":"Lighthouse Old Timers Club","date_of_birth":"08/26/1997","date_added":"9/11/2025","jersey_number":"","headshot_note":""}'::jsonb),
  ('de43f788-758c-4533-9733-4e3b9f0ac6a9', 'casa', 'lighthouse-old-timers-club-sean-mcconnel', 'Sean McConnel', '{"team":"Lighthouse Old Timers Club","date_of_birth":"09/04/1995","date_added":"9/19/2025","jersey_number":"","headshot_note":""}'::jsonb),
  ('e6205639-6f00-4484-8465-74365d71a06f', 'casa', 'lighthouse-old-timers-club-antonio-moral', 'Antonio Moral', '{"team":"Lighthouse Old Timers Club","date_of_birth":"11/09/1998","date_added":"9/26/2025","jersey_number":"","headshot_note":""}'::jsonb),
  ('a8f349d2-5610-47c4-b255-02d77be5b5a5', 'casa', 'lighthouse-old-timers-club-manuel-morales', 'Manuel Morales', '{"team":"Lighthouse Old Timers Club","date_of_birth":"09/25/1977","date_added":"9/11/2025","jersey_number":"","headshot_note":""}'::jsonb),
  ('3c1e02f8-543d-466f-a519-61b21af13530', 'casa', 'lighthouse-old-timers-club-kevin-nguyen', 'Kevin Nguyen', '{"team":"Lighthouse Old Timers Club","date_of_birth":"05/09/1996","date_added":"9/13/2025","jersey_number":"","headshot_note":""}'::jsonb),
  ('89697525-07b9-4bcc-933b-d382440d7e8b', 'casa', 'lighthouse-old-timers-club-musa-osman', 'Musa Osman', '{"team":"Lighthouse Old Timers Club","date_of_birth":"07/01/2005","date_added":"9/26/2025","jersey_number":"","headshot_note":""}'::jsonb),
  ('a3da2ec5-6637-4444-b361-438839fdf8d1', 'casa', 'lighthouse-old-timers-club-marcelo-osorio-soto', 'Marcelo Osorio-Soto', '{"team":"Lighthouse Old Timers Club","date_of_birth":"11/14/1991","date_added":"","jersey_number":"","headshot_note":""}'::jsonb),
  ('c5536451-9ff4-4e5f-86b0-add4c34204bb', 'casa', 'lighthouse-old-timers-club-fabian-padilla', 'Fabian Padilla', '{"team":"Lighthouse Old Timers Club","date_of_birth":"11/01/1995","date_added":"9/13/2025","jersey_number":"","headshot_note":""}'::jsonb),
  ('c9c5c254-d89c-4d3d-973b-2cd8fb894cba', 'casa', 'lighthouse-old-timers-club-ruben-piazzesi', 'Ruben Piazzesi', '{"team":"Lighthouse Old Timers Club","date_of_birth":"08/01/1997","date_added":"9/11/2025","jersey_number":"","headshot_note":""}'::jsonb),
  ('cc1568c5-a6bb-467f-881c-454cf1206aaf', 'casa', 'lighthouse-old-timers-club-joshua-rosato', 'Joshua Rosato', '{"team":"Lighthouse Old Timers Club","date_of_birth":"11/04/1996","date_added":"9/11/2025","jersey_number":"","headshot_note":""}'::jsonb),
  ('e89cb5ce-60d4-4615-9806-46708b0ecc66', 'casa', 'lighthouse-old-timers-club-anuar-santos', 'Anuar Santos', '{"team":"Lighthouse Old Timers Club","date_of_birth":"12/31/1999","date_added":"10/10/2025","jersey_number":"","headshot_note":""}'::jsonb),
  ('7b7fdbd4-d68a-4df5-bdee-780e2e455c29', 'casa', 'lighthouse-old-timers-club-anthony-sagustume', 'Anthony Sagustume', '{"team":"Lighthouse Old Timers Club","date_of_birth":"07/10/1995","date_added":"9/11/2025","jersey_number":"","headshot_note":""}'::jsonb),
  ('f8866550-0ae5-4ede-9eb1-e67cbeae4942', 'casa', 'lighthouse-old-timers-club-yakup-serce', 'Yakup Serce', '{"team":"Lighthouse Old Timers Club","date_of_birth":"10/27/1998","date_added":"9/11/2025","jersey_number":"","headshot_note":""}'::jsonb),
  ('01dd0e6e-f4b3-4ed7-a326-c4e2c1ba3ef7', 'casa', 'lighthouse-old-timers-club-christopher-solis', 'Christopher Solis', '{"team":"Lighthouse Old Timers Club","date_of_birth":"10/21/2005","date_added":"9/11/2025","jersey_number":"","headshot_note":""}'::jsonb),
  ('e36f05f0-1545-4a54-b698-94c6f4f38e4c', 'casa', 'lighthouse-old-timers-club-juan-vizcaino', 'Juan Vizcaino', '{"team":"Lighthouse Old Timers Club","date_of_birth":"12/02/1995","date_added":"9/13/2025","jersey_number":"","headshot_note":""}'::jsonb),
  ('2bf21ebe-3114-438f-997a-7da312665db6', 'casa', 'lighthouse-old-timers-club-tom-diguilio', 'Tom Diguilio', '{"team":"Lighthouse Old Timers Club","date_of_birth":"11/17/1976","date_added":"9/13/2025","jersey_number":"","headshot_note":""}'::jsonb),
  ('ef970f9a-0a75-4edb-ac9b-1c31cc8af6db', 'casa', 'lighthouse-old-timers-club-leo-santa', 'Leo Santa', '{"team":"Lighthouse Old Timers Club","date_of_birth":"12/12/1977","date_added":"9/13/2025","jersey_number":"","headshot_note":""}'::jsonb)
ON CONFLICT (user_id, provider) DO UPDATE SET
  external_id = EXCLUDED.external_id,
  external_username = EXCLUDED.external_username,
  external_data = EXCLUDED.external_data,
  updated_at = CURRENT_TIMESTAMP;

-- Ensure player records exist for all CASA users
INSERT INTO players (id) VALUES
  ('6e0bc9a0-ab4d-4de2-951b-506896018a47'),
  ('361ffdbe-89d6-4564-9db3-0af871035f28'),
  ('abd40611-4c39-4355-889e-d4be698f0e31'),
  ('3768e19d-1d8b-47f5-af81-9a3b6e669a9c'),
  ('a678d3ff-ea0f-4040-a1f4-97e191a8dc62'),
  ('b47c47ed-607e-48c2-93c5-548810f11b04'),
  ('c0bb41da-2502-40ae-b77a-36e3a3c41c92'),
  ('40d5e2b1-b6c6-464c-8b5e-a51e15e280f3'),
  ('03ec4038-011a-488d-843b-d27826a7e59a'),
  ('d2f97e4c-6f36-4e28-ae47-679dcadc8aa7'),
  ('6eb3a908-4235-438b-9407-93a0df997d27'),
  ('cd0b6b19-8d1f-400f-a2b5-362ecbd3c333'),
  ('ab2baeb8-44de-4cca-8414-4e81e4ac1f58'),
  ('286d41ba-b582-4d0c-9518-ff2aa66a1969'),
  ('776baf42-fb40-47e1-bab4-e50857ad098f'),
  ('e2febe2d-b74b-4dff-a014-a6145cd99724'),
  ('45f28ee6-2a0c-4684-bc28-0f6b88989530'),
  ('242ee666-fa35-49b5-81fa-56200c25ea90'),
  ('058291d9-9bf9-4f34-9b63-8aea503b09e3'),
  ('cf03ff66-3426-4f5b-85f9-15f0b15f4412'),
  ('c2246275-88d7-404e-9921-783de74d1db0'),
  ('62061a14-eda0-4c09-8eab-84d80027325a'),
  ('492509c2-fad0-4f79-8e75-6606343b2264'),
  ('c64183af-0820-46e6-b9cb-a2174e2005ba'),
  ('689a8098-fd23-4467-8b39-848a4819e93a'),
  ('5470ec87-3559-4a72-9284-7f26f4512cec'),
  ('071a87eb-2078-433b-9e13-5eb5e6c87cfc'),
  ('c4fc4928-ef44-45a8-b313-49d83b1bf588'),
  ('86f57ef8-55fb-4375-a076-573f7215385a'),
  ('4f53a44d-4913-4e84-8ffe-aaa7e55b2405'),
  ('b3252535-a8cf-400d-8382-37fb5d381fe2'),
  ('4edf248e-63c2-4624-9bb0-bb1667e66dda'),
  ('c79d2adc-1e53-4bf0-b542-55946f8df92c'),
  ('2f9e8810-d018-4c0a-8a16-3351730efe28'),
  ('e24e09c4-6d3a-4f16-b890-81b1eb9280f5'),
  ('50459d0c-f1f8-4dd6-b3b6-890eea9e4184'),
  ('520c1a7a-de3c-40e5-b877-fee80eba3783'),
  ('c40fcbbd-880d-4a6e-8860-9f906b3a5d58'),
  ('54fcf445-bd70-4136-a9d5-c6762348d156'),
  ('01bbf610-af0d-4bfe-9d65-c3922ac2b48e'),
  ('3fa18749-245f-4daa-8916-9b2e28e99588'),
  ('ec8a8fee-9ade-43d2-92ff-5c84210aa258'),
  ('6ce5cdb2-a827-459c-b8c6-7f744dd1901c'),
  ('de43f788-758c-4533-9733-4e3b9f0ac6a9'),
  ('e6205639-6f00-4484-8465-74365d71a06f'),
  ('a8f349d2-5610-47c4-b255-02d77be5b5a5'),
  ('3c1e02f8-543d-466f-a519-61b21af13530'),
  ('89697525-07b9-4bcc-933b-d382440d7e8b'),
  ('a3da2ec5-6637-4444-b361-438839fdf8d1'),
  ('c5536451-9ff4-4e5f-86b0-add4c34204bb'),
  ('c9c5c254-d89c-4d3d-973b-2cd8fb894cba'),
  ('cc1568c5-a6bb-467f-881c-454cf1206aaf'),
  ('e89cb5ce-60d4-4615-9806-46708b0ecc66'),
  ('7b7fdbd4-d68a-4df5-bdee-780e2e455c29'),
  ('f8866550-0ae5-4ede-9eb1-e67cbeae4942'),
  ('01dd0e6e-f4b3-4ed7-a326-c4e2c1ba3ef7'),
  ('e36f05f0-1545-4a54-b698-94c6f4f38e4c'),
  ('2bf21ebe-3114-438f-997a-7da312665db6'),
  ('ef970f9a-0a75-4edb-ac9b-1c31cc8af6db')
ON CONFLICT (id) DO NOTHING;

