-- CASA Match Schedule

INSERT INTO events (id, created_by, event_type_id, title, description, event_date, venue_id, duration_minutes, cancelled, cancellation_reason, external_event_id)
VALUES (
  '62d30cd4-fb69-4a97-84bd-0e506564c188',
  '77d77471-1250-47e0-81ab-d4626595d63c',
  '550e8400-e29b-41d4-a716-446655440402',
  'Lighthouse Boys Club vs Illyrians FC',
  NULL,
  '2025-11-09 20:00:00',
  NULL,
  NULL,
  false,
  NULL,
  NULL
)
ON CONFLICT (id) DO UPDATE SET
  title = EXCLUDED.title,
  updated_at = EXCLUDED.updated_at;

INSERT INTO matches (id, home_team_id, away_team_id, home_away_status_id, home_team_score, away_team_score, match_status, competition_name, competition_round)
VALUES (
  '62d30cd4-fb69-4a97-84bd-0e506564c188',
  '57d88568-993d-4411-8aa3-6244ca7ff704',
  '28134f76-23f8-4e68-80ce-9f9ab2a3942f',
  '550e8400-e29b-41d4-a716-446655440801',
  NULL,
  NULL,
  'scheduled',
  'Philadelphia Liga 1',
  NULL
)
ON CONFLICT (id) DO UPDATE SET
  home_team_score = EXCLUDED.home_team_score,
  away_team_score = EXCLUDED.away_team_score,
  match_status = EXCLUDED.match_status;

INSERT INTO event_participants (id, event_id, team_id, participation_status_id)
VALUES 
  ('50f614cc-d2da-4a05-998e-6244f21bc9d3', '62d30cd4-fb69-4a97-84bd-0e506564c188', '57d88568-993d-4411-8aa3-6244ca7ff704', '550e8400-e29b-41d4-a716-446655440701'),
  ('d09f924e-fe81-472e-a8de-a72fbb3f5fae', '62d30cd4-fb69-4a97-84bd-0e506564c188', '28134f76-23f8-4e68-80ce-9f9ab2a3942f', '550e8400-e29b-41d4-a716-446655440701')
ON CONFLICT (id) DO NOTHING;
INSERT INTO events (id, created_by, event_type_id, title, description, event_date, venue_id, duration_minutes, cancelled, cancellation_reason, external_event_id)
VALUES (
  '2537da99-8f86-4c23-81f7-b0ea2621bb05',
  '77d77471-1250-47e0-81ab-d4626595d63c',
  '550e8400-e29b-41d4-a716-446655440402',
  'Phoenix SCM vs Oaklyn United FC II',
  NULL,
  '2025-11-09 19:30:00',
  NULL,
  NULL,
  false,
  NULL,
  NULL
)
ON CONFLICT (id) DO UPDATE SET
  title = EXCLUDED.title,
  updated_at = EXCLUDED.updated_at;

INSERT INTO matches (id, home_team_id, away_team_id, home_away_status_id, home_team_score, away_team_score, match_status, competition_name, competition_round)
VALUES (
  '2537da99-8f86-4c23-81f7-b0ea2621bb05',
  'aad58707-7310-4751-86c5-e403a28757f4',
  '158e321e-2dd5-4926-82ce-c31822bde965',
  '550e8400-e29b-41d4-a716-446655440801',
  NULL,
  NULL,
  'scheduled',
  'Philadelphia Liga 1',
  NULL
)
ON CONFLICT (id) DO UPDATE SET
  home_team_score = EXCLUDED.home_team_score,
  away_team_score = EXCLUDED.away_team_score,
  match_status = EXCLUDED.match_status;

INSERT INTO event_participants (id, event_id, team_id, participation_status_id)
VALUES 
  ('5579059f-e9e5-4475-a6a3-9fa7ef4e2819', '2537da99-8f86-4c23-81f7-b0ea2621bb05', 'aad58707-7310-4751-86c5-e403a28757f4', '550e8400-e29b-41d4-a716-446655440701'),
  ('f66d7015-9829-4aec-ac23-9ccf51dcac13', '2537da99-8f86-4c23-81f7-b0ea2621bb05', '158e321e-2dd5-4926-82ce-c31822bde965', '550e8400-e29b-41d4-a716-446655440701')
ON CONFLICT (id) DO NOTHING;
INSERT INTO events (id, created_by, event_type_id, title, description, event_date, venue_id, duration_minutes, cancelled, cancellation_reason, external_event_id)
VALUES (
  '49f8304b-9d17-4990-82c5-c29a7fa32ac5',
  '77d77471-1250-47e0-81ab-d4626595d63c',
  '550e8400-e29b-41d4-a716-446655440402',
  'Philadelphia Sierra Stars vs Adé United FC',
  NULL,
  '2025-11-09 18:30:00',
  NULL,
  NULL,
  false,
  NULL,
  NULL
)
ON CONFLICT (id) DO UPDATE SET
  title = EXCLUDED.title,
  updated_at = EXCLUDED.updated_at;

INSERT INTO matches (id, home_team_id, away_team_id, home_away_status_id, home_team_score, away_team_score, match_status, competition_name, competition_round)
VALUES (
  '49f8304b-9d17-4990-82c5-c29a7fa32ac5',
  '3a2468dd-a31c-456a-88a9-fe7699d2b079',
  'da9e701d-7752-495a-8145-fe967b40c0d3',
  '550e8400-e29b-41d4-a716-446655440801',
  NULL,
  NULL,
  'scheduled',
  'Philadelphia Liga 1',
  NULL
)
ON CONFLICT (id) DO UPDATE SET
  home_team_score = EXCLUDED.home_team_score,
  away_team_score = EXCLUDED.away_team_score,
  match_status = EXCLUDED.match_status;

INSERT INTO event_participants (id, event_id, team_id, participation_status_id)
VALUES 
  ('de3bd2bd-467f-4831-81ee-d9912d1a65b8', '49f8304b-9d17-4990-82c5-c29a7fa32ac5', '3a2468dd-a31c-456a-88a9-fe7699d2b079', '550e8400-e29b-41d4-a716-446655440701'),
  ('b2fabff6-bf68-4b5a-87bd-6d562f837d88', '49f8304b-9d17-4990-82c5-c29a7fa32ac5', 'da9e701d-7752-495a-8145-fe967b40c0d3', '550e8400-e29b-41d4-a716-446655440701')
ON CONFLICT (id) DO NOTHING;
INSERT INTO events (id, created_by, event_type_id, title, description, event_date, venue_id, duration_minutes, cancelled, cancellation_reason, external_event_id)
VALUES (
  '4d734c38-ec21-47a9-8b6a-1e8395f2afc1',
  '77d77471-1250-47e0-81ab-d4626595d63c',
  '550e8400-e29b-41d4-a716-446655440402',
  'Phoenix Reserves vs Persepolis FC',
  NULL,
  '2025-11-09 16:45:00',
  NULL,
  NULL,
  false,
  NULL,
  NULL
)
ON CONFLICT (id) DO UPDATE SET
  title = EXCLUDED.title,
  updated_at = EXCLUDED.updated_at;

INSERT INTO matches (id, home_team_id, away_team_id, home_away_status_id, home_team_score, away_team_score, match_status, competition_name, competition_round)
VALUES (
  '4d734c38-ec21-47a9-8b6a-1e8395f2afc1',
  NULL,
  'e1fe8b60-1ff9-46ae-8274-feccfd31eb8c',
  '550e8400-e29b-41d4-a716-446655440801',
  NULL,
  NULL,
  'scheduled',
  'Philadelphia Liga 1',
  NULL
)
ON CONFLICT (id) DO UPDATE SET
  home_team_score = EXCLUDED.home_team_score,
  away_team_score = EXCLUDED.away_team_score,
  match_status = EXCLUDED.match_status;

INSERT INTO event_participants (id, event_id, team_id, participation_status_id)
VALUES 
  ('a46fabfc-a5d4-4135-b546-5985e48a88b0', '4d734c38-ec21-47a9-8b6a-1e8395f2afc1', 'e1fe8b60-1ff9-46ae-8274-feccfd31eb8c', '550e8400-e29b-41d4-a716-446655440701')
ON CONFLICT (id) DO NOTHING;
INSERT INTO events (id, created_by, event_type_id, title, description, event_date, venue_id, duration_minutes, cancelled, cancellation_reason, external_event_id)
VALUES (
  'a2da5631-8d20-47c6-8c65-e39aa953fd8c',
  '77d77471-1250-47e0-81ab-d4626595d63c',
  '550e8400-e29b-41d4-a716-446655440402',
  'Lighthouse Old Timers Club vs Philly BlackStars',
  NULL,
  '2025-11-09 14:00:00',
  NULL,
  NULL,
  false,
  NULL,
  NULL
)
ON CONFLICT (id) DO UPDATE SET
  title = EXCLUDED.title,
  updated_at = EXCLUDED.updated_at;

INSERT INTO matches (id, home_team_id, away_team_id, home_away_status_id, home_team_score, away_team_score, match_status, competition_name, competition_round)
VALUES (
  'a2da5631-8d20-47c6-8c65-e39aa953fd8c',
  'da5e129e-1d82-4c59-85f9-1f5efd3d6c11',
  'bbef7779-4ba7-4939-891e-6d6f96a34577',
  '550e8400-e29b-41d4-a716-446655440801',
  NULL,
  NULL,
  'scheduled',
  'Philadelphia Liga 2',
  NULL
)
ON CONFLICT (id) DO UPDATE SET
  home_team_score = EXCLUDED.home_team_score,
  away_team_score = EXCLUDED.away_team_score,
  match_status = EXCLUDED.match_status;

INSERT INTO event_participants (id, event_id, team_id, participation_status_id)
VALUES 
  ('0187a1b0-3af6-41f8-8ba5-8c03584bf055', 'a2da5631-8d20-47c6-8c65-e39aa953fd8c', 'da5e129e-1d82-4c59-85f9-1f5efd3d6c11', '550e8400-e29b-41d4-a716-446655440701'),
  ('53e06b56-dad0-459e-8871-829bf37ee2bc', 'a2da5631-8d20-47c6-8c65-e39aa953fd8c', 'bbef7779-4ba7-4939-891e-6d6f96a34577', '550e8400-e29b-41d4-a716-446655440701')
ON CONFLICT (id) DO NOTHING;
INSERT INTO events (id, created_by, event_type_id, title, description, event_date, venue_id, duration_minutes, cancelled, cancellation_reason, external_event_id)
VALUES (
  '4d524c17-9d79-4153-8a04-7aeab379e450',
  '77d77471-1250-47e0-81ab-d4626595d63c',
  '550e8400-e29b-41d4-a716-446655440402',
  'Philadelphia SC II vs Oaklyn United FC II',
  NULL,
  '2025-11-07 01:45:00',
  NULL,
  NULL,
  false,
  NULL,
  NULL
)
ON CONFLICT (id) DO UPDATE SET
  title = EXCLUDED.title,
  updated_at = EXCLUDED.updated_at;

INSERT INTO matches (id, home_team_id, away_team_id, home_away_status_id, home_team_score, away_team_score, match_status, competition_name, competition_round)
VALUES (
  '4d524c17-9d79-4153-8a04-7aeab379e450',
  NULL,
  '158e321e-2dd5-4926-82ce-c31822bde965',
  '550e8400-e29b-41d4-a716-446655440801',
  NULL,
  NULL,
  'scheduled',
  'Philadelphia Liga 1',
  NULL
)
ON CONFLICT (id) DO UPDATE SET
  home_team_score = EXCLUDED.home_team_score,
  away_team_score = EXCLUDED.away_team_score,
  match_status = EXCLUDED.match_status;

INSERT INTO event_participants (id, event_id, team_id, participation_status_id)
VALUES 
  ('7cee9797-39fe-4a52-8e14-df129e449c1b', '4d524c17-9d79-4153-8a04-7aeab379e450', '158e321e-2dd5-4926-82ce-c31822bde965', '550e8400-e29b-41d4-a716-446655440701')
ON CONFLICT (id) DO NOTHING;
INSERT INTO events (id, created_by, event_type_id, title, description, event_date, venue_id, duration_minutes, cancelled, cancellation_reason, external_event_id)
VALUES (
  '83d619c8-bca1-42a1-8b4f-096d80083a5c',
  '77d77471-1250-47e0-81ab-d4626595d63c',
  '550e8400-e29b-41d4-a716-446655440402',
  'Illyrians FC vs Adé United FC',
  NULL,
  '2025-11-07 00:00:00',
  NULL,
  NULL,
  false,
  NULL,
  NULL
)
ON CONFLICT (id) DO UPDATE SET
  title = EXCLUDED.title,
  updated_at = EXCLUDED.updated_at;

INSERT INTO matches (id, home_team_id, away_team_id, home_away_status_id, home_team_score, away_team_score, match_status, competition_name, competition_round)
VALUES (
  '83d619c8-bca1-42a1-8b4f-096d80083a5c',
  '28134f76-23f8-4e68-80ce-9f9ab2a3942f',
  'da9e701d-7752-495a-8145-fe967b40c0d3',
  '550e8400-e29b-41d4-a716-446655440801',
  NULL,
  NULL,
  'scheduled',
  'Philadelphia Liga 1',
  NULL
)
ON CONFLICT (id) DO UPDATE SET
  home_team_score = EXCLUDED.home_team_score,
  away_team_score = EXCLUDED.away_team_score,
  match_status = EXCLUDED.match_status;

INSERT INTO event_participants (id, event_id, team_id, participation_status_id)
VALUES 
  ('d82a2c6c-5ca6-49ad-be60-bc0d9e5d92dd', '83d619c8-bca1-42a1-8b4f-096d80083a5c', '28134f76-23f8-4e68-80ce-9f9ab2a3942f', '550e8400-e29b-41d4-a716-446655440701'),
  ('90c232e4-5d5c-44bc-b5b5-f89d44069e5e', '83d619c8-bca1-42a1-8b4f-096d80083a5c', 'da9e701d-7752-495a-8145-fe967b40c0d3', '550e8400-e29b-41d4-a716-446655440701')
ON CONFLICT (id) DO NOTHING;
INSERT INTO events (id, created_by, event_type_id, title, description, event_date, venue_id, duration_minutes, cancelled, cancellation_reason, external_event_id)
VALUES (
  'fc19745e-b7ac-4b64-8731-a256613e1534',
  '77d77471-1250-47e0-81ab-d4626595d63c',
  '550e8400-e29b-41d4-a716-446655440402',
  'Philadelphia Sierra Stars vs Philly BlackStars',
  NULL,
  '2025-11-06 01:45:00',
  NULL,
  NULL,
  false,
  NULL,
  NULL
)
ON CONFLICT (id) DO UPDATE SET
  title = EXCLUDED.title,
  updated_at = EXCLUDED.updated_at;

INSERT INTO matches (id, home_team_id, away_team_id, home_away_status_id, home_team_score, away_team_score, match_status, competition_name, competition_round)
VALUES (
  'fc19745e-b7ac-4b64-8731-a256613e1534',
  '3a2468dd-a31c-456a-88a9-fe7699d2b079',
  'bbef7779-4ba7-4939-891e-6d6f96a34577',
  '550e8400-e29b-41d4-a716-446655440801',
  NULL,
  NULL,
  'scheduled',
  'Philadelphia Liga 1',
  NULL
)
ON CONFLICT (id) DO UPDATE SET
  home_team_score = EXCLUDED.home_team_score,
  away_team_score = EXCLUDED.away_team_score,
  match_status = EXCLUDED.match_status;

INSERT INTO event_participants (id, event_id, team_id, participation_status_id)
VALUES 
  ('218cc154-309f-434d-836e-b8810fe61bc2', 'fc19745e-b7ac-4b64-8731-a256613e1534', '3a2468dd-a31c-456a-88a9-fe7699d2b079', '550e8400-e29b-41d4-a716-446655440701'),
  ('c9edf2d0-86e8-448a-9722-af0646f6325d', 'fc19745e-b7ac-4b64-8731-a256613e1534', 'bbef7779-4ba7-4939-891e-6d6f96a34577', '550e8400-e29b-41d4-a716-446655440701')
ON CONFLICT (id) DO NOTHING;
INSERT INTO events (id, created_by, event_type_id, title, description, event_date, venue_id, duration_minutes, cancelled, cancellation_reason, external_event_id)
VALUES (
  'eca34b29-7579-4b19-8833-5f5acf847b86',
  '77d77471-1250-47e0-81ab-d4626595d63c',
  '550e8400-e29b-41d4-a716-446655440402',
  'Phoenix SCM vs Persepolis FC',
  NULL,
  '2025-11-06 01:00:00',
  NULL,
  NULL,
  false,
  NULL,
  NULL
)
ON CONFLICT (id) DO UPDATE SET
  title = EXCLUDED.title,
  updated_at = EXCLUDED.updated_at;

INSERT INTO matches (id, home_team_id, away_team_id, home_away_status_id, home_team_score, away_team_score, match_status, competition_name, competition_round)
VALUES (
  'eca34b29-7579-4b19-8833-5f5acf847b86',
  'aad58707-7310-4751-86c5-e403a28757f4',
  'e1fe8b60-1ff9-46ae-8274-feccfd31eb8c',
  '550e8400-e29b-41d4-a716-446655440801',
  NULL,
  NULL,
  'scheduled',
  'Philadelphia Liga 1',
  NULL
)
ON CONFLICT (id) DO UPDATE SET
  home_team_score = EXCLUDED.home_team_score,
  away_team_score = EXCLUDED.away_team_score,
  match_status = EXCLUDED.match_status;

INSERT INTO event_participants (id, event_id, team_id, participation_status_id)
VALUES 
  ('067329f9-77ce-4f50-897d-15f55c4c5f59', 'eca34b29-7579-4b19-8833-5f5acf847b86', 'aad58707-7310-4751-86c5-e403a28757f4', '550e8400-e29b-41d4-a716-446655440701'),
  ('a13af83f-4cd6-4c97-93c8-937a34c19e03', 'eca34b29-7579-4b19-8833-5f5acf847b86', 'e1fe8b60-1ff9-46ae-8274-feccfd31eb8c', '550e8400-e29b-41d4-a716-446655440701')
ON CONFLICT (id) DO NOTHING;
INSERT INTO events (id, created_by, event_type_id, title, description, event_date, venue_id, duration_minutes, cancelled, cancellation_reason, external_event_id)
VALUES (
  'd21597c2-6129-466a-8e93-2ac187d2fd9e',
  '77d77471-1250-47e0-81ab-d4626595d63c',
  '550e8400-e29b-41d4-a716-446655440402',
  'Lighthouse Old Timers Club vs Persepolis FC',
  NULL,
  '2025-11-02 20:00:00',
  NULL,
  NULL,
  false,
  NULL,
  NULL
)
ON CONFLICT (id) DO UPDATE SET
  title = EXCLUDED.title,
  updated_at = EXCLUDED.updated_at;

INSERT INTO matches (id, home_team_id, away_team_id, home_away_status_id, home_team_score, away_team_score, match_status, competition_name, competition_round)
VALUES (
  'd21597c2-6129-466a-8e93-2ac187d2fd9e',
  'da5e129e-1d82-4c59-85f9-1f5efd3d6c11',
  'e1fe8b60-1ff9-46ae-8274-feccfd31eb8c',
  '550e8400-e29b-41d4-a716-446655440801',
  NULL,
  NULL,
  'scheduled',
  'Philadelphia Liga 2',
  NULL
)
ON CONFLICT (id) DO UPDATE SET
  home_team_score = EXCLUDED.home_team_score,
  away_team_score = EXCLUDED.away_team_score,
  match_status = EXCLUDED.match_status;

INSERT INTO event_participants (id, event_id, team_id, participation_status_id)
VALUES 
  ('9334a2f3-6285-4b79-aa10-e3f300ff4da0', 'd21597c2-6129-466a-8e93-2ac187d2fd9e', 'da5e129e-1d82-4c59-85f9-1f5efd3d6c11', '550e8400-e29b-41d4-a716-446655440701'),
  ('d2b10339-8715-4ca8-a3c4-e0060c522e84', 'd21597c2-6129-466a-8e93-2ac187d2fd9e', 'e1fe8b60-1ff9-46ae-8274-feccfd31eb8c', '550e8400-e29b-41d4-a716-446655440701')
ON CONFLICT (id) DO NOTHING;
INSERT INTO events (id, created_by, event_type_id, title, description, event_date, venue_id, duration_minutes, cancelled, cancellation_reason, external_event_id)
VALUES (
  '3a2d7ecc-fa9b-4169-874b-72b07ddf204f',
  '77d77471-1250-47e0-81ab-d4626595d63c',
  '550e8400-e29b-41d4-a716-446655440402',
  'Philly BlackStars vs Illyrians FC',
  NULL,
  '2025-09-07 16:45:00',
  NULL,
  NULL,
  false,
  NULL,
  NULL
)
ON CONFLICT (id) DO UPDATE SET
  title = EXCLUDED.title,
  updated_at = EXCLUDED.updated_at;

INSERT INTO matches (id, home_team_id, away_team_id, home_away_status_id, home_team_score, away_team_score, match_status, competition_name, competition_round)
VALUES (
  '3a2d7ecc-fa9b-4169-874b-72b07ddf204f',
  'bbef7779-4ba7-4939-891e-6d6f96a34577',
  '28134f76-23f8-4e68-80ce-9f9ab2a3942f',
  '550e8400-e29b-41d4-a716-446655440801',
  NULL,
  NULL,
  'scheduled',
  'Philadelphia Liga 1',
  NULL
)
ON CONFLICT (id) DO UPDATE SET
  home_team_score = EXCLUDED.home_team_score,
  away_team_score = EXCLUDED.away_team_score,
  match_status = EXCLUDED.match_status;

INSERT INTO event_participants (id, event_id, team_id, participation_status_id)
VALUES 
  ('b30771ec-29d2-4543-b19e-fb8bb6d3d920', '3a2d7ecc-fa9b-4169-874b-72b07ddf204f', 'bbef7779-4ba7-4939-891e-6d6f96a34577', '550e8400-e29b-41d4-a716-446655440701'),
  ('17e72533-1a25-4737-9619-1e2a0e8d0437', '3a2d7ecc-fa9b-4169-874b-72b07ddf204f', '28134f76-23f8-4e68-80ce-9f9ab2a3942f', '550e8400-e29b-41d4-a716-446655440701')
ON CONFLICT (id) DO NOTHING;
INSERT INTO events (id, created_by, event_type_id, title, description, event_date, venue_id, duration_minutes, cancelled, cancellation_reason, external_event_id)
VALUES (
  '3ad04f53-81ed-43b8-8b7e-fc544d239d67',
  '77d77471-1250-47e0-81ab-d4626595d63c',
  '550e8400-e29b-41d4-a716-446655440402',
  'Lighthouse Boys Club vs Oaklyn United FC II',
  NULL,
  '2025-09-07 17:30:00',
  NULL,
  NULL,
  false,
  NULL,
  NULL
)
ON CONFLICT (id) DO UPDATE SET
  title = EXCLUDED.title,
  updated_at = EXCLUDED.updated_at;

INSERT INTO matches (id, home_team_id, away_team_id, home_away_status_id, home_team_score, away_team_score, match_status, competition_name, competition_round)
VALUES (
  '3ad04f53-81ed-43b8-8b7e-fc544d239d67',
  '57d88568-993d-4411-8aa3-6244ca7ff704',
  '158e321e-2dd5-4926-82ce-c31822bde965',
  '550e8400-e29b-41d4-a716-446655440801',
  NULL,
  NULL,
  'scheduled',
  'Philadelphia Liga 1',
  NULL
)
ON CONFLICT (id) DO UPDATE SET
  home_team_score = EXCLUDED.home_team_score,
  away_team_score = EXCLUDED.away_team_score,
  match_status = EXCLUDED.match_status;

INSERT INTO event_participants (id, event_id, team_id, participation_status_id)
VALUES 
  ('12fd583a-0116-4788-b09b-6486d212f774', '3ad04f53-81ed-43b8-8b7e-fc544d239d67', '57d88568-993d-4411-8aa3-6244ca7ff704', '550e8400-e29b-41d4-a716-446655440701'),
  ('ace08268-8ef7-416d-8c04-795125071434', '3ad04f53-81ed-43b8-8b7e-fc544d239d67', '158e321e-2dd5-4926-82ce-c31822bde965', '550e8400-e29b-41d4-a716-446655440701')
ON CONFLICT (id) DO NOTHING;
INSERT INTO events (id, created_by, event_type_id, title, description, event_date, venue_id, duration_minutes, cancelled, cancellation_reason, external_event_id)
VALUES (
  'a652c999-a49e-4a94-8cd9-1d098cf426f9',
  '77d77471-1250-47e0-81ab-d4626595d63c',
  '550e8400-e29b-41d4-a716-446655440402',
  'Phoenix SCM vs Adé United FC',
  NULL,
  '2025-09-07 18:30:00',
  NULL,
  NULL,
  false,
  NULL,
  NULL
)
ON CONFLICT (id) DO UPDATE SET
  title = EXCLUDED.title,
  updated_at = EXCLUDED.updated_at;

INSERT INTO matches (id, home_team_id, away_team_id, home_away_status_id, home_team_score, away_team_score, match_status, competition_name, competition_round)
VALUES (
  'a652c999-a49e-4a94-8cd9-1d098cf426f9',
  'aad58707-7310-4751-86c5-e403a28757f4',
  'da9e701d-7752-495a-8145-fe967b40c0d3',
  '550e8400-e29b-41d4-a716-446655440801',
  NULL,
  NULL,
  'scheduled',
  'Philadelphia Liga 1',
  NULL
)
ON CONFLICT (id) DO UPDATE SET
  home_team_score = EXCLUDED.home_team_score,
  away_team_score = EXCLUDED.away_team_score,
  match_status = EXCLUDED.match_status;

INSERT INTO event_participants (id, event_id, team_id, participation_status_id)
VALUES 
  ('8cd6a886-a381-4753-96a8-747a72008866', 'a652c999-a49e-4a94-8cd9-1d098cf426f9', 'aad58707-7310-4751-86c5-e403a28757f4', '550e8400-e29b-41d4-a716-446655440701'),
  ('5ab93085-fd54-45c8-a709-5ef0e2bc0045', 'a652c999-a49e-4a94-8cd9-1d098cf426f9', 'da9e701d-7752-495a-8145-fe967b40c0d3', '550e8400-e29b-41d4-a716-446655440701')
ON CONFLICT (id) DO NOTHING;
INSERT INTO events (id, created_by, event_type_id, title, description, event_date, venue_id, duration_minutes, cancelled, cancellation_reason, external_event_id)
VALUES (
  '8165bc74-cfe4-495b-86e4-86702b0dbf41',
  '77d77471-1250-47e0-81ab-d4626595d63c',
  '550e8400-e29b-41d4-a716-446655440402',
  'Philadelphia Sierra Stars vs Persepolis FC',
  NULL,
  '2025-09-07 18:30:00',
  NULL,
  NULL,
  false,
  NULL,
  NULL
)
ON CONFLICT (id) DO UPDATE SET
  title = EXCLUDED.title,
  updated_at = EXCLUDED.updated_at;

INSERT INTO matches (id, home_team_id, away_team_id, home_away_status_id, home_team_score, away_team_score, match_status, competition_name, competition_round)
VALUES (
  '8165bc74-cfe4-495b-86e4-86702b0dbf41',
  '3a2468dd-a31c-456a-88a9-fe7699d2b079',
  'e1fe8b60-1ff9-46ae-8274-feccfd31eb8c',
  '550e8400-e29b-41d4-a716-446655440801',
  NULL,
  NULL,
  'scheduled',
  'Philadelphia Liga 1',
  NULL
)
ON CONFLICT (id) DO UPDATE SET
  home_team_score = EXCLUDED.home_team_score,
  away_team_score = EXCLUDED.away_team_score,
  match_status = EXCLUDED.match_status;

INSERT INTO event_participants (id, event_id, team_id, participation_status_id)
VALUES 
  ('41d7e2b5-9b8a-44e3-8833-4fd234e2314c', '8165bc74-cfe4-495b-86e4-86702b0dbf41', '3a2468dd-a31c-456a-88a9-fe7699d2b079', '550e8400-e29b-41d4-a716-446655440701'),
  ('e817dbd3-2398-4591-972b-4e5e5a6e2a45', '8165bc74-cfe4-495b-86e4-86702b0dbf41', 'e1fe8b60-1ff9-46ae-8274-feccfd31eb8c', '550e8400-e29b-41d4-a716-446655440701')
ON CONFLICT (id) DO NOTHING;
INSERT INTO events (id, created_by, event_type_id, title, description, event_date, venue_id, duration_minutes, cancelled, cancellation_reason, external_event_id)
VALUES (
  '2517d2fd-90c5-471a-84de-4f7d3ec058ec',
  '77d77471-1250-47e0-81ab-d4626595d63c',
  '550e8400-e29b-41d4-a716-446655440402',
  'Persepolis FC vs Philly BlackStars',
  NULL,
  '2025-09-14 16:30:00',
  NULL,
  NULL,
  false,
  NULL,
  NULL
)
ON CONFLICT (id) DO UPDATE SET
  title = EXCLUDED.title,
  updated_at = EXCLUDED.updated_at;

INSERT INTO matches (id, home_team_id, away_team_id, home_away_status_id, home_team_score, away_team_score, match_status, competition_name, competition_round)
VALUES (
  '2517d2fd-90c5-471a-84de-4f7d3ec058ec',
  'e1fe8b60-1ff9-46ae-8274-feccfd31eb8c',
  'bbef7779-4ba7-4939-891e-6d6f96a34577',
  '550e8400-e29b-41d4-a716-446655440801',
  NULL,
  NULL,
  'scheduled',
  'Philadelphia Liga 1',
  NULL
)
ON CONFLICT (id) DO UPDATE SET
  home_team_score = EXCLUDED.home_team_score,
  away_team_score = EXCLUDED.away_team_score,
  match_status = EXCLUDED.match_status;

INSERT INTO event_participants (id, event_id, team_id, participation_status_id)
VALUES 
  ('b6165460-97d1-43de-8682-0949ac4b3740', '2517d2fd-90c5-471a-84de-4f7d3ec058ec', 'e1fe8b60-1ff9-46ae-8274-feccfd31eb8c', '550e8400-e29b-41d4-a716-446655440701'),
  ('5729a22f-1c84-4adc-88cb-c14f4c5d9107', '2517d2fd-90c5-471a-84de-4f7d3ec058ec', 'bbef7779-4ba7-4939-891e-6d6f96a34577', '550e8400-e29b-41d4-a716-446655440701')
ON CONFLICT (id) DO NOTHING;
INSERT INTO events (id, created_by, event_type_id, title, description, event_date, venue_id, duration_minutes, cancelled, cancellation_reason, external_event_id)
VALUES (
  '91a9c8b7-406d-41de-8df6-8607f59396cf',
  '77d77471-1250-47e0-81ab-d4626595d63c',
  '550e8400-e29b-41d4-a716-446655440402',
  'Oaklyn United FC II vs Adé United FC',
  NULL,
  '2025-09-14 17:00:00',
  NULL,
  NULL,
  false,
  NULL,
  NULL
)
ON CONFLICT (id) DO UPDATE SET
  title = EXCLUDED.title,
  updated_at = EXCLUDED.updated_at;

INSERT INTO matches (id, home_team_id, away_team_id, home_away_status_id, home_team_score, away_team_score, match_status, competition_name, competition_round)
VALUES (
  '91a9c8b7-406d-41de-8df6-8607f59396cf',
  '158e321e-2dd5-4926-82ce-c31822bde965',
  'da9e701d-7752-495a-8145-fe967b40c0d3',
  '550e8400-e29b-41d4-a716-446655440801',
  NULL,
  NULL,
  'scheduled',
  'Philadelphia Liga 1',
  NULL
)
ON CONFLICT (id) DO UPDATE SET
  home_team_score = EXCLUDED.home_team_score,
  away_team_score = EXCLUDED.away_team_score,
  match_status = EXCLUDED.match_status;

INSERT INTO event_participants (id, event_id, team_id, participation_status_id)
VALUES 
  ('7ab50579-36fb-4120-bb18-3d9410dc3920', '91a9c8b7-406d-41de-8df6-8607f59396cf', '158e321e-2dd5-4926-82ce-c31822bde965', '550e8400-e29b-41d4-a716-446655440701'),
  ('e095a99a-9ef4-46e3-906b-f88f102a60ba', '91a9c8b7-406d-41de-8df6-8607f59396cf', 'da9e701d-7752-495a-8145-fe967b40c0d3', '550e8400-e29b-41d4-a716-446655440701')
ON CONFLICT (id) DO NOTHING;
INSERT INTO events (id, created_by, event_type_id, title, description, event_date, venue_id, duration_minutes, cancelled, cancellation_reason, external_event_id)
VALUES (
  '52f4814d-e1a3-468f-89bd-6e02155b6129',
  '77d77471-1250-47e0-81ab-d4626595d63c',
  '550e8400-e29b-41d4-a716-446655440402',
  'Phoenix SCM vs Philadelphia SC II',
  NULL,
  '2025-09-14 18:30:00',
  NULL,
  NULL,
  false,
  NULL,
  NULL
)
ON CONFLICT (id) DO UPDATE SET
  title = EXCLUDED.title,
  updated_at = EXCLUDED.updated_at;

INSERT INTO matches (id, home_team_id, away_team_id, home_away_status_id, home_team_score, away_team_score, match_status, competition_name, competition_round)
VALUES (
  '52f4814d-e1a3-468f-89bd-6e02155b6129',
  'aad58707-7310-4751-86c5-e403a28757f4',
  NULL,
  '550e8400-e29b-41d4-a716-446655440801',
  NULL,
  NULL,
  'scheduled',
  'Philadelphia Liga 1',
  NULL
)
ON CONFLICT (id) DO UPDATE SET
  home_team_score = EXCLUDED.home_team_score,
  away_team_score = EXCLUDED.away_team_score,
  match_status = EXCLUDED.match_status;

INSERT INTO event_participants (id, event_id, team_id, participation_status_id)
VALUES 
  ('4c7f6fc3-109e-4dee-bd20-85cc6e14af9a', '52f4814d-e1a3-468f-89bd-6e02155b6129', 'aad58707-7310-4751-86c5-e403a28757f4', '550e8400-e29b-41d4-a716-446655440701')
ON CONFLICT (id) DO NOTHING;
INSERT INTO events (id, created_by, event_type_id, title, description, event_date, venue_id, duration_minutes, cancelled, cancellation_reason, external_event_id)
VALUES (
  '4705a186-2ec4-4a63-8c68-f2921e2bc16f',
  '77d77471-1250-47e0-81ab-d4626595d63c',
  '550e8400-e29b-41d4-a716-446655440402',
  'Illyrians FC vs Lighthouse Boys Club',
  NULL,
  '2025-09-14 18:45:00',
  NULL,
  NULL,
  false,
  NULL,
  NULL
)
ON CONFLICT (id) DO UPDATE SET
  title = EXCLUDED.title,
  updated_at = EXCLUDED.updated_at;

INSERT INTO matches (id, home_team_id, away_team_id, home_away_status_id, home_team_score, away_team_score, match_status, competition_name, competition_round)
VALUES (
  '4705a186-2ec4-4a63-8c68-f2921e2bc16f',
  '28134f76-23f8-4e68-80ce-9f9ab2a3942f',
  '57d88568-993d-4411-8aa3-6244ca7ff704',
  '550e8400-e29b-41d4-a716-446655440801',
  NULL,
  NULL,
  'scheduled',
  'Philadelphia Liga 1',
  NULL
)
ON CONFLICT (id) DO UPDATE SET
  home_team_score = EXCLUDED.home_team_score,
  away_team_score = EXCLUDED.away_team_score,
  match_status = EXCLUDED.match_status;

INSERT INTO event_participants (id, event_id, team_id, participation_status_id)
VALUES 
  ('92c0f350-a5ed-438a-aeb6-ffd422190d9a', '4705a186-2ec4-4a63-8c68-f2921e2bc16f', '28134f76-23f8-4e68-80ce-9f9ab2a3942f', '550e8400-e29b-41d4-a716-446655440701'),
  ('297d0754-efb8-4aa9-a4e2-b06d0d721dfe', '4705a186-2ec4-4a63-8c68-f2921e2bc16f', '57d88568-993d-4411-8aa3-6244ca7ff704', '550e8400-e29b-41d4-a716-446655440701')
ON CONFLICT (id) DO NOTHING;
INSERT INTO events (id, created_by, event_type_id, title, description, event_date, venue_id, duration_minutes, cancelled, cancellation_reason, external_event_id)
VALUES (
  '55b1a2da-7521-4691-82ae-831d929ec711',
  '77d77471-1250-47e0-81ab-d4626595d63c',
  '550e8400-e29b-41d4-a716-446655440402',
  'Adé United FC vs Illyrians FC',
  NULL,
  '2025-09-21 15:45:00',
  NULL,
  NULL,
  false,
  NULL,
  NULL
)
ON CONFLICT (id) DO UPDATE SET
  title = EXCLUDED.title,
  updated_at = EXCLUDED.updated_at;

INSERT INTO matches (id, home_team_id, away_team_id, home_away_status_id, home_team_score, away_team_score, match_status, competition_name, competition_round)
VALUES (
  '55b1a2da-7521-4691-82ae-831d929ec711',
  'da9e701d-7752-495a-8145-fe967b40c0d3',
  '28134f76-23f8-4e68-80ce-9f9ab2a3942f',
  '550e8400-e29b-41d4-a716-446655440801',
  NULL,
  NULL,
  'scheduled',
  'Philadelphia Liga 1',
  NULL
)
ON CONFLICT (id) DO UPDATE SET
  home_team_score = EXCLUDED.home_team_score,
  away_team_score = EXCLUDED.away_team_score,
  match_status = EXCLUDED.match_status;

INSERT INTO event_participants (id, event_id, team_id, participation_status_id)
VALUES 
  ('0e66cfad-ed3c-4c8d-bfa2-7782bf280936', '55b1a2da-7521-4691-82ae-831d929ec711', 'da9e701d-7752-495a-8145-fe967b40c0d3', '550e8400-e29b-41d4-a716-446655440701'),
  ('5699b9fa-57d5-4de9-81b0-508abe294a07', '55b1a2da-7521-4691-82ae-831d929ec711', '28134f76-23f8-4e68-80ce-9f9ab2a3942f', '550e8400-e29b-41d4-a716-446655440701')
ON CONFLICT (id) DO NOTHING;
INSERT INTO events (id, created_by, event_type_id, title, description, event_date, venue_id, duration_minutes, cancelled, cancellation_reason, external_event_id)
VALUES (
  '34bb814d-67bc-489f-8c94-2198057fb592',
  '77d77471-1250-47e0-81ab-d4626595d63c',
  '550e8400-e29b-41d4-a716-446655440402',
  'Lighthouse Boys Club vs Phoenix Reserves',
  NULL,
  '2025-09-21 15:45:00',
  NULL,
  NULL,
  false,
  NULL,
  NULL
)
ON CONFLICT (id) DO UPDATE SET
  title = EXCLUDED.title,
  updated_at = EXCLUDED.updated_at;

INSERT INTO matches (id, home_team_id, away_team_id, home_away_status_id, home_team_score, away_team_score, match_status, competition_name, competition_round)
VALUES (
  '34bb814d-67bc-489f-8c94-2198057fb592',
  '57d88568-993d-4411-8aa3-6244ca7ff704',
  NULL,
  '550e8400-e29b-41d4-a716-446655440801',
  NULL,
  NULL,
  'scheduled',
  'Philadelphia Liga 1',
  NULL
)
ON CONFLICT (id) DO UPDATE SET
  home_team_score = EXCLUDED.home_team_score,
  away_team_score = EXCLUDED.away_team_score,
  match_status = EXCLUDED.match_status;

INSERT INTO event_participants (id, event_id, team_id, participation_status_id)
VALUES 
  ('2d6ff1eb-fe22-44ba-adcd-c0875cd5a8a0', '34bb814d-67bc-489f-8c94-2198057fb592', '57d88568-993d-4411-8aa3-6244ca7ff704', '550e8400-e29b-41d4-a716-446655440701')
ON CONFLICT (id) DO NOTHING;
INSERT INTO events (id, created_by, event_type_id, title, description, event_date, venue_id, duration_minutes, cancelled, cancellation_reason, external_event_id)
VALUES (
  '69b364be-8f29-4a83-8fb9-69c70a476f67',
  '77d77471-1250-47e0-81ab-d4626595d63c',
  '550e8400-e29b-41d4-a716-446655440402',
  'Lighthouse Old Timers Club vs Phoenix SCM',
  NULL,
  '2025-11-16 18:30:00',
  NULL,
  NULL,
  false,
  NULL,
  NULL
)
ON CONFLICT (id) DO UPDATE SET
  title = EXCLUDED.title,
  updated_at = EXCLUDED.updated_at;

INSERT INTO matches (id, home_team_id, away_team_id, home_away_status_id, home_team_score, away_team_score, match_status, competition_name, competition_round)
VALUES (
  '69b364be-8f29-4a83-8fb9-69c70a476f67',
  'da5e129e-1d82-4c59-85f9-1f5efd3d6c11',
  'aad58707-7310-4751-86c5-e403a28757f4',
  '550e8400-e29b-41d4-a716-446655440801',
  NULL,
  NULL,
  'scheduled',
  'Philadelphia Liga 2',
  NULL
)
ON CONFLICT (id) DO UPDATE SET
  home_team_score = EXCLUDED.home_team_score,
  away_team_score = EXCLUDED.away_team_score,
  match_status = EXCLUDED.match_status;

INSERT INTO event_participants (id, event_id, team_id, participation_status_id)
VALUES 
  ('31e5575a-ee8d-4b3b-9c60-d2bbf900fe0a', '69b364be-8f29-4a83-8fb9-69c70a476f67', 'da5e129e-1d82-4c59-85f9-1f5efd3d6c11', '550e8400-e29b-41d4-a716-446655440701'),
  ('b11b495b-8b7d-4669-bc39-ed6a51791c69', '69b364be-8f29-4a83-8fb9-69c70a476f67', 'aad58707-7310-4751-86c5-e403a28757f4', '550e8400-e29b-41d4-a716-446655440701')
ON CONFLICT (id) DO NOTHING;
INSERT INTO events (id, created_by, event_type_id, title, description, event_date, venue_id, duration_minutes, cancelled, cancellation_reason, external_event_id)
VALUES (
  '09e2955e-5f2f-441b-8fb0-d033f67dc791',
  '77d77471-1250-47e0-81ab-d4626595d63c',
  '550e8400-e29b-41d4-a716-446655440402',
  'Phoenix SCM vs Persepolis FC',
  NULL,
  '2025-11-09 16:45:00',
  NULL,
  NULL,
  false,
  NULL,
  NULL
)
ON CONFLICT (id) DO UPDATE SET
  title = EXCLUDED.title,
  updated_at = EXCLUDED.updated_at;

INSERT INTO matches (id, home_team_id, away_team_id, home_away_status_id, home_team_score, away_team_score, match_status, competition_name, competition_round)
VALUES (
  '09e2955e-5f2f-441b-8fb0-d033f67dc791',
  'aad58707-7310-4751-86c5-e403a28757f4',
  'e1fe8b60-1ff9-46ae-8274-feccfd31eb8c',
  '550e8400-e29b-41d4-a716-446655440801',
  NULL,
  NULL,
  'scheduled',
  'Philadelphia Liga 2',
  NULL
)
ON CONFLICT (id) DO UPDATE SET
  home_team_score = EXCLUDED.home_team_score,
  away_team_score = EXCLUDED.away_team_score,
  match_status = EXCLUDED.match_status;

INSERT INTO event_participants (id, event_id, team_id, participation_status_id)
VALUES 
  ('81543065-aa70-4a58-8011-84de7bab6b4d', '09e2955e-5f2f-441b-8fb0-d033f67dc791', 'aad58707-7310-4751-86c5-e403a28757f4', '550e8400-e29b-41d4-a716-446655440701'),
  ('0479258d-b978-4b11-884b-f77c2ff02232', '09e2955e-5f2f-441b-8fb0-d033f67dc791', 'e1fe8b60-1ff9-46ae-8274-feccfd31eb8c', '550e8400-e29b-41d4-a716-446655440701')
ON CONFLICT (id) DO NOTHING;
INSERT INTO events (id, created_by, event_type_id, title, description, event_date, venue_id, duration_minutes, cancelled, cancellation_reason, external_event_id)
VALUES (
  'e082a5b2-71e3-474a-8256-16ce76e60795',
  '77d77471-1250-47e0-81ab-d4626595d63c',
  '550e8400-e29b-41d4-a716-446655440402',
  'Philadelphia SC II vs Oaklyn United Nor’Easters II',
  NULL,
  '2025-11-07 01:45:00',
  NULL,
  NULL,
  false,
  NULL,
  NULL
)
ON CONFLICT (id) DO UPDATE SET
  title = EXCLUDED.title,
  updated_at = EXCLUDED.updated_at;

INSERT INTO matches (id, home_team_id, away_team_id, home_away_status_id, home_team_score, away_team_score, match_status, competition_name, competition_round)
VALUES (
  'e082a5b2-71e3-474a-8256-16ce76e60795',
  '0033b87c-9650-4c9d-80b3-69ec4751c7cc',
  NULL,
  '550e8400-e29b-41d4-a716-446655440801',
  NULL,
  NULL,
  'scheduled',
  'Philadelphia Liga 2',
  NULL
)
ON CONFLICT (id) DO UPDATE SET
  home_team_score = EXCLUDED.home_team_score,
  away_team_score = EXCLUDED.away_team_score,
  match_status = EXCLUDED.match_status;

INSERT INTO event_participants (id, event_id, team_id, participation_status_id)
VALUES 
  ('ca52c2fe-310a-4051-a00e-d88176001710', 'e082a5b2-71e3-474a-8256-16ce76e60795', '0033b87c-9650-4c9d-80b3-69ec4751c7cc', '550e8400-e29b-41d4-a716-446655440701')
ON CONFLICT (id) DO NOTHING;
INSERT INTO events (id, created_by, event_type_id, title, description, event_date, venue_id, duration_minutes, cancelled, cancellation_reason, external_event_id)
VALUES (
  '91ebabec-ce77-47e8-832e-99263cba41e6',
  '77d77471-1250-47e0-81ab-d4626595d63c',
  '550e8400-e29b-41d4-a716-446655440402',
  'Philadelphia SC II vs Phoenix SCM',
  NULL,
  '2025-11-02 19:45:00',
  NULL,
  NULL,
  false,
  NULL,
  NULL
)
ON CONFLICT (id) DO UPDATE SET
  title = EXCLUDED.title,
  updated_at = EXCLUDED.updated_at;

INSERT INTO matches (id, home_team_id, away_team_id, home_away_status_id, home_team_score, away_team_score, match_status, competition_name, competition_round)
VALUES (
  '91ebabec-ce77-47e8-832e-99263cba41e6',
  '0033b87c-9650-4c9d-80b3-69ec4751c7cc',
  'aad58707-7310-4751-86c5-e403a28757f4',
  '550e8400-e29b-41d4-a716-446655440801',
  NULL,
  NULL,
  'scheduled',
  'Philadelphia Liga 2',
  NULL
)
ON CONFLICT (id) DO UPDATE SET
  home_team_score = EXCLUDED.home_team_score,
  away_team_score = EXCLUDED.away_team_score,
  match_status = EXCLUDED.match_status;

INSERT INTO event_participants (id, event_id, team_id, participation_status_id)
VALUES 
  ('35e6d3d9-322d-41f9-9c94-3a233601cd73', '91ebabec-ce77-47e8-832e-99263cba41e6', '0033b87c-9650-4c9d-80b3-69ec4751c7cc', '550e8400-e29b-41d4-a716-446655440701'),
  ('ec320241-6bca-481e-9824-f44f48a4952d', '91ebabec-ce77-47e8-832e-99263cba41e6', 'aad58707-7310-4751-86c5-e403a28757f4', '550e8400-e29b-41d4-a716-446655440701')
ON CONFLICT (id) DO NOTHING;
INSERT INTO events (id, created_by, event_type_id, title, description, event_date, venue_id, duration_minutes, cancelled, cancellation_reason, external_event_id)
VALUES (
  '65ba7c5f-18c6-4fb1-8eca-963156acf6f3',
  '77d77471-1250-47e0-81ab-d4626595d63c',
  '550e8400-e29b-41d4-a716-446655440402',
  'Philadelphia SC II vs Persepolis FC',
  NULL,
  '2025-10-31 00:45:00',
  NULL,
  NULL,
  false,
  NULL,
  NULL
)
ON CONFLICT (id) DO UPDATE SET
  title = EXCLUDED.title,
  updated_at = EXCLUDED.updated_at;

INSERT INTO matches (id, home_team_id, away_team_id, home_away_status_id, home_team_score, away_team_score, match_status, competition_name, competition_round)
VALUES (
  '65ba7c5f-18c6-4fb1-8eca-963156acf6f3',
  '0033b87c-9650-4c9d-80b3-69ec4751c7cc',
  'e1fe8b60-1ff9-46ae-8274-feccfd31eb8c',
  '550e8400-e29b-41d4-a716-446655440801',
  NULL,
  NULL,
  'scheduled',
  'Philadelphia Liga 2',
  NULL
)
ON CONFLICT (id) DO UPDATE SET
  home_team_score = EXCLUDED.home_team_score,
  away_team_score = EXCLUDED.away_team_score,
  match_status = EXCLUDED.match_status;

INSERT INTO event_participants (id, event_id, team_id, participation_status_id)
VALUES 
  ('f90df2ec-b918-457e-a3e7-2187ffb70a17', '65ba7c5f-18c6-4fb1-8eca-963156acf6f3', '0033b87c-9650-4c9d-80b3-69ec4751c7cc', '550e8400-e29b-41d4-a716-446655440701'),
  ('9f5fb4fd-b561-4c88-8ddd-603c5ebfb1ca', '65ba7c5f-18c6-4fb1-8eca-963156acf6f3', 'e1fe8b60-1ff9-46ae-8274-feccfd31eb8c', '550e8400-e29b-41d4-a716-446655440701')
ON CONFLICT (id) DO NOTHING;
INSERT INTO events (id, created_by, event_type_id, title, description, event_date, venue_id, duration_minutes, cancelled, cancellation_reason, external_event_id)
VALUES (
  'abcbff6c-c508-4198-86c6-d093e886f9d7',
  '77d77471-1250-47e0-81ab-d4626595d63c',
  '550e8400-e29b-41d4-a716-446655440402',
  'Illyrians FC vs Phoenix SCM',
  NULL,
  '2025-10-29 23:30:00',
  NULL,
  NULL,
  false,
  NULL,
  NULL
)
ON CONFLICT (id) DO UPDATE SET
  title = EXCLUDED.title,
  updated_at = EXCLUDED.updated_at;

INSERT INTO matches (id, home_team_id, away_team_id, home_away_status_id, home_team_score, away_team_score, match_status, competition_name, competition_round)
VALUES (
  'abcbff6c-c508-4198-86c6-d093e886f9d7',
  '28134f76-23f8-4e68-80ce-9f9ab2a3942f',
  'aad58707-7310-4751-86c5-e403a28757f4',
  '550e8400-e29b-41d4-a716-446655440801',
  NULL,
  NULL,
  'scheduled',
  'Philadelphia Liga 2',
  NULL
)
ON CONFLICT (id) DO UPDATE SET
  home_team_score = EXCLUDED.home_team_score,
  away_team_score = EXCLUDED.away_team_score,
  match_status = EXCLUDED.match_status;

INSERT INTO event_participants (id, event_id, team_id, participation_status_id)
VALUES 
  ('63172b68-3e70-468a-8f8d-7b3d2dc60cb2', 'abcbff6c-c508-4198-86c6-d093e886f9d7', '28134f76-23f8-4e68-80ce-9f9ab2a3942f', '550e8400-e29b-41d4-a716-446655440701'),
  ('1be6f455-5f1e-4449-92c0-b71c6f25cfff', 'abcbff6c-c508-4198-86c6-d093e886f9d7', 'aad58707-7310-4751-86c5-e403a28757f4', '550e8400-e29b-41d4-a716-446655440701')
ON CONFLICT (id) DO NOTHING;
INSERT INTO events (id, created_by, event_type_id, title, description, event_date, venue_id, duration_minutes, cancelled, cancellation_reason, external_event_id)
VALUES (
  'afafacd7-d142-4996-881f-cbade4ac2ca9',
  '77d77471-1250-47e0-81ab-d4626595d63c',
  '550e8400-e29b-41d4-a716-446655440402',
  'Philadelphia SC II vs Philly BlackStars',
  NULL,
  '2025-10-12 18:45:00',
  NULL,
  NULL,
  false,
  NULL,
  NULL
)
ON CONFLICT (id) DO UPDATE SET
  title = EXCLUDED.title,
  updated_at = EXCLUDED.updated_at;

INSERT INTO matches (id, home_team_id, away_team_id, home_away_status_id, home_team_score, away_team_score, match_status, competition_name, competition_round)
VALUES (
  'afafacd7-d142-4996-881f-cbade4ac2ca9',
  '0033b87c-9650-4c9d-80b3-69ec4751c7cc',
  'bbef7779-4ba7-4939-891e-6d6f96a34577',
  '550e8400-e29b-41d4-a716-446655440801',
  NULL,
  NULL,
  'scheduled',
  'Philadelphia Liga 2',
  NULL
)
ON CONFLICT (id) DO UPDATE SET
  home_team_score = EXCLUDED.home_team_score,
  away_team_score = EXCLUDED.away_team_score,
  match_status = EXCLUDED.match_status;

INSERT INTO event_participants (id, event_id, team_id, participation_status_id)
VALUES 
  ('ad79b814-a2ca-46cc-b8dc-666165431940', 'afafacd7-d142-4996-881f-cbade4ac2ca9', '0033b87c-9650-4c9d-80b3-69ec4751c7cc', '550e8400-e29b-41d4-a716-446655440701'),
  ('46b6fc9e-dc60-4cf3-b830-63c33384697a', 'afafacd7-d142-4996-881f-cbade4ac2ca9', 'bbef7779-4ba7-4939-891e-6d6f96a34577', '550e8400-e29b-41d4-a716-446655440701')
ON CONFLICT (id) DO NOTHING;
INSERT INTO events (id, created_by, event_type_id, title, description, event_date, venue_id, duration_minutes, cancelled, cancellation_reason, external_event_id)
VALUES (
  '81da90ed-f792-4c81-8f6b-4e74349bea1d',
  '77d77471-1250-47e0-81ab-d4626595d63c',
  '550e8400-e29b-41d4-a716-446655440402',
  'Persepolis FC vs Lighthouse Old Timers Club',
  NULL,
  '2025-10-12 18:45:00',
  NULL,
  NULL,
  false,
  NULL,
  NULL
)
ON CONFLICT (id) DO UPDATE SET
  title = EXCLUDED.title,
  updated_at = EXCLUDED.updated_at;

INSERT INTO matches (id, home_team_id, away_team_id, home_away_status_id, home_team_score, away_team_score, match_status, competition_name, competition_round)
VALUES (
  '81da90ed-f792-4c81-8f6b-4e74349bea1d',
  'e1fe8b60-1ff9-46ae-8274-feccfd31eb8c',
  'da5e129e-1d82-4c59-85f9-1f5efd3d6c11',
  '550e8400-e29b-41d4-a716-446655440801',
  NULL,
  NULL,
  'scheduled',
  'Philadelphia Liga 2',
  NULL
)
ON CONFLICT (id) DO UPDATE SET
  home_team_score = EXCLUDED.home_team_score,
  away_team_score = EXCLUDED.away_team_score,
  match_status = EXCLUDED.match_status;

INSERT INTO event_participants (id, event_id, team_id, participation_status_id)
VALUES 
  ('9c04cfe6-c3e5-4516-846b-298457d32b73', '81da90ed-f792-4c81-8f6b-4e74349bea1d', 'e1fe8b60-1ff9-46ae-8274-feccfd31eb8c', '550e8400-e29b-41d4-a716-446655440701'),
  ('bb3d03ec-99aa-4ed2-a79b-c78f39046b37', '81da90ed-f792-4c81-8f6b-4e74349bea1d', 'da5e129e-1d82-4c59-85f9-1f5efd3d6c11', '550e8400-e29b-41d4-a716-446655440701')
ON CONFLICT (id) DO NOTHING;
INSERT INTO events (id, created_by, event_type_id, title, description, event_date, venue_id, duration_minutes, cancelled, cancellation_reason, external_event_id)
VALUES (
  '1ef4683f-b4d8-41d6-8c35-21df11a48cff',
  '77d77471-1250-47e0-81ab-d4626595d63c',
  '550e8400-e29b-41d4-a716-446655440402',
  'Phoenix SCM vs Philadelphia SC II',
  NULL,
  '2025-09-07 16:00:00',
  NULL,
  NULL,
  false,
  NULL,
  NULL
)
ON CONFLICT (id) DO UPDATE SET
  title = EXCLUDED.title,
  updated_at = EXCLUDED.updated_at;

INSERT INTO matches (id, home_team_id, away_team_id, home_away_status_id, home_team_score, away_team_score, match_status, competition_name, competition_round)
VALUES (
  '1ef4683f-b4d8-41d6-8c35-21df11a48cff',
  'aad58707-7310-4751-86c5-e403a28757f4',
  '0033b87c-9650-4c9d-80b3-69ec4751c7cc',
  '550e8400-e29b-41d4-a716-446655440801',
  NULL,
  NULL,
  'scheduled',
  'Philadelphia Liga 2',
  NULL
)
ON CONFLICT (id) DO UPDATE SET
  home_team_score = EXCLUDED.home_team_score,
  away_team_score = EXCLUDED.away_team_score,
  match_status = EXCLUDED.match_status;

INSERT INTO event_participants (id, event_id, team_id, participation_status_id)
VALUES 
  ('688219c5-0233-401e-b2cd-b4e371c30677', '1ef4683f-b4d8-41d6-8c35-21df11a48cff', 'aad58707-7310-4751-86c5-e403a28757f4', '550e8400-e29b-41d4-a716-446655440701'),
  ('16bbc80f-050d-414e-990d-63b0967eeca3', '1ef4683f-b4d8-41d6-8c35-21df11a48cff', '0033b87c-9650-4c9d-80b3-69ec4751c7cc', '550e8400-e29b-41d4-a716-446655440701')
ON CONFLICT (id) DO NOTHING;
INSERT INTO events (id, created_by, event_type_id, title, description, event_date, venue_id, duration_minutes, cancelled, cancellation_reason, external_event_id)
VALUES (
  '65f7a58b-d5f2-4aff-842b-49089f156b53',
  '77d77471-1250-47e0-81ab-d4626595d63c',
  '550e8400-e29b-41d4-a716-446655440402',
  'Phoenix SCM vs Lighthouse Old Timers Club',
  NULL,
  '2025-09-14 16:00:00',
  NULL,
  NULL,
  false,
  NULL,
  NULL
)
ON CONFLICT (id) DO UPDATE SET
  title = EXCLUDED.title,
  updated_at = EXCLUDED.updated_at;

INSERT INTO matches (id, home_team_id, away_team_id, home_away_status_id, home_team_score, away_team_score, match_status, competition_name, competition_round)
VALUES (
  '65f7a58b-d5f2-4aff-842b-49089f156b53',
  'aad58707-7310-4751-86c5-e403a28757f4',
  'da5e129e-1d82-4c59-85f9-1f5efd3d6c11',
  '550e8400-e29b-41d4-a716-446655440801',
  NULL,
  NULL,
  'scheduled',
  'Philadelphia Liga 2',
  NULL
)
ON CONFLICT (id) DO UPDATE SET
  home_team_score = EXCLUDED.home_team_score,
  away_team_score = EXCLUDED.away_team_score,
  match_status = EXCLUDED.match_status;

INSERT INTO event_participants (id, event_id, team_id, participation_status_id)
VALUES 
  ('f2186611-b4ca-4642-a5f3-6773238a604e', '65f7a58b-d5f2-4aff-842b-49089f156b53', 'aad58707-7310-4751-86c5-e403a28757f4', '550e8400-e29b-41d4-a716-446655440701'),
  ('e8f37c8f-69f1-4f3b-8e89-b9e7cbecf125', '65f7a58b-d5f2-4aff-842b-49089f156b53', 'da5e129e-1d82-4c59-85f9-1f5efd3d6c11', '550e8400-e29b-41d4-a716-446655440701')
ON CONFLICT (id) DO NOTHING;
INSERT INTO events (id, created_by, event_type_id, title, description, event_date, venue_id, duration_minutes, cancelled, cancellation_reason, external_event_id)
VALUES (
  'd5e6fbec-5173-4a03-83ad-97f5620f579e',
  '77d77471-1250-47e0-81ab-d4626595d63c',
  '550e8400-e29b-41d4-a716-446655440402',
  'Philadelphia SC II vs Phoenix Majors',
  NULL,
  '2025-09-14 18:45:00',
  NULL,
  NULL,
  false,
  NULL,
  NULL
)
ON CONFLICT (id) DO UPDATE SET
  title = EXCLUDED.title,
  updated_at = EXCLUDED.updated_at;

INSERT INTO matches (id, home_team_id, away_team_id, home_away_status_id, home_team_score, away_team_score, match_status, competition_name, competition_round)
VALUES (
  'd5e6fbec-5173-4a03-83ad-97f5620f579e',
  '0033b87c-9650-4c9d-80b3-69ec4751c7cc',
  NULL,
  '550e8400-e29b-41d4-a716-446655440801',
  NULL,
  NULL,
  'scheduled',
  'Philadelphia Liga 2',
  NULL
)
ON CONFLICT (id) DO UPDATE SET
  home_team_score = EXCLUDED.home_team_score,
  away_team_score = EXCLUDED.away_team_score,
  match_status = EXCLUDED.match_status;

INSERT INTO event_participants (id, event_id, team_id, participation_status_id)
VALUES 
  ('6a6080da-7609-4e32-bea1-53c3aea91342', 'd5e6fbec-5173-4a03-83ad-97f5620f579e', '0033b87c-9650-4c9d-80b3-69ec4751c7cc', '550e8400-e29b-41d4-a716-446655440701')
ON CONFLICT (id) DO NOTHING;
INSERT INTO events (id, created_by, event_type_id, title, description, event_date, venue_id, duration_minutes, cancelled, cancellation_reason, external_event_id)
VALUES (
  '1a769bff-9ff3-447b-85c7-d57d62d5dcfd',
  '77d77471-1250-47e0-81ab-d4626595d63c',
  '550e8400-e29b-41d4-a716-446655440402',
  'Lighthouse Boys Club vs Phoenix SCM',
  NULL,
  '2025-09-21 15:45:00',
  NULL,
  NULL,
  false,
  NULL,
  NULL
)
ON CONFLICT (id) DO UPDATE SET
  title = EXCLUDED.title,
  updated_at = EXCLUDED.updated_at;

INSERT INTO matches (id, home_team_id, away_team_id, home_away_status_id, home_team_score, away_team_score, match_status, competition_name, competition_round)
VALUES (
  '1a769bff-9ff3-447b-85c7-d57d62d5dcfd',
  '57d88568-993d-4411-8aa3-6244ca7ff704',
  'aad58707-7310-4751-86c5-e403a28757f4',
  '550e8400-e29b-41d4-a716-446655440801',
  NULL,
  NULL,
  'scheduled',
  'Philadelphia Liga 2',
  NULL
)
ON CONFLICT (id) DO UPDATE SET
  home_team_score = EXCLUDED.home_team_score,
  away_team_score = EXCLUDED.away_team_score,
  match_status = EXCLUDED.match_status;

INSERT INTO event_participants (id, event_id, team_id, participation_status_id)
VALUES 
  ('77d68a4b-ff92-41b3-8c75-37fed8e69c7e', '1a769bff-9ff3-447b-85c7-d57d62d5dcfd', '57d88568-993d-4411-8aa3-6244ca7ff704', '550e8400-e29b-41d4-a716-446655440701'),
  ('5c93f5d9-eddc-4088-85d7-7a0d534cec08', '1a769bff-9ff3-447b-85c7-d57d62d5dcfd', 'aad58707-7310-4751-86c5-e403a28757f4', '550e8400-e29b-41d4-a716-446655440701')
ON CONFLICT (id) DO NOTHING;
INSERT INTO events (id, created_by, event_type_id, title, description, event_date, venue_id, duration_minutes, cancelled, cancellation_reason, external_event_id)
VALUES (
  '9885c815-fde9-407e-861c-06510f86d8df',
  '77d77471-1250-47e0-81ab-d4626595d63c',
  '550e8400-e29b-41d4-a716-446655440402',
  'Philadelphia SC II vs Lighthouse Old Timers Club',
  NULL,
  '2025-09-21 18:45:00',
  NULL,
  NULL,
  false,
  NULL,
  NULL
)
ON CONFLICT (id) DO UPDATE SET
  title = EXCLUDED.title,
  updated_at = EXCLUDED.updated_at;

INSERT INTO matches (id, home_team_id, away_team_id, home_away_status_id, home_team_score, away_team_score, match_status, competition_name, competition_round)
VALUES (
  '9885c815-fde9-407e-861c-06510f86d8df',
  '0033b87c-9650-4c9d-80b3-69ec4751c7cc',
  'da5e129e-1d82-4c59-85f9-1f5efd3d6c11',
  '550e8400-e29b-41d4-a716-446655440801',
  NULL,
  NULL,
  'scheduled',
  'Philadelphia Liga 2',
  NULL
)
ON CONFLICT (id) DO UPDATE SET
  home_team_score = EXCLUDED.home_team_score,
  away_team_score = EXCLUDED.away_team_score,
  match_status = EXCLUDED.match_status;

INSERT INTO event_participants (id, event_id, team_id, participation_status_id)
VALUES 
  ('26df652f-caf1-46b1-a4a3-ed36292268ad', '9885c815-fde9-407e-861c-06510f86d8df', '0033b87c-9650-4c9d-80b3-69ec4751c7cc', '550e8400-e29b-41d4-a716-446655440701'),
  ('e4dca960-8ee9-4a6c-85f7-69d5fc8a83ea', '9885c815-fde9-407e-861c-06510f86d8df', 'da5e129e-1d82-4c59-85f9-1f5efd3d6c11', '550e8400-e29b-41d4-a716-446655440701')
ON CONFLICT (id) DO NOTHING;
INSERT INTO events (id, created_by, event_type_id, title, description, event_date, venue_id, duration_minutes, cancelled, cancellation_reason, external_event_id)
VALUES (
  'ce16612f-bb54-4993-875f-e511bac9c82d',
  '77d77471-1250-47e0-81ab-d4626595d63c',
  '550e8400-e29b-41d4-a716-446655440402',
  'Phoenix SCM vs Persepolis FC',
  NULL,
  '2025-09-28 16:00:00',
  NULL,
  NULL,
  false,
  NULL,
  NULL
)
ON CONFLICT (id) DO UPDATE SET
  title = EXCLUDED.title,
  updated_at = EXCLUDED.updated_at;

INSERT INTO matches (id, home_team_id, away_team_id, home_away_status_id, home_team_score, away_team_score, match_status, competition_name, competition_round)
VALUES (
  'ce16612f-bb54-4993-875f-e511bac9c82d',
  'aad58707-7310-4751-86c5-e403a28757f4',
  'e1fe8b60-1ff9-46ae-8274-feccfd31eb8c',
  '550e8400-e29b-41d4-a716-446655440801',
  NULL,
  NULL,
  'scheduled',
  'Philadelphia Liga 2',
  NULL
)
ON CONFLICT (id) DO UPDATE SET
  home_team_score = EXCLUDED.home_team_score,
  away_team_score = EXCLUDED.away_team_score,
  match_status = EXCLUDED.match_status;

INSERT INTO event_participants (id, event_id, team_id, participation_status_id)
VALUES 
  ('7a28d6e8-86cd-493e-b3eb-16b57bb48cf8', 'ce16612f-bb54-4993-875f-e511bac9c82d', 'aad58707-7310-4751-86c5-e403a28757f4', '550e8400-e29b-41d4-a716-446655440701'),
  ('d0d2acdb-c1f1-47fb-9a79-ba2a9fa2d233', 'ce16612f-bb54-4993-875f-e511bac9c82d', 'e1fe8b60-1ff9-46ae-8274-feccfd31eb8c', '550e8400-e29b-41d4-a716-446655440701')
ON CONFLICT (id) DO NOTHING;
INSERT INTO events (id, created_by, event_type_id, title, description, event_date, venue_id, duration_minutes, cancelled, cancellation_reason, external_event_id)
VALUES (
  '3ac0f639-cef4-4ab4-8eee-8818085b4cae',
  '77d77471-1250-47e0-81ab-d4626595d63c',
  '550e8400-e29b-41d4-a716-446655440402',
  'Adé United FC vs Lighthouse Old Timers Club',
  NULL,
  '2025-09-28 16:30:00',
  NULL,
  NULL,
  false,
  NULL,
  NULL
)
ON CONFLICT (id) DO UPDATE SET
  title = EXCLUDED.title,
  updated_at = EXCLUDED.updated_at;

INSERT INTO matches (id, home_team_id, away_team_id, home_away_status_id, home_team_score, away_team_score, match_status, competition_name, competition_round)
VALUES (
  '3ac0f639-cef4-4ab4-8eee-8818085b4cae',
  'da9e701d-7752-495a-8145-fe967b40c0d3',
  'da5e129e-1d82-4c59-85f9-1f5efd3d6c11',
  '550e8400-e29b-41d4-a716-446655440801',
  NULL,
  NULL,
  'scheduled',
  'Philadelphia Liga 2',
  NULL
)
ON CONFLICT (id) DO UPDATE SET
  home_team_score = EXCLUDED.home_team_score,
  away_team_score = EXCLUDED.away_team_score,
  match_status = EXCLUDED.match_status;

INSERT INTO event_participants (id, event_id, team_id, participation_status_id)
VALUES 
  ('cf8d4b6d-95c1-41ee-ac9a-5337b5bb2d4b', '3ac0f639-cef4-4ab4-8eee-8818085b4cae', 'da9e701d-7752-495a-8145-fe967b40c0d3', '550e8400-e29b-41d4-a716-446655440701'),
  ('44df22b1-eb94-4663-b892-364485d86272', '3ac0f639-cef4-4ab4-8eee-8818085b4cae', 'da5e129e-1d82-4c59-85f9-1f5efd3d6c11', '550e8400-e29b-41d4-a716-446655440701')
ON CONFLICT (id) DO NOTHING;
INSERT INTO events (id, created_by, event_type_id, title, description, event_date, venue_id, duration_minutes, cancelled, cancellation_reason, external_event_id)
VALUES (
  '9577b205-2607-4ba5-80c6-494adbbfeea4',
  '77d77471-1250-47e0-81ab-d4626595d63c',
  '550e8400-e29b-41d4-a716-446655440402',
  'Lighthouse Old Timers Club vs Lighthouse Boys Club',
  NULL,
  '2025-10-05 15:00:00',
  NULL,
  NULL,
  false,
  NULL,
  NULL
)
ON CONFLICT (id) DO UPDATE SET
  title = EXCLUDED.title,
  updated_at = EXCLUDED.updated_at;

INSERT INTO matches (id, home_team_id, away_team_id, home_away_status_id, home_team_score, away_team_score, match_status, competition_name, competition_round)
VALUES (
  '9577b205-2607-4ba5-80c6-494adbbfeea4',
  'da5e129e-1d82-4c59-85f9-1f5efd3d6c11',
  '57d88568-993d-4411-8aa3-6244ca7ff704',
  '550e8400-e29b-41d4-a716-446655440801',
  NULL,
  NULL,
  'scheduled',
  'Philadelphia Liga 2',
  NULL
)
ON CONFLICT (id) DO UPDATE SET
  home_team_score = EXCLUDED.home_team_score,
  away_team_score = EXCLUDED.away_team_score,
  match_status = EXCLUDED.match_status;

INSERT INTO event_participants (id, event_id, team_id, participation_status_id)
VALUES 
  ('f6d8df44-9580-4ef6-a8b6-952dcee51da9', '9577b205-2607-4ba5-80c6-494adbbfeea4', 'da5e129e-1d82-4c59-85f9-1f5efd3d6c11', '550e8400-e29b-41d4-a716-446655440701'),
  ('ecf1057a-45cc-44fd-abb2-b79e7bbd36a0', '9577b205-2607-4ba5-80c6-494adbbfeea4', '57d88568-993d-4411-8aa3-6244ca7ff704', '550e8400-e29b-41d4-a716-446655440701')
ON CONFLICT (id) DO NOTHING;
INSERT INTO events (id, created_by, event_type_id, title, description, event_date, venue_id, duration_minutes, cancelled, cancellation_reason, external_event_id)
VALUES (
  'f887a773-2b54-4713-8b04-8ca7a7721cce',
  '77d77471-1250-47e0-81ab-d4626595d63c',
  '550e8400-e29b-41d4-a716-446655440402',
  'Philadelphia SC II vs Persepolis FC',
  NULL,
  '2025-10-05 18:45:00',
  NULL,
  NULL,
  false,
  NULL,
  NULL
)
ON CONFLICT (id) DO UPDATE SET
  title = EXCLUDED.title,
  updated_at = EXCLUDED.updated_at;

INSERT INTO matches (id, home_team_id, away_team_id, home_away_status_id, home_team_score, away_team_score, match_status, competition_name, competition_round)
VALUES (
  'f887a773-2b54-4713-8b04-8ca7a7721cce',
  '0033b87c-9650-4c9d-80b3-69ec4751c7cc',
  'e1fe8b60-1ff9-46ae-8274-feccfd31eb8c',
  '550e8400-e29b-41d4-a716-446655440801',
  NULL,
  NULL,
  'scheduled',
  'Philadelphia Liga 2',
  NULL
)
ON CONFLICT (id) DO UPDATE SET
  home_team_score = EXCLUDED.home_team_score,
  away_team_score = EXCLUDED.away_team_score,
  match_status = EXCLUDED.match_status;

INSERT INTO event_participants (id, event_id, team_id, participation_status_id)
VALUES 
  ('fd6e8d03-f013-4dec-91b6-ed453dfc852b', 'f887a773-2b54-4713-8b04-8ca7a7721cce', '0033b87c-9650-4c9d-80b3-69ec4751c7cc', '550e8400-e29b-41d4-a716-446655440701'),
  ('bcc5d1fa-34cc-4429-8ecd-0cfdc624e851', 'f887a773-2b54-4713-8b04-8ca7a7721cce', 'e1fe8b60-1ff9-46ae-8274-feccfd31eb8c', '550e8400-e29b-41d4-a716-446655440701')
ON CONFLICT (id) DO NOTHING;
INSERT INTO events (id, created_by, event_type_id, title, description, event_date, venue_id, duration_minutes, cancelled, cancellation_reason, external_event_id)
VALUES (
  '581c00d7-bf32-4533-8032-a953bf35aba8',
  '77d77471-1250-47e0-81ab-d4626595d63c',
  '550e8400-e29b-41d4-a716-446655440402',
  'South Shore FC vs Strictly Nos Fc',
  NULL,
  '2025-12-31 05:00:00',
  NULL,
  NULL,
  false,
  NULL,
  NULL
)
ON CONFLICT (id) DO UPDATE SET
  title = EXCLUDED.title,
  updated_at = EXCLUDED.updated_at;

INSERT INTO matches (id, home_team_id, away_team_id, home_away_status_id, home_team_score, away_team_score, match_status, competition_name, competition_round)
VALUES (
  '581c00d7-bf32-4533-8032-a953bf35aba8',
  '895ff6df-959f-4a46-80c9-fbef6eed5b78',
  '16b6860e-6657-4bc8-87a5-9b35d0bcb2a7',
  '550e8400-e29b-41d4-a716-446655440801',
  NULL,
  NULL,
  'scheduled',
  'Boston Liga 1',
  NULL
)
ON CONFLICT (id) DO UPDATE SET
  home_team_score = EXCLUDED.home_team_score,
  away_team_score = EXCLUDED.away_team_score,
  match_status = EXCLUDED.match_status;

INSERT INTO event_participants (id, event_id, team_id, participation_status_id)
VALUES 
  ('d8c3844c-e2d4-4cb9-8612-3fdf5a438f16', '581c00d7-bf32-4533-8032-a953bf35aba8', '895ff6df-959f-4a46-80c9-fbef6eed5b78', '550e8400-e29b-41d4-a716-446655440701'),
  ('d32fee19-ac81-4014-aa36-93c8bbc4e8c3', '581c00d7-bf32-4533-8032-a953bf35aba8', '16b6860e-6657-4bc8-87a5-9b35d0bcb2a7', '550e8400-e29b-41d4-a716-446655440701')
ON CONFLICT (id) DO NOTHING;
INSERT INTO events (id, created_by, event_type_id, title, description, event_date, venue_id, duration_minutes, cancelled, cancellation_reason, external_event_id)
VALUES (
  '97175e59-2b10-47ac-8ef7-d276b0aafb77',
  '77d77471-1250-47e0-81ab-d4626595d63c',
  '550e8400-e29b-41d4-a716-446655440402',
  'BCFC All Stars vs Flatley FC',
  NULL,
  '2025-09-07 15:30:00',
  NULL,
  NULL,
  false,
  NULL,
  NULL
)
ON CONFLICT (id) DO UPDATE SET
  title = EXCLUDED.title,
  updated_at = EXCLUDED.updated_at;

INSERT INTO matches (id, home_team_id, away_team_id, home_away_status_id, home_team_score, away_team_score, match_status, competition_name, competition_round)
VALUES (
  '97175e59-2b10-47ac-8ef7-d276b0aafb77',
  '8b6ce6db-f6d5-4e0d-8524-ce184200c6c9',
  '3ded57de-85a3-41e5-8b3e-87ea2a84de13',
  '550e8400-e29b-41d4-a716-446655440801',
  NULL,
  NULL,
  'scheduled',
  'Boston Liga 1',
  NULL
)
ON CONFLICT (id) DO UPDATE SET
  home_team_score = EXCLUDED.home_team_score,
  away_team_score = EXCLUDED.away_team_score,
  match_status = EXCLUDED.match_status;

INSERT INTO event_participants (id, event_id, team_id, participation_status_id)
VALUES 
  ('a3de8e3b-760d-427e-8196-9b252d0a8342', '97175e59-2b10-47ac-8ef7-d276b0aafb77', '8b6ce6db-f6d5-4e0d-8524-ce184200c6c9', '550e8400-e29b-41d4-a716-446655440701'),
  ('39a132bc-1a77-421e-8649-b674e52a0d8b', '97175e59-2b10-47ac-8ef7-d276b0aafb77', '3ded57de-85a3-41e5-8b3e-87ea2a84de13', '550e8400-e29b-41d4-a716-446655440701')
ON CONFLICT (id) DO NOTHING;
INSERT INTO events (id, created_by, event_type_id, title, description, event_date, venue_id, duration_minutes, cancelled, cancellation_reason, external_event_id)
VALUES (
  '0aaa8905-7f99-4ea2-8829-c4991fcb539f',
  '77d77471-1250-47e0-81ab-d4626595d63c',
  '550e8400-e29b-41d4-a716-446655440402',
  'Strictly Nos Fc vs Jaguars United FC',
  NULL,
  '2025-09-07 17:30:00',
  NULL,
  NULL,
  false,
  NULL,
  NULL
)
ON CONFLICT (id) DO UPDATE SET
  title = EXCLUDED.title,
  updated_at = EXCLUDED.updated_at;

INSERT INTO matches (id, home_team_id, away_team_id, home_away_status_id, home_team_score, away_team_score, match_status, competition_name, competition_round)
VALUES (
  '0aaa8905-7f99-4ea2-8829-c4991fcb539f',
  '16b6860e-6657-4bc8-87a5-9b35d0bcb2a7',
  '9795925d-4af7-449a-86fd-e27cdfe9eced',
  '550e8400-e29b-41d4-a716-446655440801',
  NULL,
  NULL,
  'scheduled',
  'Boston Liga 1',
  NULL
)
ON CONFLICT (id) DO UPDATE SET
  home_team_score = EXCLUDED.home_team_score,
  away_team_score = EXCLUDED.away_team_score,
  match_status = EXCLUDED.match_status;

INSERT INTO event_participants (id, event_id, team_id, participation_status_id)
VALUES 
  ('158970ef-7ef0-430f-a623-b6c13a573c25', '0aaa8905-7f99-4ea2-8829-c4991fcb539f', '16b6860e-6657-4bc8-87a5-9b35d0bcb2a7', '550e8400-e29b-41d4-a716-446655440701'),
  ('ba91e762-c811-4518-9f0c-e10edce20ff5', '0aaa8905-7f99-4ea2-8829-c4991fcb539f', '9795925d-4af7-449a-86fd-e27cdfe9eced', '550e8400-e29b-41d4-a716-446655440701')
ON CONFLICT (id) DO NOTHING;
INSERT INTO events (id, created_by, event_type_id, title, description, event_date, venue_id, duration_minutes, cancelled, cancellation_reason, external_event_id)
VALUES (
  'b44929d2-3a68-4879-8639-6546d1c9f548',
  '77d77471-1250-47e0-81ab-d4626595d63c',
  '550e8400-e29b-41d4-a716-446655440402',
  'Gambeta FC vs South Shore FC',
  NULL,
  '2025-09-07 21:30:00',
  NULL,
  NULL,
  false,
  NULL,
  NULL
)
ON CONFLICT (id) DO UPDATE SET
  title = EXCLUDED.title,
  updated_at = EXCLUDED.updated_at;

INSERT INTO matches (id, home_team_id, away_team_id, home_away_status_id, home_team_score, away_team_score, match_status, competition_name, competition_round)
VALUES (
  'b44929d2-3a68-4879-8639-6546d1c9f548',
  '2bf2f14b-8e84-44ec-825c-bc6031d385de',
  '895ff6df-959f-4a46-80c9-fbef6eed5b78',
  '550e8400-e29b-41d4-a716-446655440801',
  NULL,
  NULL,
  'scheduled',
  'Boston Liga 1',
  NULL
)
ON CONFLICT (id) DO UPDATE SET
  home_team_score = EXCLUDED.home_team_score,
  away_team_score = EXCLUDED.away_team_score,
  match_status = EXCLUDED.match_status;

INSERT INTO event_participants (id, event_id, team_id, participation_status_id)
VALUES 
  ('f83ab337-f820-4645-b597-90b0d1afd3f3', 'b44929d2-3a68-4879-8639-6546d1c9f548', '2bf2f14b-8e84-44ec-825c-bc6031d385de', '550e8400-e29b-41d4-a716-446655440701'),
  ('00c5ebd4-67e6-4b3b-ae68-1c9237f714e2', 'b44929d2-3a68-4879-8639-6546d1c9f548', '895ff6df-959f-4a46-80c9-fbef6eed5b78', '550e8400-e29b-41d4-a716-446655440701')
ON CONFLICT (id) DO NOTHING;
INSERT INTO events (id, created_by, event_type_id, title, description, event_date, venue_id, duration_minutes, cancelled, cancellation_reason, external_event_id)
VALUES (
  'ce0a90b2-65d2-4ce1-8109-77dfc72d6b7e',
  '77d77471-1250-47e0-81ab-d4626595d63c',
  '550e8400-e29b-41d4-a716-446655440402',
  'BCFC All Stars vs Jaguars United FC',
  NULL,
  '2025-09-13 17:00:00',
  NULL,
  NULL,
  false,
  NULL,
  NULL
)
ON CONFLICT (id) DO UPDATE SET
  title = EXCLUDED.title,
  updated_at = EXCLUDED.updated_at;

INSERT INTO matches (id, home_team_id, away_team_id, home_away_status_id, home_team_score, away_team_score, match_status, competition_name, competition_round)
VALUES (
  'ce0a90b2-65d2-4ce1-8109-77dfc72d6b7e',
  '8b6ce6db-f6d5-4e0d-8524-ce184200c6c9',
  '9795925d-4af7-449a-86fd-e27cdfe9eced',
  '550e8400-e29b-41d4-a716-446655440801',
  NULL,
  NULL,
  'scheduled',
  'Boston Liga 1',
  NULL
)
ON CONFLICT (id) DO UPDATE SET
  home_team_score = EXCLUDED.home_team_score,
  away_team_score = EXCLUDED.away_team_score,
  match_status = EXCLUDED.match_status;

INSERT INTO event_participants (id, event_id, team_id, participation_status_id)
VALUES 
  ('3b93597e-76e9-4dcf-941c-efd0cdecbb7f', 'ce0a90b2-65d2-4ce1-8109-77dfc72d6b7e', '8b6ce6db-f6d5-4e0d-8524-ce184200c6c9', '550e8400-e29b-41d4-a716-446655440701'),
  ('0285ece1-54f9-44e4-a867-fac8cd36737d', 'ce0a90b2-65d2-4ce1-8109-77dfc72d6b7e', '9795925d-4af7-449a-86fd-e27cdfe9eced', '550e8400-e29b-41d4-a716-446655440701')
ON CONFLICT (id) DO NOTHING;
INSERT INTO events (id, created_by, event_type_id, title, description, event_date, venue_id, duration_minutes, cancelled, cancellation_reason, external_event_id)
VALUES (
  '28f04c53-c630-49d1-8af2-f3cde837a516',
  '77d77471-1250-47e0-81ab-d4626595d63c',
  '550e8400-e29b-41d4-a716-446655440402',
  'Flatley FC vs Strictly Nos Fc',
  NULL,
  '2025-09-21 16:15:00',
  NULL,
  NULL,
  false,
  NULL,
  NULL
)
ON CONFLICT (id) DO UPDATE SET
  title = EXCLUDED.title,
  updated_at = EXCLUDED.updated_at;

INSERT INTO matches (id, home_team_id, away_team_id, home_away_status_id, home_team_score, away_team_score, match_status, competition_name, competition_round)
VALUES (
  '28f04c53-c630-49d1-8af2-f3cde837a516',
  '3ded57de-85a3-41e5-8b3e-87ea2a84de13',
  '16b6860e-6657-4bc8-87a5-9b35d0bcb2a7',
  '550e8400-e29b-41d4-a716-446655440801',
  NULL,
  NULL,
  'scheduled',
  'Boston Liga 1',
  NULL
)
ON CONFLICT (id) DO UPDATE SET
  home_team_score = EXCLUDED.home_team_score,
  away_team_score = EXCLUDED.away_team_score,
  match_status = EXCLUDED.match_status;

INSERT INTO event_participants (id, event_id, team_id, participation_status_id)
VALUES 
  ('5e3c37c4-f1ea-41d8-a603-a5063972a2df', '28f04c53-c630-49d1-8af2-f3cde837a516', '3ded57de-85a3-41e5-8b3e-87ea2a84de13', '550e8400-e29b-41d4-a716-446655440701'),
  ('4bd38ae2-c316-4c6a-9149-71cd1650db70', '28f04c53-c630-49d1-8af2-f3cde837a516', '16b6860e-6657-4bc8-87a5-9b35d0bcb2a7', '550e8400-e29b-41d4-a716-446655440701')
ON CONFLICT (id) DO NOTHING;
INSERT INTO events (id, created_by, event_type_id, title, description, event_date, venue_id, duration_minutes, cancelled, cancellation_reason, external_event_id)
VALUES (
  '58b9196a-7093-49e8-82f1-6bd71921cc22',
  '77d77471-1250-47e0-81ab-d4626595d63c',
  '550e8400-e29b-41d4-a716-446655440402',
  'Gambeta FC vs BCFC All Stars',
  NULL,
  '2025-09-21 18:30:00',
  NULL,
  NULL,
  false,
  NULL,
  NULL
)
ON CONFLICT (id) DO UPDATE SET
  title = EXCLUDED.title,
  updated_at = EXCLUDED.updated_at;

INSERT INTO matches (id, home_team_id, away_team_id, home_away_status_id, home_team_score, away_team_score, match_status, competition_name, competition_round)
VALUES (
  '58b9196a-7093-49e8-82f1-6bd71921cc22',
  '2bf2f14b-8e84-44ec-825c-bc6031d385de',
  '8b6ce6db-f6d5-4e0d-8524-ce184200c6c9',
  '550e8400-e29b-41d4-a716-446655440801',
  NULL,
  NULL,
  'scheduled',
  'Boston Liga 1',
  NULL
)
ON CONFLICT (id) DO UPDATE SET
  home_team_score = EXCLUDED.home_team_score,
  away_team_score = EXCLUDED.away_team_score,
  match_status = EXCLUDED.match_status;

INSERT INTO event_participants (id, event_id, team_id, participation_status_id)
VALUES 
  ('cbcb81fe-d0b1-4d32-a7f2-269cc0d236e9', '58b9196a-7093-49e8-82f1-6bd71921cc22', '2bf2f14b-8e84-44ec-825c-bc6031d385de', '550e8400-e29b-41d4-a716-446655440701'),
  ('e4286062-cd88-4f8c-8fab-d289334761d5', '58b9196a-7093-49e8-82f1-6bd71921cc22', '8b6ce6db-f6d5-4e0d-8524-ce184200c6c9', '550e8400-e29b-41d4-a716-446655440701')
ON CONFLICT (id) DO NOTHING;
INSERT INTO events (id, created_by, event_type_id, title, description, event_date, venue_id, duration_minutes, cancelled, cancellation_reason, external_event_id)
VALUES (
  '6bacf64d-c627-48f1-8956-2f9f5476e047',
  '77d77471-1250-47e0-81ab-d4626595d63c',
  '550e8400-e29b-41d4-a716-446655440402',
  'Jaguars United FC vs South Shore FC',
  NULL,
  '2025-09-21 22:00:00',
  NULL,
  NULL,
  false,
  NULL,
  NULL
)
ON CONFLICT (id) DO UPDATE SET
  title = EXCLUDED.title,
  updated_at = EXCLUDED.updated_at;

INSERT INTO matches (id, home_team_id, away_team_id, home_away_status_id, home_team_score, away_team_score, match_status, competition_name, competition_round)
VALUES (
  '6bacf64d-c627-48f1-8956-2f9f5476e047',
  '9795925d-4af7-449a-86fd-e27cdfe9eced',
  '895ff6df-959f-4a46-80c9-fbef6eed5b78',
  '550e8400-e29b-41d4-a716-446655440801',
  NULL,
  NULL,
  'scheduled',
  'Boston Liga 1',
  NULL
)
ON CONFLICT (id) DO UPDATE SET
  home_team_score = EXCLUDED.home_team_score,
  away_team_score = EXCLUDED.away_team_score,
  match_status = EXCLUDED.match_status;

INSERT INTO event_participants (id, event_id, team_id, participation_status_id)
VALUES 
  ('08df52ff-1c2b-402b-b46e-289f2bf32c80', '6bacf64d-c627-48f1-8956-2f9f5476e047', '9795925d-4af7-449a-86fd-e27cdfe9eced', '550e8400-e29b-41d4-a716-446655440701'),
  ('0af5c48d-b1d6-44e6-86a0-af19a3823415', '6bacf64d-c627-48f1-8956-2f9f5476e047', '895ff6df-959f-4a46-80c9-fbef6eed5b78', '550e8400-e29b-41d4-a716-446655440701')
ON CONFLICT (id) DO NOTHING;
INSERT INTO events (id, created_by, event_type_id, title, description, event_date, venue_id, duration_minutes, cancelled, cancellation_reason, external_event_id)
VALUES (
  '53389dfc-19cd-4eca-811c-61e5f1dff3d0',
  '77d77471-1250-47e0-81ab-d4626595d63c',
  '550e8400-e29b-41d4-a716-446655440402',
  'Strictly Nos Fc vs Gambeta FC',
  NULL,
  '2025-09-27 20:45:00',
  NULL,
  NULL,
  false,
  NULL,
  NULL
)
ON CONFLICT (id) DO UPDATE SET
  title = EXCLUDED.title,
  updated_at = EXCLUDED.updated_at;

INSERT INTO matches (id, home_team_id, away_team_id, home_away_status_id, home_team_score, away_team_score, match_status, competition_name, competition_round)
VALUES (
  '53389dfc-19cd-4eca-811c-61e5f1dff3d0',
  '16b6860e-6657-4bc8-87a5-9b35d0bcb2a7',
  '2bf2f14b-8e84-44ec-825c-bc6031d385de',
  '550e8400-e29b-41d4-a716-446655440801',
  NULL,
  NULL,
  'scheduled',
  'Boston Liga 1',
  NULL
)
ON CONFLICT (id) DO UPDATE SET
  home_team_score = EXCLUDED.home_team_score,
  away_team_score = EXCLUDED.away_team_score,
  match_status = EXCLUDED.match_status;

INSERT INTO event_participants (id, event_id, team_id, participation_status_id)
VALUES 
  ('11c1b93e-b898-4d76-b269-dc9ede07d1fb', '53389dfc-19cd-4eca-811c-61e5f1dff3d0', '16b6860e-6657-4bc8-87a5-9b35d0bcb2a7', '550e8400-e29b-41d4-a716-446655440701'),
  ('ee25f928-1ab9-43db-ae41-0194c2fb6f03', '53389dfc-19cd-4eca-811c-61e5f1dff3d0', '2bf2f14b-8e84-44ec-825c-bc6031d385de', '550e8400-e29b-41d4-a716-446655440701')
ON CONFLICT (id) DO NOTHING;
INSERT INTO events (id, created_by, event_type_id, title, description, event_date, venue_id, duration_minutes, cancelled, cancellation_reason, external_event_id)
VALUES (
  'b9402498-7473-457a-8010-50103bb7dc44',
  '77d77471-1250-47e0-81ab-d4626595d63c',
  '550e8400-e29b-41d4-a716-446655440402',
  'South Shore FC vs BCFC All Stars',
  NULL,
  '2025-09-28 18:00:00',
  NULL,
  NULL,
  false,
  NULL,
  NULL
)
ON CONFLICT (id) DO UPDATE SET
  title = EXCLUDED.title,
  updated_at = EXCLUDED.updated_at;

INSERT INTO matches (id, home_team_id, away_team_id, home_away_status_id, home_team_score, away_team_score, match_status, competition_name, competition_round)
VALUES (
  'b9402498-7473-457a-8010-50103bb7dc44',
  '895ff6df-959f-4a46-80c9-fbef6eed5b78',
  '8b6ce6db-f6d5-4e0d-8524-ce184200c6c9',
  '550e8400-e29b-41d4-a716-446655440801',
  NULL,
  NULL,
  'scheduled',
  'Boston Liga 1',
  NULL
)
ON CONFLICT (id) DO UPDATE SET
  home_team_score = EXCLUDED.home_team_score,
  away_team_score = EXCLUDED.away_team_score,
  match_status = EXCLUDED.match_status;

INSERT INTO event_participants (id, event_id, team_id, participation_status_id)
VALUES 
  ('0552345b-b590-4957-856a-ff178e28d5f9', 'b9402498-7473-457a-8010-50103bb7dc44', '895ff6df-959f-4a46-80c9-fbef6eed5b78', '550e8400-e29b-41d4-a716-446655440701'),
  ('da398434-892a-442a-99e9-79088ef78779', 'b9402498-7473-457a-8010-50103bb7dc44', '8b6ce6db-f6d5-4e0d-8524-ce184200c6c9', '550e8400-e29b-41d4-a716-446655440701')
ON CONFLICT (id) DO NOTHING;
INSERT INTO events (id, created_by, event_type_id, title, description, event_date, venue_id, duration_minutes, cancelled, cancellation_reason, external_event_id)
VALUES (
  '7807d12f-bcfc-4391-80b5-8588cee543fb',
  '77d77471-1250-47e0-81ab-d4626595d63c',
  '550e8400-e29b-41d4-a716-446655440402',
  'Flatley FC vs Jaguars United FC',
  NULL,
  '2025-09-28 23:30:00',
  NULL,
  NULL,
  false,
  NULL,
  NULL
)
ON CONFLICT (id) DO UPDATE SET
  title = EXCLUDED.title,
  updated_at = EXCLUDED.updated_at;

INSERT INTO matches (id, home_team_id, away_team_id, home_away_status_id, home_team_score, away_team_score, match_status, competition_name, competition_round)
VALUES (
  '7807d12f-bcfc-4391-80b5-8588cee543fb',
  '3ded57de-85a3-41e5-8b3e-87ea2a84de13',
  '9795925d-4af7-449a-86fd-e27cdfe9eced',
  '550e8400-e29b-41d4-a716-446655440801',
  NULL,
  NULL,
  'scheduled',
  'Boston Liga 1',
  NULL
)
ON CONFLICT (id) DO UPDATE SET
  home_team_score = EXCLUDED.home_team_score,
  away_team_score = EXCLUDED.away_team_score,
  match_status = EXCLUDED.match_status;

INSERT INTO event_participants (id, event_id, team_id, participation_status_id)
VALUES 
  ('7bfda354-c578-461f-a4cb-91d4632d4540', '7807d12f-bcfc-4391-80b5-8588cee543fb', '3ded57de-85a3-41e5-8b3e-87ea2a84de13', '550e8400-e29b-41d4-a716-446655440701'),
  ('200a1aa0-162a-4be9-bb24-30786c67bcc1', '7807d12f-bcfc-4391-80b5-8588cee543fb', '9795925d-4af7-449a-86fd-e27cdfe9eced', '550e8400-e29b-41d4-a716-446655440701')
ON CONFLICT (id) DO NOTHING;
INSERT INTO events (id, created_by, event_type_id, title, description, event_date, venue_id, duration_minutes, cancelled, cancellation_reason, external_event_id)
VALUES (
  '345f0215-c3c6-419f-8b1f-5e6d8178af5d',
  '77d77471-1250-47e0-81ab-d4626595d63c',
  '550e8400-e29b-41d4-a716-446655440402',
  'F&M FC vs Lancaster City FC',
  NULL,
  '2025-11-09 18:00:00',
  NULL,
  NULL,
  false,
  NULL,
  NULL
)
ON CONFLICT (id) DO UPDATE SET
  title = EXCLUDED.title,
  updated_at = EXCLUDED.updated_at;

INSERT INTO matches (id, home_team_id, away_team_id, home_away_status_id, home_team_score, away_team_score, match_status, competition_name, competition_round)
VALUES (
  '345f0215-c3c6-419f-8b1f-5e6d8178af5d',
  '1b742914-50d5-4105-81b9-f980ec0fb53e',
  '525d469e-dbdf-475c-8bb3-ecddc849cfe0',
  '550e8400-e29b-41d4-a716-446655440801',
  NULL,
  NULL,
  'scheduled',
  'Lancaster Liga 1',
  NULL
)
ON CONFLICT (id) DO UPDATE SET
  home_team_score = EXCLUDED.home_team_score,
  away_team_score = EXCLUDED.away_team_score,
  match_status = EXCLUDED.match_status;

INSERT INTO event_participants (id, event_id, team_id, participation_status_id)
VALUES 
  ('25fb66df-4509-4987-99b6-53510dd9cce0', '345f0215-c3c6-419f-8b1f-5e6d8178af5d', '1b742914-50d5-4105-81b9-f980ec0fb53e', '550e8400-e29b-41d4-a716-446655440701'),
  ('cc7bf415-528a-44b5-aaa7-69201df2fa8e', '345f0215-c3c6-419f-8b1f-5e6d8178af5d', '525d469e-dbdf-475c-8bb3-ecddc849cfe0', '550e8400-e29b-41d4-a716-446655440701')
ON CONFLICT (id) DO NOTHING;
INSERT INTO events (id, created_by, event_type_id, title, description, event_date, venue_id, duration_minutes, cancelled, cancellation_reason, external_event_id)
VALUES (
  '536c950d-5e71-4511-8e29-39f40af7c7cc',
  '77d77471-1250-47e0-81ab-d4626595d63c',
  '550e8400-e29b-41d4-a716-446655440402',
  'Kutztown Men''s Soccer vs Keystone Elite',
  NULL,
  '2025-11-09 17:00:00',
  NULL,
  NULL,
  false,
  NULL,
  NULL
)
ON CONFLICT (id) DO UPDATE SET
  title = EXCLUDED.title,
  updated_at = EXCLUDED.updated_at;

INSERT INTO matches (id, home_team_id, away_team_id, home_away_status_id, home_team_score, away_team_score, match_status, competition_name, competition_round)
VALUES (
  '536c950d-5e71-4511-8e29-39f40af7c7cc',
  '5541a60c-6517-4e66-8c25-a513298fd487',
  '9dbe9c4a-6108-44fc-898d-33defc0155da',
  '550e8400-e29b-41d4-a716-446655440801',
  NULL,
  NULL,
  'scheduled',
  'Lancaster Liga 1',
  NULL
)
ON CONFLICT (id) DO UPDATE SET
  home_team_score = EXCLUDED.home_team_score,
  away_team_score = EXCLUDED.away_team_score,
  match_status = EXCLUDED.match_status;

INSERT INTO event_participants (id, event_id, team_id, participation_status_id)
VALUES 
  ('89fba7dd-4851-4b97-a794-612f3c6ee594', '536c950d-5e71-4511-8e29-39f40af7c7cc', '5541a60c-6517-4e66-8c25-a513298fd487', '550e8400-e29b-41d4-a716-446655440701'),
  ('00320b8d-2b24-4f0e-8ac7-efb6b9742738', '536c950d-5e71-4511-8e29-39f40af7c7cc', '9dbe9c4a-6108-44fc-898d-33defc0155da', '550e8400-e29b-41d4-a716-446655440701')
ON CONFLICT (id) DO NOTHING;
INSERT INTO events (id, created_by, event_type_id, title, description, event_date, venue_id, duration_minutes, cancelled, cancellation_reason, external_event_id)
VALUES (
  '2752740a-b05a-4c4e-8137-1c7d0a03b5ea',
  '77d77471-1250-47e0-81ab-d4626595d63c',
  '550e8400-e29b-41d4-a716-446655440402',
  'Alloy Soccer Club Reserves vs Kutztown Men''s Soccer',
  NULL,
  '2025-11-02 23:00:00',
  NULL,
  NULL,
  false,
  NULL,
  NULL
)
ON CONFLICT (id) DO UPDATE SET
  title = EXCLUDED.title,
  updated_at = EXCLUDED.updated_at;

INSERT INTO matches (id, home_team_id, away_team_id, home_away_status_id, home_team_score, away_team_score, match_status, competition_name, competition_round)
VALUES (
  '2752740a-b05a-4c4e-8137-1c7d0a03b5ea',
  'c3bfdfa9-ce51-4af4-8c64-778323eff661',
  '5541a60c-6517-4e66-8c25-a513298fd487',
  '550e8400-e29b-41d4-a716-446655440801',
  NULL,
  NULL,
  'scheduled',
  'Lancaster Liga 1',
  NULL
)
ON CONFLICT (id) DO UPDATE SET
  home_team_score = EXCLUDED.home_team_score,
  away_team_score = EXCLUDED.away_team_score,
  match_status = EXCLUDED.match_status;

INSERT INTO event_participants (id, event_id, team_id, participation_status_id)
VALUES 
  ('1dcedd36-c0cc-4b3d-be2d-9151b6881bc2', '2752740a-b05a-4c4e-8137-1c7d0a03b5ea', 'c3bfdfa9-ce51-4af4-8c64-778323eff661', '550e8400-e29b-41d4-a716-446655440701'),
  ('a7c4a4ee-2163-4d52-8ceb-babbbc0010fb', '2752740a-b05a-4c4e-8137-1c7d0a03b5ea', '5541a60c-6517-4e66-8c25-a513298fd487', '550e8400-e29b-41d4-a716-446655440701')
ON CONFLICT (id) DO NOTHING;
INSERT INTO events (id, created_by, event_type_id, title, description, event_date, venue_id, duration_minutes, cancelled, cancellation_reason, external_event_id)
VALUES (
  '121331ca-679b-4406-84f7-95ef8f4669d8',
  '77d77471-1250-47e0-81ab-d4626595d63c',
  '550e8400-e29b-41d4-a716-446655440402',
  'Keystone Elite vs F&M FC',
  NULL,
  '2025-11-02 20:00:00',
  NULL,
  NULL,
  false,
  NULL,
  NULL
)
ON CONFLICT (id) DO UPDATE SET
  title = EXCLUDED.title,
  updated_at = EXCLUDED.updated_at;

INSERT INTO matches (id, home_team_id, away_team_id, home_away_status_id, home_team_score, away_team_score, match_status, competition_name, competition_round)
VALUES (
  '121331ca-679b-4406-84f7-95ef8f4669d8',
  '9dbe9c4a-6108-44fc-898d-33defc0155da',
  '1b742914-50d5-4105-81b9-f980ec0fb53e',
  '550e8400-e29b-41d4-a716-446655440801',
  NULL,
  NULL,
  'scheduled',
  'Lancaster Liga 1',
  NULL
)
ON CONFLICT (id) DO UPDATE SET
  home_team_score = EXCLUDED.home_team_score,
  away_team_score = EXCLUDED.away_team_score,
  match_status = EXCLUDED.match_status;

INSERT INTO event_participants (id, event_id, team_id, participation_status_id)
VALUES 
  ('d6cee5d8-47aa-4a87-b522-f6ea1258feef', '121331ca-679b-4406-84f7-95ef8f4669d8', '9dbe9c4a-6108-44fc-898d-33defc0155da', '550e8400-e29b-41d4-a716-446655440701'),
  ('dfb60062-10b7-4e93-b6c1-472992b58d38', '121331ca-679b-4406-84f7-95ef8f4669d8', '1b742914-50d5-4105-81b9-f980ec0fb53e', '550e8400-e29b-41d4-a716-446655440701')
ON CONFLICT (id) DO NOTHING;
INSERT INTO events (id, created_by, event_type_id, title, description, event_date, venue_id, duration_minutes, cancelled, cancellation_reason, external_event_id)
VALUES (
  '04b6bf56-3721-4e88-81e1-1a9889d75a08',
  '77d77471-1250-47e0-81ab-d4626595d63c',
  '550e8400-e29b-41d4-a716-446655440402',
  'Keystone Elite vs Alloy Soccer Club Reserves',
  NULL,
  '2025-10-26 19:00:00',
  NULL,
  NULL,
  false,
  NULL,
  NULL
)
ON CONFLICT (id) DO UPDATE SET
  title = EXCLUDED.title,
  updated_at = EXCLUDED.updated_at;

INSERT INTO matches (id, home_team_id, away_team_id, home_away_status_id, home_team_score, away_team_score, match_status, competition_name, competition_round)
VALUES (
  '04b6bf56-3721-4e88-81e1-1a9889d75a08',
  '9dbe9c4a-6108-44fc-898d-33defc0155da',
  'c3bfdfa9-ce51-4af4-8c64-778323eff661',
  '550e8400-e29b-41d4-a716-446655440801',
  NULL,
  NULL,
  'scheduled',
  'Lancaster Liga 1',
  NULL
)
ON CONFLICT (id) DO UPDATE SET
  home_team_score = EXCLUDED.home_team_score,
  away_team_score = EXCLUDED.away_team_score,
  match_status = EXCLUDED.match_status;

INSERT INTO event_participants (id, event_id, team_id, participation_status_id)
VALUES 
  ('5caa8c7b-55d0-4df7-99bf-aea9cc720db1', '04b6bf56-3721-4e88-81e1-1a9889d75a08', '9dbe9c4a-6108-44fc-898d-33defc0155da', '550e8400-e29b-41d4-a716-446655440701'),
  ('bfb612fb-db36-420d-8924-f4a37e6287de', '04b6bf56-3721-4e88-81e1-1a9889d75a08', 'c3bfdfa9-ce51-4af4-8c64-778323eff661', '550e8400-e29b-41d4-a716-446655440701')
ON CONFLICT (id) DO NOTHING;
INSERT INTO events (id, created_by, event_type_id, title, description, event_date, venue_id, duration_minutes, cancelled, cancellation_reason, external_event_id)
VALUES (
  '6b61f8ad-b3fe-49b8-8fd5-3f87cf720205',
  '77d77471-1250-47e0-81ab-d4626595d63c',
  '550e8400-e29b-41d4-a716-446655440402',
  'Kutztown Men''s Soccer vs Lancaster City FC',
  NULL,
  '2025-10-26 17:00:00',
  NULL,
  NULL,
  false,
  NULL,
  NULL
)
ON CONFLICT (id) DO UPDATE SET
  title = EXCLUDED.title,
  updated_at = EXCLUDED.updated_at;

INSERT INTO matches (id, home_team_id, away_team_id, home_away_status_id, home_team_score, away_team_score, match_status, competition_name, competition_round)
VALUES (
  '6b61f8ad-b3fe-49b8-8fd5-3f87cf720205',
  '5541a60c-6517-4e66-8c25-a513298fd487',
  '525d469e-dbdf-475c-8bb3-ecddc849cfe0',
  '550e8400-e29b-41d4-a716-446655440801',
  NULL,
  NULL,
  'scheduled',
  'Lancaster Liga 1',
  NULL
)
ON CONFLICT (id) DO UPDATE SET
  home_team_score = EXCLUDED.home_team_score,
  away_team_score = EXCLUDED.away_team_score,
  match_status = EXCLUDED.match_status;

INSERT INTO event_participants (id, event_id, team_id, participation_status_id)
VALUES 
  ('76365df2-6041-4525-8639-bfedc5be5b71', '6b61f8ad-b3fe-49b8-8fd5-3f87cf720205', '5541a60c-6517-4e66-8c25-a513298fd487', '550e8400-e29b-41d4-a716-446655440701'),
  ('b4da6206-5e50-4e40-b935-4e633d54d1c0', '6b61f8ad-b3fe-49b8-8fd5-3f87cf720205', '525d469e-dbdf-475c-8bb3-ecddc849cfe0', '550e8400-e29b-41d4-a716-446655440701')
ON CONFLICT (id) DO NOTHING;
INSERT INTO events (id, created_by, event_type_id, title, description, event_date, venue_id, duration_minutes, cancelled, cancellation_reason, external_event_id)
VALUES (
  'ccdb6d59-c7bb-436d-801c-346952a049df',
  '77d77471-1250-47e0-81ab-d4626595d63c',
  '550e8400-e29b-41d4-a716-446655440402',
  'Lancaster City FC vs Alloy Soccer Club Reserves',
  NULL,
  '2025-10-19 20:00:00',
  NULL,
  NULL,
  false,
  NULL,
  NULL
)
ON CONFLICT (id) DO UPDATE SET
  title = EXCLUDED.title,
  updated_at = EXCLUDED.updated_at;

INSERT INTO matches (id, home_team_id, away_team_id, home_away_status_id, home_team_score, away_team_score, match_status, competition_name, competition_round)
VALUES (
  'ccdb6d59-c7bb-436d-801c-346952a049df',
  '525d469e-dbdf-475c-8bb3-ecddc849cfe0',
  'c3bfdfa9-ce51-4af4-8c64-778323eff661',
  '550e8400-e29b-41d4-a716-446655440801',
  NULL,
  NULL,
  'scheduled',
  'Lancaster Liga 1',
  NULL
)
ON CONFLICT (id) DO UPDATE SET
  home_team_score = EXCLUDED.home_team_score,
  away_team_score = EXCLUDED.away_team_score,
  match_status = EXCLUDED.match_status;

INSERT INTO event_participants (id, event_id, team_id, participation_status_id)
VALUES 
  ('1e1acc17-c2ed-4319-b3fd-6591afb7d38b', 'ccdb6d59-c7bb-436d-801c-346952a049df', '525d469e-dbdf-475c-8bb3-ecddc849cfe0', '550e8400-e29b-41d4-a716-446655440701'),
  ('fa204962-5928-4b88-9404-e342c5169ee6', 'ccdb6d59-c7bb-436d-801c-346952a049df', 'c3bfdfa9-ce51-4af4-8c64-778323eff661', '550e8400-e29b-41d4-a716-446655440701')
ON CONFLICT (id) DO NOTHING;
INSERT INTO events (id, created_by, event_type_id, title, description, event_date, venue_id, duration_minutes, cancelled, cancellation_reason, external_event_id)
VALUES (
  'd0398281-b2c4-488f-8cf2-9b1a5e52d373',
  '77d77471-1250-47e0-81ab-d4626595d63c',
  '550e8400-e29b-41d4-a716-446655440402',
  'Kutztown Men''s Soccer vs F&M FC',
  NULL,
  '2025-10-19 20:00:00',
  NULL,
  NULL,
  false,
  NULL,
  NULL
)
ON CONFLICT (id) DO UPDATE SET
  title = EXCLUDED.title,
  updated_at = EXCLUDED.updated_at;

INSERT INTO matches (id, home_team_id, away_team_id, home_away_status_id, home_team_score, away_team_score, match_status, competition_name, competition_round)
VALUES (
  'd0398281-b2c4-488f-8cf2-9b1a5e52d373',
  '5541a60c-6517-4e66-8c25-a513298fd487',
  '1b742914-50d5-4105-81b9-f980ec0fb53e',
  '550e8400-e29b-41d4-a716-446655440801',
  NULL,
  NULL,
  'scheduled',
  'Lancaster Liga 1',
  NULL
)
ON CONFLICT (id) DO UPDATE SET
  home_team_score = EXCLUDED.home_team_score,
  away_team_score = EXCLUDED.away_team_score,
  match_status = EXCLUDED.match_status;

INSERT INTO event_participants (id, event_id, team_id, participation_status_id)
VALUES 
  ('6de96c45-6508-4abe-814d-351417561b11', 'd0398281-b2c4-488f-8cf2-9b1a5e52d373', '5541a60c-6517-4e66-8c25-a513298fd487', '550e8400-e29b-41d4-a716-446655440701'),
  ('5c5f2856-ed9b-471f-bd68-7050bd929472', 'd0398281-b2c4-488f-8cf2-9b1a5e52d373', '1b742914-50d5-4105-81b9-f980ec0fb53e', '550e8400-e29b-41d4-a716-446655440701')
ON CONFLICT (id) DO NOTHING;
INSERT INTO events (id, created_by, event_type_id, title, description, event_date, venue_id, duration_minutes, cancelled, cancellation_reason, external_event_id)
VALUES (
  '3166f851-6d5d-4d21-8b24-b4a114a0d7d6',
  '77d77471-1250-47e0-81ab-d4626595d63c',
  '550e8400-e29b-41d4-a716-446655440402',
  'Alloy Soccer Club Reserves vs F&M FC',
  NULL,
  '2025-10-15 23:00:00',
  NULL,
  NULL,
  false,
  NULL,
  NULL
)
ON CONFLICT (id) DO UPDATE SET
  title = EXCLUDED.title,
  updated_at = EXCLUDED.updated_at;

INSERT INTO matches (id, home_team_id, away_team_id, home_away_status_id, home_team_score, away_team_score, match_status, competition_name, competition_round)
VALUES (
  '3166f851-6d5d-4d21-8b24-b4a114a0d7d6',
  'c3bfdfa9-ce51-4af4-8c64-778323eff661',
  '1b742914-50d5-4105-81b9-f980ec0fb53e',
  '550e8400-e29b-41d4-a716-446655440801',
  NULL,
  NULL,
  'scheduled',
  'Lancaster Liga 1',
  NULL
)
ON CONFLICT (id) DO UPDATE SET
  home_team_score = EXCLUDED.home_team_score,
  away_team_score = EXCLUDED.away_team_score,
  match_status = EXCLUDED.match_status;

INSERT INTO event_participants (id, event_id, team_id, participation_status_id)
VALUES 
  ('7ea6da3c-ba0e-40a3-9be1-0650c20d64d0', '3166f851-6d5d-4d21-8b24-b4a114a0d7d6', 'c3bfdfa9-ce51-4af4-8c64-778323eff661', '550e8400-e29b-41d4-a716-446655440701'),
  ('bf3dce7f-e777-448c-a3ec-2083e9162851', '3166f851-6d5d-4d21-8b24-b4a114a0d7d6', '1b742914-50d5-4105-81b9-f980ec0fb53e', '550e8400-e29b-41d4-a716-446655440701')
ON CONFLICT (id) DO NOTHING;
INSERT INTO events (id, created_by, event_type_id, title, description, event_date, venue_id, duration_minutes, cancelled, cancellation_reason, external_event_id)
VALUES (
  '7d035123-7c88-4349-80a5-fdca105d0c22',
  '77d77471-1250-47e0-81ab-d4626595d63c',
  '550e8400-e29b-41d4-a716-446655440402',
  'Keystone Elite vs Lancaster City FC',
  NULL,
  '2025-10-12 19:00:00',
  NULL,
  NULL,
  false,
  NULL,
  NULL
)
ON CONFLICT (id) DO UPDATE SET
  title = EXCLUDED.title,
  updated_at = EXCLUDED.updated_at;

INSERT INTO matches (id, home_team_id, away_team_id, home_away_status_id, home_team_score, away_team_score, match_status, competition_name, competition_round)
VALUES (
  '7d035123-7c88-4349-80a5-fdca105d0c22',
  '9dbe9c4a-6108-44fc-898d-33defc0155da',
  '525d469e-dbdf-475c-8bb3-ecddc849cfe0',
  '550e8400-e29b-41d4-a716-446655440801',
  NULL,
  NULL,
  'scheduled',
  'Lancaster Liga 1',
  NULL
)
ON CONFLICT (id) DO UPDATE SET
  home_team_score = EXCLUDED.home_team_score,
  away_team_score = EXCLUDED.away_team_score,
  match_status = EXCLUDED.match_status;

INSERT INTO event_participants (id, event_id, team_id, participation_status_id)
VALUES 
  ('f6e34398-8cc7-4d55-8a1f-7439e7aa963c', '7d035123-7c88-4349-80a5-fdca105d0c22', '9dbe9c4a-6108-44fc-898d-33defc0155da', '550e8400-e29b-41d4-a716-446655440701'),
  ('17d54961-42d5-41ee-b9d8-f427100fb458', '7d035123-7c88-4349-80a5-fdca105d0c22', '525d469e-dbdf-475c-8bb3-ecddc849cfe0', '550e8400-e29b-41d4-a716-446655440701')
ON CONFLICT (id) DO NOTHING;
INSERT INTO events (id, created_by, event_type_id, title, description, event_date, venue_id, duration_minutes, cancelled, cancellation_reason, external_event_id)
VALUES (
  'ff8f2f8c-4a57-4823-890a-44e19272bac4',
  '77d77471-1250-47e0-81ab-d4626595d63c',
  '550e8400-e29b-41d4-a716-446655440402',
  'Lancaster City FC vs F&M FC',
  NULL,
  '2025-09-07 15:00:00',
  NULL,
  NULL,
  false,
  NULL,
  NULL
)
ON CONFLICT (id) DO UPDATE SET
  title = EXCLUDED.title,
  updated_at = EXCLUDED.updated_at;

INSERT INTO matches (id, home_team_id, away_team_id, home_away_status_id, home_team_score, away_team_score, match_status, competition_name, competition_round)
VALUES (
  'ff8f2f8c-4a57-4823-890a-44e19272bac4',
  '525d469e-dbdf-475c-8bb3-ecddc849cfe0',
  '1b742914-50d5-4105-81b9-f980ec0fb53e',
  '550e8400-e29b-41d4-a716-446655440801',
  NULL,
  NULL,
  'scheduled',
  'Lancaster Liga 1',
  NULL
)
ON CONFLICT (id) DO UPDATE SET
  home_team_score = EXCLUDED.home_team_score,
  away_team_score = EXCLUDED.away_team_score,
  match_status = EXCLUDED.match_status;

INSERT INTO event_participants (id, event_id, team_id, participation_status_id)
VALUES 
  ('888c4a69-4a25-4e2c-92ab-b05e3785c56d', 'ff8f2f8c-4a57-4823-890a-44e19272bac4', '525d469e-dbdf-475c-8bb3-ecddc849cfe0', '550e8400-e29b-41d4-a716-446655440701'),
  ('6f799a17-1a64-4f2c-815b-3086ce1846c6', 'ff8f2f8c-4a57-4823-890a-44e19272bac4', '1b742914-50d5-4105-81b9-f980ec0fb53e', '550e8400-e29b-41d4-a716-446655440701')
ON CONFLICT (id) DO NOTHING;
INSERT INTO events (id, created_by, event_type_id, title, description, event_date, venue_id, duration_minutes, cancelled, cancellation_reason, external_event_id)
VALUES (
  '7f3c7055-8217-4efe-8b6f-c426f8e4804c',
  '77d77471-1250-47e0-81ab-d4626595d63c',
  '550e8400-e29b-41d4-a716-446655440402',
  'Keystone Elite vs Kutztown Men''s Soccer',
  NULL,
  '2025-09-07 17:00:00',
  NULL,
  NULL,
  false,
  NULL,
  NULL
)
ON CONFLICT (id) DO UPDATE SET
  title = EXCLUDED.title,
  updated_at = EXCLUDED.updated_at;

INSERT INTO matches (id, home_team_id, away_team_id, home_away_status_id, home_team_score, away_team_score, match_status, competition_name, competition_round)
VALUES (
  '7f3c7055-8217-4efe-8b6f-c426f8e4804c',
  '9dbe9c4a-6108-44fc-898d-33defc0155da',
  '5541a60c-6517-4e66-8c25-a513298fd487',
  '550e8400-e29b-41d4-a716-446655440801',
  NULL,
  NULL,
  'scheduled',
  'Lancaster Liga 1',
  NULL
)
ON CONFLICT (id) DO UPDATE SET
  home_team_score = EXCLUDED.home_team_score,
  away_team_score = EXCLUDED.away_team_score,
  match_status = EXCLUDED.match_status;

INSERT INTO event_participants (id, event_id, team_id, participation_status_id)
VALUES 
  ('94ddb6ff-291c-4516-8d55-142de9208867', '7f3c7055-8217-4efe-8b6f-c426f8e4804c', '9dbe9c4a-6108-44fc-898d-33defc0155da', '550e8400-e29b-41d4-a716-446655440701'),
  ('24a3c9df-37a8-4f38-b7ca-f197b2cc86d2', '7f3c7055-8217-4efe-8b6f-c426f8e4804c', '5541a60c-6517-4e66-8c25-a513298fd487', '550e8400-e29b-41d4-a716-446655440701')
ON CONFLICT (id) DO NOTHING;
INSERT INTO events (id, created_by, event_type_id, title, description, event_date, venue_id, duration_minutes, cancelled, cancellation_reason, external_event_id)
VALUES (
  '7dbf50e1-dc5f-45a8-895f-962cc2187b96',
  '77d77471-1250-47e0-81ab-d4626595d63c',
  '550e8400-e29b-41d4-a716-446655440402',
  'F&M FC vs Keystone Elite',
  NULL,
  '2025-09-14 17:00:00',
  NULL,
  NULL,
  false,
  NULL,
  NULL
)
ON CONFLICT (id) DO UPDATE SET
  title = EXCLUDED.title,
  updated_at = EXCLUDED.updated_at;

INSERT INTO matches (id, home_team_id, away_team_id, home_away_status_id, home_team_score, away_team_score, match_status, competition_name, competition_round)
VALUES (
  '7dbf50e1-dc5f-45a8-895f-962cc2187b96',
  '1b742914-50d5-4105-81b9-f980ec0fb53e',
  '9dbe9c4a-6108-44fc-898d-33defc0155da',
  '550e8400-e29b-41d4-a716-446655440801',
  NULL,
  NULL,
  'scheduled',
  'Lancaster Liga 1',
  NULL
)
ON CONFLICT (id) DO UPDATE SET
  home_team_score = EXCLUDED.home_team_score,
  away_team_score = EXCLUDED.away_team_score,
  match_status = EXCLUDED.match_status;

INSERT INTO event_participants (id, event_id, team_id, participation_status_id)
VALUES 
  ('fb7d4e4c-9865-4b7e-8aad-cc7c373ca478', '7dbf50e1-dc5f-45a8-895f-962cc2187b96', '1b742914-50d5-4105-81b9-f980ec0fb53e', '550e8400-e29b-41d4-a716-446655440701'),
  ('4b1a3687-f162-4e82-be46-4a60f22cca30', '7dbf50e1-dc5f-45a8-895f-962cc2187b96', '9dbe9c4a-6108-44fc-898d-33defc0155da', '550e8400-e29b-41d4-a716-446655440701')
ON CONFLICT (id) DO NOTHING;
INSERT INTO events (id, created_by, event_type_id, title, description, event_date, venue_id, duration_minutes, cancelled, cancellation_reason, external_event_id)
VALUES (
  'b249c4dc-4ba3-42f5-8281-5819e4dc67a7',
  '77d77471-1250-47e0-81ab-d4626595d63c',
  '550e8400-e29b-41d4-a716-446655440402',
  'Alloy Soccer Club Reserves vs Lancaster City FC',
  NULL,
  '2025-09-14 20:00:00',
  NULL,
  NULL,
  false,
  NULL,
  NULL
)
ON CONFLICT (id) DO UPDATE SET
  title = EXCLUDED.title,
  updated_at = EXCLUDED.updated_at;

INSERT INTO matches (id, home_team_id, away_team_id, home_away_status_id, home_team_score, away_team_score, match_status, competition_name, competition_round)
VALUES (
  'b249c4dc-4ba3-42f5-8281-5819e4dc67a7',
  'c3bfdfa9-ce51-4af4-8c64-778323eff661',
  '525d469e-dbdf-475c-8bb3-ecddc849cfe0',
  '550e8400-e29b-41d4-a716-446655440801',
  NULL,
  NULL,
  'scheduled',
  'Lancaster Liga 1',
  NULL
)
ON CONFLICT (id) DO UPDATE SET
  home_team_score = EXCLUDED.home_team_score,
  away_team_score = EXCLUDED.away_team_score,
  match_status = EXCLUDED.match_status;

INSERT INTO event_participants (id, event_id, team_id, participation_status_id)
VALUES 
  ('bcc9de7d-8036-479c-8400-88d35c5e4631', 'b249c4dc-4ba3-42f5-8281-5819e4dc67a7', 'c3bfdfa9-ce51-4af4-8c64-778323eff661', '550e8400-e29b-41d4-a716-446655440701'),
  ('edb9f5fd-5b48-4abf-a074-a3f5132ef712', 'b249c4dc-4ba3-42f5-8281-5819e4dc67a7', '525d469e-dbdf-475c-8bb3-ecddc849cfe0', '550e8400-e29b-41d4-a716-446655440701')
ON CONFLICT (id) DO NOTHING;
INSERT INTO events (id, created_by, event_type_id, title, description, event_date, venue_id, duration_minutes, cancelled, cancellation_reason, external_event_id)
VALUES (
  'e97dd3af-d2fe-4679-810a-2b5758f7b6e2',
  '77d77471-1250-47e0-81ab-d4626595d63c',
  '550e8400-e29b-41d4-a716-446655440402',
  'Lancaster City FC vs Keystone Elite',
  NULL,
  '2025-09-20 19:00:00',
  NULL,
  NULL,
  false,
  NULL,
  NULL
)
ON CONFLICT (id) DO UPDATE SET
  title = EXCLUDED.title,
  updated_at = EXCLUDED.updated_at;

INSERT INTO matches (id, home_team_id, away_team_id, home_away_status_id, home_team_score, away_team_score, match_status, competition_name, competition_round)
VALUES (
  'e97dd3af-d2fe-4679-810a-2b5758f7b6e2',
  '525d469e-dbdf-475c-8bb3-ecddc849cfe0',
  '9dbe9c4a-6108-44fc-898d-33defc0155da',
  '550e8400-e29b-41d4-a716-446655440801',
  NULL,
  NULL,
  'scheduled',
  'Lancaster Liga 1',
  NULL
)
ON CONFLICT (id) DO UPDATE SET
  home_team_score = EXCLUDED.home_team_score,
  away_team_score = EXCLUDED.away_team_score,
  match_status = EXCLUDED.match_status;

INSERT INTO event_participants (id, event_id, team_id, participation_status_id)
VALUES 
  ('21195932-968b-4d9b-bcd1-03bdfacac26a', 'e97dd3af-d2fe-4679-810a-2b5758f7b6e2', '525d469e-dbdf-475c-8bb3-ecddc849cfe0', '550e8400-e29b-41d4-a716-446655440701'),
  ('9f30b69d-afe6-4c1e-8b00-83c58cf0253c', 'e97dd3af-d2fe-4679-810a-2b5758f7b6e2', '9dbe9c4a-6108-44fc-898d-33defc0155da', '550e8400-e29b-41d4-a716-446655440701')
ON CONFLICT (id) DO NOTHING;
INSERT INTO events (id, created_by, event_type_id, title, description, event_date, venue_id, duration_minutes, cancelled, cancellation_reason, external_event_id)
VALUES (
  '41ccaddc-8057-4d9a-8821-ad5657d9b6a9',
  '77d77471-1250-47e0-81ab-d4626595d63c',
  '550e8400-e29b-41d4-a716-446655440402',
  'Kutztown Men''s Soccer vs Alloy Soccer Club Reserves',
  NULL,
  '2025-09-21 17:00:00',
  NULL,
  NULL,
  false,
  NULL,
  NULL
)
ON CONFLICT (id) DO UPDATE SET
  title = EXCLUDED.title,
  updated_at = EXCLUDED.updated_at;

INSERT INTO matches (id, home_team_id, away_team_id, home_away_status_id, home_team_score, away_team_score, match_status, competition_name, competition_round)
VALUES (
  '41ccaddc-8057-4d9a-8821-ad5657d9b6a9',
  '5541a60c-6517-4e66-8c25-a513298fd487',
  'c3bfdfa9-ce51-4af4-8c64-778323eff661',
  '550e8400-e29b-41d4-a716-446655440801',
  NULL,
  NULL,
  'scheduled',
  'Lancaster Liga 1',
  NULL
)
ON CONFLICT (id) DO UPDATE SET
  home_team_score = EXCLUDED.home_team_score,
  away_team_score = EXCLUDED.away_team_score,
  match_status = EXCLUDED.match_status;

INSERT INTO event_participants (id, event_id, team_id, participation_status_id)
VALUES 
  ('773ddcf0-9f20-45ec-b0bf-805b2a43ad5c', '41ccaddc-8057-4d9a-8821-ad5657d9b6a9', '5541a60c-6517-4e66-8c25-a513298fd487', '550e8400-e29b-41d4-a716-446655440701'),
  ('52bf4bb4-d478-4d85-9231-53ae7e82b0d1', '41ccaddc-8057-4d9a-8821-ad5657d9b6a9', 'c3bfdfa9-ce51-4af4-8c64-778323eff661', '550e8400-e29b-41d4-a716-446655440701')
ON CONFLICT (id) DO NOTHING;
INSERT INTO events (id, created_by, event_type_id, title, description, event_date, venue_id, duration_minutes, cancelled, cancellation_reason, external_event_id)
VALUES (
  '29641fce-744f-48b2-8102-d1f234d2dddc',
  '77d77471-1250-47e0-81ab-d4626595d63c',
  '550e8400-e29b-41d4-a716-446655440402',
  'F&M FC vs Kutztown Men''s Soccer',
  NULL,
  '2025-09-28 17:15:00',
  NULL,
  NULL,
  false,
  NULL,
  NULL
)
ON CONFLICT (id) DO UPDATE SET
  title = EXCLUDED.title,
  updated_at = EXCLUDED.updated_at;

INSERT INTO matches (id, home_team_id, away_team_id, home_away_status_id, home_team_score, away_team_score, match_status, competition_name, competition_round)
VALUES (
  '29641fce-744f-48b2-8102-d1f234d2dddc',
  '1b742914-50d5-4105-81b9-f980ec0fb53e',
  '5541a60c-6517-4e66-8c25-a513298fd487',
  '550e8400-e29b-41d4-a716-446655440801',
  NULL,
  NULL,
  'scheduled',
  'Lancaster Liga 1',
  NULL
)
ON CONFLICT (id) DO UPDATE SET
  home_team_score = EXCLUDED.home_team_score,
  away_team_score = EXCLUDED.away_team_score,
  match_status = EXCLUDED.match_status;

INSERT INTO event_participants (id, event_id, team_id, participation_status_id)
VALUES 
  ('a684f9ec-8416-4a68-99d6-59d2c64e2e08', '29641fce-744f-48b2-8102-d1f234d2dddc', '1b742914-50d5-4105-81b9-f980ec0fb53e', '550e8400-e29b-41d4-a716-446655440701'),
  ('764016a7-13ba-4323-a6d8-53eda91ef16d', '29641fce-744f-48b2-8102-d1f234d2dddc', '5541a60c-6517-4e66-8c25-a513298fd487', '550e8400-e29b-41d4-a716-446655440701')
ON CONFLICT (id) DO NOTHING;
INSERT INTO events (id, created_by, event_type_id, title, description, event_date, venue_id, duration_minutes, cancelled, cancellation_reason, external_event_id)
VALUES (
  '96a1189e-373f-4de5-81f7-3869b7486f77',
  '77d77471-1250-47e0-81ab-d4626595d63c',
  '550e8400-e29b-41d4-a716-446655440402',
  'Alloy Soccer Club Reserves vs Keystone Elite',
  NULL,
  '2025-09-28 20:00:00',
  NULL,
  NULL,
  false,
  NULL,
  NULL
)
ON CONFLICT (id) DO UPDATE SET
  title = EXCLUDED.title,
  updated_at = EXCLUDED.updated_at;

INSERT INTO matches (id, home_team_id, away_team_id, home_away_status_id, home_team_score, away_team_score, match_status, competition_name, competition_round)
VALUES (
  '96a1189e-373f-4de5-81f7-3869b7486f77',
  'c3bfdfa9-ce51-4af4-8c64-778323eff661',
  '9dbe9c4a-6108-44fc-898d-33defc0155da',
  '550e8400-e29b-41d4-a716-446655440801',
  NULL,
  NULL,
  'scheduled',
  'Lancaster Liga 1',
  NULL
)
ON CONFLICT (id) DO UPDATE SET
  home_team_score = EXCLUDED.home_team_score,
  away_team_score = EXCLUDED.away_team_score,
  match_status = EXCLUDED.match_status;

INSERT INTO event_participants (id, event_id, team_id, participation_status_id)
VALUES 
  ('2d74dfc3-8809-43fb-a8fe-366ca4405cc3', '96a1189e-373f-4de5-81f7-3869b7486f77', 'c3bfdfa9-ce51-4af4-8c64-778323eff661', '550e8400-e29b-41d4-a716-446655440701'),
  ('e1110471-9013-42bd-9618-3a7eeae3f2d9', '96a1189e-373f-4de5-81f7-3869b7486f77', '9dbe9c4a-6108-44fc-898d-33defc0155da', '550e8400-e29b-41d4-a716-446655440701')
ON CONFLICT (id) DO NOTHING;
INSERT INTO events (id, created_by, event_type_id, title, description, event_date, venue_id, duration_minutes, cancelled, cancellation_reason, external_event_id)
VALUES (
  '471ee4f9-72a6-4432-8aa5-a3740830921f',
  '77d77471-1250-47e0-81ab-d4626595d63c',
  '550e8400-e29b-41d4-a716-446655440402',
  'Lancaster City FC vs Kutztown Men''s Soccer',
  NULL,
  '2025-10-05 15:00:00',
  NULL,
  NULL,
  false,
  NULL,
  NULL
)
ON CONFLICT (id) DO UPDATE SET
  title = EXCLUDED.title,
  updated_at = EXCLUDED.updated_at;

INSERT INTO matches (id, home_team_id, away_team_id, home_away_status_id, home_team_score, away_team_score, match_status, competition_name, competition_round)
VALUES (
  '471ee4f9-72a6-4432-8aa5-a3740830921f',
  '525d469e-dbdf-475c-8bb3-ecddc849cfe0',
  '5541a60c-6517-4e66-8c25-a513298fd487',
  '550e8400-e29b-41d4-a716-446655440801',
  NULL,
  NULL,
  'scheduled',
  'Lancaster Liga 1',
  NULL
)
ON CONFLICT (id) DO UPDATE SET
  home_team_score = EXCLUDED.home_team_score,
  away_team_score = EXCLUDED.away_team_score,
  match_status = EXCLUDED.match_status;

INSERT INTO event_participants (id, event_id, team_id, participation_status_id)
VALUES 
  ('ed2008f3-f690-4a3f-bfa7-bde22dc84477', '471ee4f9-72a6-4432-8aa5-a3740830921f', '525d469e-dbdf-475c-8bb3-ecddc849cfe0', '550e8400-e29b-41d4-a716-446655440701'),
  ('ac1a136d-6513-4593-a03c-735b4e47f846', '471ee4f9-72a6-4432-8aa5-a3740830921f', '5541a60c-6517-4e66-8c25-a513298fd487', '550e8400-e29b-41d4-a716-446655440701')
ON CONFLICT (id) DO NOTHING;
INSERT INTO events (id, created_by, event_type_id, title, description, event_date, venue_id, duration_minutes, cancelled, cancellation_reason, external_event_id)
VALUES (
  '6a283f17-da54-4e7b-812c-3299d4d9eeb8',
  '77d77471-1250-47e0-81ab-d4626595d63c',
  '550e8400-e29b-41d4-a716-446655440402',
  'F&M FC vs Alloy Soccer Club Reserves',
  NULL,
  '2025-10-05 21:00:00',
  NULL,
  NULL,
  false,
  NULL,
  NULL
)
ON CONFLICT (id) DO UPDATE SET
  title = EXCLUDED.title,
  updated_at = EXCLUDED.updated_at;

INSERT INTO matches (id, home_team_id, away_team_id, home_away_status_id, home_team_score, away_team_score, match_status, competition_name, competition_round)
VALUES (
  '6a283f17-da54-4e7b-812c-3299d4d9eeb8',
  '1b742914-50d5-4105-81b9-f980ec0fb53e',
  'c3bfdfa9-ce51-4af4-8c64-778323eff661',
  '550e8400-e29b-41d4-a716-446655440801',
  NULL,
  NULL,
  'scheduled',
  'Lancaster Liga 1',
  NULL
)
ON CONFLICT (id) DO UPDATE SET
  home_team_score = EXCLUDED.home_team_score,
  away_team_score = EXCLUDED.away_team_score,
  match_status = EXCLUDED.match_status;

INSERT INTO event_participants (id, event_id, team_id, participation_status_id)
VALUES 
  ('b04b5b8e-fe10-44f6-96d7-798dc383e3ff', '6a283f17-da54-4e7b-812c-3299d4d9eeb8', '1b742914-50d5-4105-81b9-f980ec0fb53e', '550e8400-e29b-41d4-a716-446655440701'),
  ('0a8ec2ea-99d0-4c6a-abaa-15c8b328e068', '6a283f17-da54-4e7b-812c-3299d4d9eeb8', 'c3bfdfa9-ce51-4af4-8c64-778323eff661', '550e8400-e29b-41d4-a716-446655440701')
ON CONFLICT (id) DO NOTHING;
INSERT INTO events (id, created_by, event_type_id, title, description, event_date, venue_id, duration_minutes, cancelled, cancellation_reason, external_event_id)
VALUES (
  'c6e5a74c-05c9-4ddf-893c-79eeae92b9a3',
  '77d77471-1250-47e0-81ab-d4626595d63c',
  '550e8400-e29b-41d4-a716-446655440402',
  'Jersey Shore Boca Reserves vs Milan Football Club',
  NULL,
  '2025-11-09 23:30:00',
  NULL,
  NULL,
  false,
  NULL,
  NULL
)
ON CONFLICT (id) DO UPDATE SET
  title = EXCLUDED.title,
  updated_at = EXCLUDED.updated_at;

INSERT INTO matches (id, home_team_id, away_team_id, home_away_status_id, home_team_score, away_team_score, match_status, competition_name, competition_round)
VALUES (
  'c6e5a74c-05c9-4ddf-893c-79eeae92b9a3',
  '2da3f1d4-be7f-4cff-89d8-fea82a640d06',
  'cc98cc5e-8b54-4c55-8564-a7ebeaccc68b',
  '550e8400-e29b-41d4-a716-446655440801',
  NULL,
  NULL,
  'scheduled',
  'Central NJ Liga 1',
  NULL
)
ON CONFLICT (id) DO UPDATE SET
  home_team_score = EXCLUDED.home_team_score,
  away_team_score = EXCLUDED.away_team_score,
  match_status = EXCLUDED.match_status;

INSERT INTO event_participants (id, event_id, team_id, participation_status_id)
VALUES 
  ('cd3571e1-eaed-48f8-8a22-d4c5e5140372', 'c6e5a74c-05c9-4ddf-893c-79eeae92b9a3', '2da3f1d4-be7f-4cff-89d8-fea82a640d06', '550e8400-e29b-41d4-a716-446655440701'),
  ('d63298d4-7ab7-43b0-bf85-68ebc7f3d3a7', 'c6e5a74c-05c9-4ddf-893c-79eeae92b9a3', 'cc98cc5e-8b54-4c55-8564-a7ebeaccc68b', '550e8400-e29b-41d4-a716-446655440701')
ON CONFLICT (id) DO NOTHING;
INSERT INTO events (id, created_by, event_type_id, title, description, event_date, venue_id, duration_minutes, cancelled, cancellation_reason, external_event_id)
VALUES (
  'fee5ff6c-fa94-46f2-87ed-014d3f9d164b',
  '77d77471-1250-47e0-81ab-d4626595d63c',
  '550e8400-e29b-41d4-a716-446655440402',
  'Monmouth Light FC vs Jersey Shore Hounds',
  NULL,
  '2025-11-09 14:00:00',
  NULL,
  NULL,
  false,
  NULL,
  NULL
)
ON CONFLICT (id) DO UPDATE SET
  title = EXCLUDED.title,
  updated_at = EXCLUDED.updated_at;

INSERT INTO matches (id, home_team_id, away_team_id, home_away_status_id, home_team_score, away_team_score, match_status, competition_name, competition_round)
VALUES (
  'fee5ff6c-fa94-46f2-87ed-014d3f9d164b',
  'd9b9ff4c-052c-4c9f-8d2d-483f66125de4',
  'eb1511a3-cc96-4387-80c1-c8e470338ddc',
  '550e8400-e29b-41d4-a716-446655440801',
  NULL,
  NULL,
  'scheduled',
  'Central NJ Liga 1',
  NULL
)
ON CONFLICT (id) DO UPDATE SET
  home_team_score = EXCLUDED.home_team_score,
  away_team_score = EXCLUDED.away_team_score,
  match_status = EXCLUDED.match_status;

INSERT INTO event_participants (id, event_id, team_id, participation_status_id)
VALUES 
  ('37fdc112-efc7-4499-b922-00f7b4bf2066', 'fee5ff6c-fa94-46f2-87ed-014d3f9d164b', 'd9b9ff4c-052c-4c9f-8d2d-483f66125de4', '550e8400-e29b-41d4-a716-446655440701'),
  ('1882a003-35cb-4be5-8edb-34355c3a6a97', 'fee5ff6c-fa94-46f2-87ed-014d3f9d164b', 'eb1511a3-cc96-4387-80c1-c8e470338ddc', '550e8400-e29b-41d4-a716-446655440701')
ON CONFLICT (id) DO NOTHING;
INSERT INTO events (id, created_by, event_type_id, title, description, event_date, venue_id, duration_minutes, cancelled, cancellation_reason, external_event_id)
VALUES (
  'a9299cdb-4795-4ae2-8563-c3b062d9aa9b',
  '77d77471-1250-47e0-81ab-d4626595d63c',
  '550e8400-e29b-41d4-a716-446655440402',
  'Rondo Football Club vs Alaso FC',
  NULL,
  '2025-11-09 14:00:00',
  NULL,
  NULL,
  false,
  NULL,
  NULL
)
ON CONFLICT (id) DO UPDATE SET
  title = EXCLUDED.title,
  updated_at = EXCLUDED.updated_at;

INSERT INTO matches (id, home_team_id, away_team_id, home_away_status_id, home_team_score, away_team_score, match_status, competition_name, competition_round)
VALUES (
  'a9299cdb-4795-4ae2-8563-c3b062d9aa9b',
  '5e07fe31-75ac-4d95-8224-c762b2411566',
  'dda012cd-f081-48df-8903-d997d9fa6f96',
  '550e8400-e29b-41d4-a716-446655440801',
  NULL,
  NULL,
  'scheduled',
  'Central NJ Liga 1',
  NULL
)
ON CONFLICT (id) DO UPDATE SET
  home_team_score = EXCLUDED.home_team_score,
  away_team_score = EXCLUDED.away_team_score,
  match_status = EXCLUDED.match_status;

INSERT INTO event_participants (id, event_id, team_id, participation_status_id)
VALUES 
  ('8f5aef56-1f2f-4533-9c20-1604207dbe77', 'a9299cdb-4795-4ae2-8563-c3b062d9aa9b', '5e07fe31-75ac-4d95-8224-c762b2411566', '550e8400-e29b-41d4-a716-446655440701'),
  ('fe2e72cc-ea85-42b1-a852-bd8cacbab7d1', 'a9299cdb-4795-4ae2-8563-c3b062d9aa9b', 'dda012cd-f081-48df-8903-d997d9fa6f96', '550e8400-e29b-41d4-a716-446655440701')
ON CONFLICT (id) DO NOTHING;
INSERT INTO events (id, created_by, event_type_id, title, description, event_date, venue_id, duration_minutes, cancelled, cancellation_reason, external_event_id)
VALUES (
  'c888f4f9-395d-4d8f-8ee4-39e99c27ae7b',
  '77d77471-1250-47e0-81ab-d4626595d63c',
  '550e8400-e29b-41d4-a716-446655440402',
  'FeelsGood FC vs Milan Football Club',
  NULL,
  '2025-11-08 15:00:00',
  NULL,
  NULL,
  false,
  NULL,
  NULL
)
ON CONFLICT (id) DO UPDATE SET
  title = EXCLUDED.title,
  updated_at = EXCLUDED.updated_at;

INSERT INTO matches (id, home_team_id, away_team_id, home_away_status_id, home_team_score, away_team_score, match_status, competition_name, competition_round)
VALUES (
  'c888f4f9-395d-4d8f-8ee4-39e99c27ae7b',
  'a3120f9e-c8ef-4cd8-8014-92f5e67fbfbc',
  'cc98cc5e-8b54-4c55-8564-a7ebeaccc68b',
  '550e8400-e29b-41d4-a716-446655440801',
  NULL,
  NULL,
  'scheduled',
  'Central NJ Liga 1',
  NULL
)
ON CONFLICT (id) DO UPDATE SET
  home_team_score = EXCLUDED.home_team_score,
  away_team_score = EXCLUDED.away_team_score,
  match_status = EXCLUDED.match_status;

INSERT INTO event_participants (id, event_id, team_id, participation_status_id)
VALUES 
  ('a81aa6e7-5c84-493d-96a7-1d35e704fc05', 'c888f4f9-395d-4d8f-8ee4-39e99c27ae7b', 'a3120f9e-c8ef-4cd8-8014-92f5e67fbfbc', '550e8400-e29b-41d4-a716-446655440701'),
  ('ddabc99c-76b0-4d27-a2bf-e063226c7340', 'c888f4f9-395d-4d8f-8ee4-39e99c27ae7b', 'cc98cc5e-8b54-4c55-8564-a7ebeaccc68b', '550e8400-e29b-41d4-a716-446655440701')
ON CONFLICT (id) DO NOTHING;
INSERT INTO events (id, created_by, event_type_id, title, description, event_date, venue_id, duration_minutes, cancelled, cancellation_reason, external_event_id)
VALUES (
  'd3d06a09-4ace-4176-8e9c-8a2aedad2ce0',
  '77d77471-1250-47e0-81ab-d4626595d63c',
  '550e8400-e29b-41d4-a716-446655440402',
  'Princeton International FC vs Jersey Shore Boca Reserves',
  NULL,
  '2025-11-06 01:30:00',
  NULL,
  NULL,
  false,
  NULL,
  NULL
)
ON CONFLICT (id) DO UPDATE SET
  title = EXCLUDED.title,
  updated_at = EXCLUDED.updated_at;

INSERT INTO matches (id, home_team_id, away_team_id, home_away_status_id, home_team_score, away_team_score, match_status, competition_name, competition_round)
VALUES (
  'd3d06a09-4ace-4176-8e9c-8a2aedad2ce0',
  '7708a49e-8512-43b2-8b85-13e98a4af318',
  '2da3f1d4-be7f-4cff-89d8-fea82a640d06',
  '550e8400-e29b-41d4-a716-446655440801',
  NULL,
  NULL,
  'scheduled',
  'Central NJ Liga 1',
  NULL
)
ON CONFLICT (id) DO UPDATE SET
  home_team_score = EXCLUDED.home_team_score,
  away_team_score = EXCLUDED.away_team_score,
  match_status = EXCLUDED.match_status;

INSERT INTO event_participants (id, event_id, team_id, participation_status_id)
VALUES 
  ('2cd6f3ea-71b2-4b11-bd33-4e1cc14b674f', 'd3d06a09-4ace-4176-8e9c-8a2aedad2ce0', '7708a49e-8512-43b2-8b85-13e98a4af318', '550e8400-e29b-41d4-a716-446655440701'),
  ('e5b21d1d-1802-4e2e-8bfc-21e9c6b5034d', 'd3d06a09-4ace-4176-8e9c-8a2aedad2ce0', '2da3f1d4-be7f-4cff-89d8-fea82a640d06', '550e8400-e29b-41d4-a716-446655440701')
ON CONFLICT (id) DO NOTHING;
INSERT INTO events (id, created_by, event_type_id, title, description, event_date, venue_id, duration_minutes, cancelled, cancellation_reason, external_event_id)
VALUES (
  '13ae55a8-01d6-4849-8327-bcbea6d52cfb',
  '77d77471-1250-47e0-81ab-d4626595d63c',
  '550e8400-e29b-41d4-a716-446655440402',
  'Alaso FC vs Real Central NJ II',
  NULL,
  '2025-11-03 00:00:00',
  NULL,
  NULL,
  false,
  NULL,
  NULL
)
ON CONFLICT (id) DO UPDATE SET
  title = EXCLUDED.title,
  updated_at = EXCLUDED.updated_at;

INSERT INTO matches (id, home_team_id, away_team_id, home_away_status_id, home_team_score, away_team_score, match_status, competition_name, competition_round)
VALUES (
  '13ae55a8-01d6-4849-8327-bcbea6d52cfb',
  'dda012cd-f081-48df-8903-d997d9fa6f96',
  'bb5768e2-fac3-42e0-8d07-f18a63fb2278',
  '550e8400-e29b-41d4-a716-446655440801',
  NULL,
  NULL,
  'scheduled',
  'Central NJ Liga 1',
  NULL
)
ON CONFLICT (id) DO UPDATE SET
  home_team_score = EXCLUDED.home_team_score,
  away_team_score = EXCLUDED.away_team_score,
  match_status = EXCLUDED.match_status;

INSERT INTO event_participants (id, event_id, team_id, participation_status_id)
VALUES 
  ('19f6030a-faa9-46a4-b6f6-c26462a55983', '13ae55a8-01d6-4849-8327-bcbea6d52cfb', 'dda012cd-f081-48df-8903-d997d9fa6f96', '550e8400-e29b-41d4-a716-446655440701'),
  ('662472bf-2cfb-4c5e-aa88-5af544b0ce46', '13ae55a8-01d6-4849-8327-bcbea6d52cfb', 'bb5768e2-fac3-42e0-8d07-f18a63fb2278', '550e8400-e29b-41d4-a716-446655440701')
ON CONFLICT (id) DO NOTHING;
INSERT INTO events (id, created_by, event_type_id, title, description, event_date, venue_id, duration_minutes, cancelled, cancellation_reason, external_event_id)
VALUES (
  '0cf035b4-2b92-4468-8cd4-cb30251db88d',
  '77d77471-1250-47e0-81ab-d4626595d63c',
  '550e8400-e29b-41d4-a716-446655440402',
  'Rondo Football Club vs MFC Stars',
  NULL,
  '2025-11-02 14:00:00',
  NULL,
  NULL,
  false,
  NULL,
  NULL
)
ON CONFLICT (id) DO UPDATE SET
  title = EXCLUDED.title,
  updated_at = EXCLUDED.updated_at;

INSERT INTO matches (id, home_team_id, away_team_id, home_away_status_id, home_team_score, away_team_score, match_status, competition_name, competition_round)
VALUES (
  '0cf035b4-2b92-4468-8cd4-cb30251db88d',
  '5e07fe31-75ac-4d95-8224-c762b2411566',
  '3e87d61d-3093-41a0-888a-83f66923a34b',
  '550e8400-e29b-41d4-a716-446655440801',
  NULL,
  NULL,
  'scheduled',
  'Central NJ Liga 1',
  NULL
)
ON CONFLICT (id) DO UPDATE SET
  home_team_score = EXCLUDED.home_team_score,
  away_team_score = EXCLUDED.away_team_score,
  match_status = EXCLUDED.match_status;

INSERT INTO event_participants (id, event_id, team_id, participation_status_id)
VALUES 
  ('2fffcae0-7c5f-4426-9a57-1e84a78c50aa', '0cf035b4-2b92-4468-8cd4-cb30251db88d', '5e07fe31-75ac-4d95-8224-c762b2411566', '550e8400-e29b-41d4-a716-446655440701'),
  ('cfff5965-3f81-4e5e-bb5e-fe0ceb2d17d1', '0cf035b4-2b92-4468-8cd4-cb30251db88d', '3e87d61d-3093-41a0-888a-83f66923a34b', '550e8400-e29b-41d4-a716-446655440701')
ON CONFLICT (id) DO NOTHING;
INSERT INTO events (id, created_by, event_type_id, title, description, event_date, venue_id, duration_minutes, cancelled, cancellation_reason, external_event_id)
VALUES (
  '8a557316-f880-44f0-8028-97b52d290cae',
  '77d77471-1250-47e0-81ab-d4626595d63c',
  '550e8400-e29b-41d4-a716-446655440402',
  'Jersey Shore Hounds vs Real Central NJ II',
  NULL,
  '2025-09-07 13:30:00',
  NULL,
  NULL,
  false,
  NULL,
  NULL
)
ON CONFLICT (id) DO UPDATE SET
  title = EXCLUDED.title,
  updated_at = EXCLUDED.updated_at;

INSERT INTO matches (id, home_team_id, away_team_id, home_away_status_id, home_team_score, away_team_score, match_status, competition_name, competition_round)
VALUES (
  '8a557316-f880-44f0-8028-97b52d290cae',
  'eb1511a3-cc96-4387-80c1-c8e470338ddc',
  'bb5768e2-fac3-42e0-8d07-f18a63fb2278',
  '550e8400-e29b-41d4-a716-446655440801',
  NULL,
  NULL,
  'scheduled',
  'Central NJ Liga 1',
  NULL
)
ON CONFLICT (id) DO UPDATE SET
  home_team_score = EXCLUDED.home_team_score,
  away_team_score = EXCLUDED.away_team_score,
  match_status = EXCLUDED.match_status;

INSERT INTO event_participants (id, event_id, team_id, participation_status_id)
VALUES 
  ('7f67bc43-2688-4988-8ec6-3e1d36a02389', '8a557316-f880-44f0-8028-97b52d290cae', 'eb1511a3-cc96-4387-80c1-c8e470338ddc', '550e8400-e29b-41d4-a716-446655440701'),
  ('68747623-3ebf-41c7-9294-f79de1032128', '8a557316-f880-44f0-8028-97b52d290cae', 'bb5768e2-fac3-42e0-8d07-f18a63fb2278', '550e8400-e29b-41d4-a716-446655440701')
ON CONFLICT (id) DO NOTHING;
INSERT INTO events (id, created_by, event_type_id, title, description, event_date, venue_id, duration_minutes, cancelled, cancellation_reason, external_event_id)
VALUES (
  '9cc8bfe7-2df1-434e-8313-3e592dfc9d53',
  '77d77471-1250-47e0-81ab-d4626595d63c',
  '550e8400-e29b-41d4-a716-446655440402',
  'Milan Football Club vs Rondo Football Club',
  NULL,
  '2025-09-07 14:00:00',
  NULL,
  NULL,
  false,
  NULL,
  NULL
)
ON CONFLICT (id) DO UPDATE SET
  title = EXCLUDED.title,
  updated_at = EXCLUDED.updated_at;

INSERT INTO matches (id, home_team_id, away_team_id, home_away_status_id, home_team_score, away_team_score, match_status, competition_name, competition_round)
VALUES (
  '9cc8bfe7-2df1-434e-8313-3e592dfc9d53',
  'cc98cc5e-8b54-4c55-8564-a7ebeaccc68b',
  '5e07fe31-75ac-4d95-8224-c762b2411566',
  '550e8400-e29b-41d4-a716-446655440801',
  NULL,
  NULL,
  'scheduled',
  'Central NJ Liga 1',
  NULL
)
ON CONFLICT (id) DO UPDATE SET
  home_team_score = EXCLUDED.home_team_score,
  away_team_score = EXCLUDED.away_team_score,
  match_status = EXCLUDED.match_status;

INSERT INTO event_participants (id, event_id, team_id, participation_status_id)
VALUES 
  ('eb84552c-f5cf-41bf-a1bd-0e908958c68c', '9cc8bfe7-2df1-434e-8313-3e592dfc9d53', 'cc98cc5e-8b54-4c55-8564-a7ebeaccc68b', '550e8400-e29b-41d4-a716-446655440701'),
  ('7ef46593-af74-4433-b16e-3669aef1e373', '9cc8bfe7-2df1-434e-8313-3e592dfc9d53', '5e07fe31-75ac-4d95-8224-c762b2411566', '550e8400-e29b-41d4-a716-446655440701')
ON CONFLICT (id) DO NOTHING;
INSERT INTO events (id, created_by, event_type_id, title, description, event_date, venue_id, duration_minutes, cancelled, cancellation_reason, external_event_id)
VALUES (
  '44687709-00cd-4828-8492-eb117a75be45',
  '77d77471-1250-47e0-81ab-d4626595d63c',
  '550e8400-e29b-41d4-a716-446655440402',
  'Princeton International FC vs FeelsGood FC',
  NULL,
  '2025-09-07 14:30:00',
  NULL,
  NULL,
  false,
  NULL,
  NULL
)
ON CONFLICT (id) DO UPDATE SET
  title = EXCLUDED.title,
  updated_at = EXCLUDED.updated_at;

INSERT INTO matches (id, home_team_id, away_team_id, home_away_status_id, home_team_score, away_team_score, match_status, competition_name, competition_round)
VALUES (
  '44687709-00cd-4828-8492-eb117a75be45',
  '7708a49e-8512-43b2-8b85-13e98a4af318',
  'a3120f9e-c8ef-4cd8-8014-92f5e67fbfbc',
  '550e8400-e29b-41d4-a716-446655440801',
  NULL,
  NULL,
  'scheduled',
  'Central NJ Liga 1',
  NULL
)
ON CONFLICT (id) DO UPDATE SET
  home_team_score = EXCLUDED.home_team_score,
  away_team_score = EXCLUDED.away_team_score,
  match_status = EXCLUDED.match_status;

INSERT INTO event_participants (id, event_id, team_id, participation_status_id)
VALUES 
  ('3b4b93dd-073f-4b51-95a5-8cf74d533fbb', '44687709-00cd-4828-8492-eb117a75be45', '7708a49e-8512-43b2-8b85-13e98a4af318', '550e8400-e29b-41d4-a716-446655440701'),
  ('5c2832dc-2e69-4ac6-97ee-105e404783cc', '44687709-00cd-4828-8492-eb117a75be45', 'a3120f9e-c8ef-4cd8-8014-92f5e67fbfbc', '550e8400-e29b-41d4-a716-446655440701')
ON CONFLICT (id) DO NOTHING;
INSERT INTO events (id, created_by, event_type_id, title, description, event_date, venue_id, duration_minutes, cancelled, cancellation_reason, external_event_id)
VALUES (
  'da8d12b0-afd7-4b1f-8f5b-63620db06ff2',
  '77d77471-1250-47e0-81ab-d4626595d63c',
  '550e8400-e29b-41d4-a716-446655440402',
  'Jersey Shore Boca Reserves vs Monmouth Light FC',
  NULL,
  '2025-09-07 22:30:00',
  NULL,
  NULL,
  false,
  NULL,
  NULL
)
ON CONFLICT (id) DO UPDATE SET
  title = EXCLUDED.title,
  updated_at = EXCLUDED.updated_at;

INSERT INTO matches (id, home_team_id, away_team_id, home_away_status_id, home_team_score, away_team_score, match_status, competition_name, competition_round)
VALUES (
  'da8d12b0-afd7-4b1f-8f5b-63620db06ff2',
  '2da3f1d4-be7f-4cff-89d8-fea82a640d06',
  'd9b9ff4c-052c-4c9f-8d2d-483f66125de4',
  '550e8400-e29b-41d4-a716-446655440801',
  NULL,
  NULL,
  'scheduled',
  'Central NJ Liga 1',
  NULL
)
ON CONFLICT (id) DO UPDATE SET
  home_team_score = EXCLUDED.home_team_score,
  away_team_score = EXCLUDED.away_team_score,
  match_status = EXCLUDED.match_status;

INSERT INTO event_participants (id, event_id, team_id, participation_status_id)
VALUES 
  ('dacc9c9b-779f-4831-ad5d-87c8e6af62e3', 'da8d12b0-afd7-4b1f-8f5b-63620db06ff2', '2da3f1d4-be7f-4cff-89d8-fea82a640d06', '550e8400-e29b-41d4-a716-446655440701'),
  ('bc8bad34-ca37-44a8-868e-fb0be2313e8b', 'da8d12b0-afd7-4b1f-8f5b-63620db06ff2', 'd9b9ff4c-052c-4c9f-8d2d-483f66125de4', '550e8400-e29b-41d4-a716-446655440701')
ON CONFLICT (id) DO NOTHING;
INSERT INTO events (id, created_by, event_type_id, title, description, event_date, venue_id, duration_minutes, cancelled, cancellation_reason, external_event_id)
VALUES (
  '8e018dcd-a2a5-4f4d-8cad-9406b56458b6',
  '77d77471-1250-47e0-81ab-d4626595d63c',
  '550e8400-e29b-41d4-a716-446655440402',
  'Alaso FC vs MFC Stars',
  NULL,
  '2025-09-07 23:00:00',
  NULL,
  NULL,
  false,
  NULL,
  NULL
)
ON CONFLICT (id) DO UPDATE SET
  title = EXCLUDED.title,
  updated_at = EXCLUDED.updated_at;

INSERT INTO matches (id, home_team_id, away_team_id, home_away_status_id, home_team_score, away_team_score, match_status, competition_name, competition_round)
VALUES (
  '8e018dcd-a2a5-4f4d-8cad-9406b56458b6',
  'dda012cd-f081-48df-8903-d997d9fa6f96',
  '3e87d61d-3093-41a0-888a-83f66923a34b',
  '550e8400-e29b-41d4-a716-446655440801',
  NULL,
  NULL,
  'scheduled',
  'Central NJ Liga 1',
  NULL
)
ON CONFLICT (id) DO UPDATE SET
  home_team_score = EXCLUDED.home_team_score,
  away_team_score = EXCLUDED.away_team_score,
  match_status = EXCLUDED.match_status;

INSERT INTO event_participants (id, event_id, team_id, participation_status_id)
VALUES 
  ('1a7d665e-fef9-4cb6-9233-248ef1305b2f', '8e018dcd-a2a5-4f4d-8cad-9406b56458b6', 'dda012cd-f081-48df-8903-d997d9fa6f96', '550e8400-e29b-41d4-a716-446655440701'),
  ('8f5d9fbc-b3fa-4d0b-9d83-ad0d8c30c629', '8e018dcd-a2a5-4f4d-8cad-9406b56458b6', '3e87d61d-3093-41a0-888a-83f66923a34b', '550e8400-e29b-41d4-a716-446655440701')
ON CONFLICT (id) DO NOTHING;
INSERT INTO events (id, created_by, event_type_id, title, description, event_date, venue_id, duration_minutes, cancelled, cancellation_reason, external_event_id)
VALUES (
  'bbb552d5-3241-4dca-8824-69be1f232855',
  '77d77471-1250-47e0-81ab-d4626595d63c',
  '550e8400-e29b-41d4-a716-446655440402',
  'Rondo Football Club vs Monmouth Light FC',
  NULL,
  '2025-09-14 12:00:00',
  NULL,
  NULL,
  false,
  NULL,
  NULL
)
ON CONFLICT (id) DO UPDATE SET
  title = EXCLUDED.title,
  updated_at = EXCLUDED.updated_at;

INSERT INTO matches (id, home_team_id, away_team_id, home_away_status_id, home_team_score, away_team_score, match_status, competition_name, competition_round)
VALUES (
  'bbb552d5-3241-4dca-8824-69be1f232855',
  '5e07fe31-75ac-4d95-8224-c762b2411566',
  'd9b9ff4c-052c-4c9f-8d2d-483f66125de4',
  '550e8400-e29b-41d4-a716-446655440801',
  NULL,
  NULL,
  'scheduled',
  'Central NJ Liga 1',
  NULL
)
ON CONFLICT (id) DO UPDATE SET
  home_team_score = EXCLUDED.home_team_score,
  away_team_score = EXCLUDED.away_team_score,
  match_status = EXCLUDED.match_status;

INSERT INTO event_participants (id, event_id, team_id, participation_status_id)
VALUES 
  ('160c6e37-61c8-485d-8101-f4892123c766', 'bbb552d5-3241-4dca-8824-69be1f232855', '5e07fe31-75ac-4d95-8224-c762b2411566', '550e8400-e29b-41d4-a716-446655440701'),
  ('b323141a-053b-44fb-a813-3195ea42776d', 'bbb552d5-3241-4dca-8824-69be1f232855', 'd9b9ff4c-052c-4c9f-8d2d-483f66125de4', '550e8400-e29b-41d4-a716-446655440701')
ON CONFLICT (id) DO NOTHING;
INSERT INTO events (id, created_by, event_type_id, title, description, event_date, venue_id, duration_minutes, cancelled, cancellation_reason, external_event_id)
VALUES (
  '54e7ac62-60c6-4da1-8ca0-48e735edd4d6',
  '77d77471-1250-47e0-81ab-d4626595d63c',
  '550e8400-e29b-41d4-a716-446655440402',
  'Jersey Shore Hounds vs Jersey Shore Boca Reserves',
  NULL,
  '2025-09-14 13:30:00',
  NULL,
  NULL,
  false,
  NULL,
  NULL
)
ON CONFLICT (id) DO UPDATE SET
  title = EXCLUDED.title,
  updated_at = EXCLUDED.updated_at;

INSERT INTO matches (id, home_team_id, away_team_id, home_away_status_id, home_team_score, away_team_score, match_status, competition_name, competition_round)
VALUES (
  '54e7ac62-60c6-4da1-8ca0-48e735edd4d6',
  'eb1511a3-cc96-4387-80c1-c8e470338ddc',
  '2da3f1d4-be7f-4cff-89d8-fea82a640d06',
  '550e8400-e29b-41d4-a716-446655440801',
  NULL,
  NULL,
  'scheduled',
  'Central NJ Liga 1',
  NULL
)
ON CONFLICT (id) DO UPDATE SET
  home_team_score = EXCLUDED.home_team_score,
  away_team_score = EXCLUDED.away_team_score,
  match_status = EXCLUDED.match_status;

INSERT INTO event_participants (id, event_id, team_id, participation_status_id)
VALUES 
  ('921ae790-63ce-4d7b-b1ff-07ef56bc0711', '54e7ac62-60c6-4da1-8ca0-48e735edd4d6', 'eb1511a3-cc96-4387-80c1-c8e470338ddc', '550e8400-e29b-41d4-a716-446655440701'),
  ('696ba020-4d93-4acf-8b4b-dc6434f40564', '54e7ac62-60c6-4da1-8ca0-48e735edd4d6', '2da3f1d4-be7f-4cff-89d8-fea82a640d06', '550e8400-e29b-41d4-a716-446655440701')
ON CONFLICT (id) DO NOTHING;
INSERT INTO events (id, created_by, event_type_id, title, description, event_date, venue_id, duration_minutes, cancelled, cancellation_reason, external_event_id)
VALUES (
  '628a1237-b966-42f2-8927-678809d67be4',
  '77d77471-1250-47e0-81ab-d4626595d63c',
  '550e8400-e29b-41d4-a716-446655440402',
  'Milan Football Club vs Real Central NJ II',
  NULL,
  '2025-09-14 14:00:00',
  NULL,
  NULL,
  false,
  NULL,
  NULL
)
ON CONFLICT (id) DO UPDATE SET
  title = EXCLUDED.title,
  updated_at = EXCLUDED.updated_at;

INSERT INTO matches (id, home_team_id, away_team_id, home_away_status_id, home_team_score, away_team_score, match_status, competition_name, competition_round)
VALUES (
  '628a1237-b966-42f2-8927-678809d67be4',
  'cc98cc5e-8b54-4c55-8564-a7ebeaccc68b',
  'bb5768e2-fac3-42e0-8d07-f18a63fb2278',
  '550e8400-e29b-41d4-a716-446655440801',
  NULL,
  NULL,
  'scheduled',
  'Central NJ Liga 1',
  NULL
)
ON CONFLICT (id) DO UPDATE SET
  home_team_score = EXCLUDED.home_team_score,
  away_team_score = EXCLUDED.away_team_score,
  match_status = EXCLUDED.match_status;

INSERT INTO event_participants (id, event_id, team_id, participation_status_id)
VALUES 
  ('bdfceb97-8566-4fe0-84d4-084577d35351', '628a1237-b966-42f2-8927-678809d67be4', 'cc98cc5e-8b54-4c55-8564-a7ebeaccc68b', '550e8400-e29b-41d4-a716-446655440701'),
  ('fed6aac8-29d8-4f20-96ab-eba63c7fe4a4', '628a1237-b966-42f2-8927-678809d67be4', 'bb5768e2-fac3-42e0-8d07-f18a63fb2278', '550e8400-e29b-41d4-a716-446655440701')
ON CONFLICT (id) DO NOTHING;
INSERT INTO events (id, created_by, event_type_id, title, description, event_date, venue_id, duration_minutes, cancelled, cancellation_reason, external_event_id)
VALUES (
  'cfe2ecfa-b9b4-4f2c-8baf-25cd902551e9',
  '77d77471-1250-47e0-81ab-d4626595d63c',
  '550e8400-e29b-41d4-a716-446655440402',
  'MFC Stars vs Princeton International FC',
  NULL,
  '2025-09-14 20:00:00',
  NULL,
  NULL,
  false,
  NULL,
  NULL
)
ON CONFLICT (id) DO UPDATE SET
  title = EXCLUDED.title,
  updated_at = EXCLUDED.updated_at;

INSERT INTO matches (id, home_team_id, away_team_id, home_away_status_id, home_team_score, away_team_score, match_status, competition_name, competition_round)
VALUES (
  'cfe2ecfa-b9b4-4f2c-8baf-25cd902551e9',
  '3e87d61d-3093-41a0-888a-83f66923a34b',
  '7708a49e-8512-43b2-8b85-13e98a4af318',
  '550e8400-e29b-41d4-a716-446655440801',
  NULL,
  NULL,
  'scheduled',
  'Central NJ Liga 1',
  NULL
)
ON CONFLICT (id) DO UPDATE SET
  home_team_score = EXCLUDED.home_team_score,
  away_team_score = EXCLUDED.away_team_score,
  match_status = EXCLUDED.match_status;

INSERT INTO event_participants (id, event_id, team_id, participation_status_id)
VALUES 
  ('4db0f380-cf68-449e-ab20-357edc19117a', 'cfe2ecfa-b9b4-4f2c-8baf-25cd902551e9', '3e87d61d-3093-41a0-888a-83f66923a34b', '550e8400-e29b-41d4-a716-446655440701'),
  ('98cd40e6-1a4c-4e68-bbb4-77beb54a3679', 'cfe2ecfa-b9b4-4f2c-8baf-25cd902551e9', '7708a49e-8512-43b2-8b85-13e98a4af318', '550e8400-e29b-41d4-a716-446655440701')
ON CONFLICT (id) DO NOTHING;
INSERT INTO events (id, created_by, event_type_id, title, description, event_date, venue_id, duration_minutes, cancelled, cancellation_reason, external_event_id)
VALUES (
  'b0dfa54d-7374-4e08-8840-cafe6aa4b951',
  '77d77471-1250-47e0-81ab-d4626595d63c',
  '550e8400-e29b-41d4-a716-446655440402',
  'Princeton International FC vs Monmouth Light FC',
  NULL,
  '2025-09-21 14:00:00',
  NULL,
  NULL,
  false,
  NULL,
  NULL
)
ON CONFLICT (id) DO UPDATE SET
  title = EXCLUDED.title,
  updated_at = EXCLUDED.updated_at;

INSERT INTO matches (id, home_team_id, away_team_id, home_away_status_id, home_team_score, away_team_score, match_status, competition_name, competition_round)
VALUES (
  'b0dfa54d-7374-4e08-8840-cafe6aa4b951',
  '7708a49e-8512-43b2-8b85-13e98a4af318',
  'd9b9ff4c-052c-4c9f-8d2d-483f66125de4',
  '550e8400-e29b-41d4-a716-446655440801',
  NULL,
  NULL,
  'scheduled',
  'Central NJ Liga 1',
  NULL
)
ON CONFLICT (id) DO UPDATE SET
  home_team_score = EXCLUDED.home_team_score,
  away_team_score = EXCLUDED.away_team_score,
  match_status = EXCLUDED.match_status;

INSERT INTO event_participants (id, event_id, team_id, participation_status_id)
VALUES 
  ('bb20e775-ade1-4f03-a41f-83767c6627d7', 'b0dfa54d-7374-4e08-8840-cafe6aa4b951', '7708a49e-8512-43b2-8b85-13e98a4af318', '550e8400-e29b-41d4-a716-446655440701'),
  ('0a754cb2-60e8-402c-a0bb-2bfeef8bba34', 'b0dfa54d-7374-4e08-8840-cafe6aa4b951', 'd9b9ff4c-052c-4c9f-8d2d-483f66125de4', '550e8400-e29b-41d4-a716-446655440701')
ON CONFLICT (id) DO NOTHING;
