-- CASA Match Schedule

INSERT INTO events (id, created_by, event_type_id, title, description, event_date, venue_id, duration_minutes, cancelled, cancellation_reason, external_event_id)
VALUES (
  '62d30cd4-fb69-4a97-84bd-0e506564c188',
  '77d77471-1250-47e0-81ab-d4626595d63c',
  '550e8400-e29b-41d4-a716-446655440402',
  'Lighthouse Boys Club vs Illyrians FC',
  NULL,
  '2025-11-09 20:00:00',
  NULL,
  NULL,
  false,
  NULL,
  NULL
)
ON CONFLICT (id) DO UPDATE SET
  title = EXCLUDED.title,
  updated_at = EXCLUDED.updated_at;

INSERT INTO matches (id, home_team_id, away_team_id, home_away_status_id, home_team_score, away_team_score, match_status, competition_name, competition_round)
VALUES (
  '62d30cd4-fb69-4a97-84bd-0e506564c188',
  '57d88568-993d-4411-8aa3-6244ca7ff704',
  '28134f76-23f8-4e68-80ce-9f9ab2a3942f',
  '550e8400-e29b-41d4-a716-446655440801',
  NULL,
  NULL,
  'scheduled',
  'Philadelphia Liga 1',
  NULL
)
ON CONFLICT (id) DO UPDATE SET
  home_team_score = EXCLUDED.home_team_score,
  away_team_score = EXCLUDED.away_team_score,
  match_status = EXCLUDED.match_status;

INSERT INTO event_participants (id, event_id, team_id, participation_status_id)
VALUES 
  ('96529f69-b63b-4278-a6c9-1fa2a8c38aec', '62d30cd4-fb69-4a97-84bd-0e506564c188', '57d88568-993d-4411-8aa3-6244ca7ff704', '550e8400-e29b-41d4-a716-446655440701'),
  ('9f98dda7-e815-41cd-a614-a7a8eeca45e5', '62d30cd4-fb69-4a97-84bd-0e506564c188', '28134f76-23f8-4e68-80ce-9f9ab2a3942f', '550e8400-e29b-41d4-a716-446655440701')
ON CONFLICT (id) DO NOTHING;
INSERT INTO events (id, created_by, event_type_id, title, description, event_date, venue_id, duration_minutes, cancelled, cancellation_reason, external_event_id)
VALUES (
  '2537da99-8f86-4c23-81f7-b0ea2621bb05',
  '77d77471-1250-47e0-81ab-d4626595d63c',
  '550e8400-e29b-41d4-a716-446655440402',
  'Phoenix SCM vs Oaklyn United FC II',
  NULL,
  '2025-11-09 19:30:00',
  NULL,
  NULL,
  false,
  NULL,
  NULL
)
ON CONFLICT (id) DO UPDATE SET
  title = EXCLUDED.title,
  updated_at = EXCLUDED.updated_at;

INSERT INTO matches (id, home_team_id, away_team_id, home_away_status_id, home_team_score, away_team_score, match_status, competition_name, competition_round)
VALUES (
  '2537da99-8f86-4c23-81f7-b0ea2621bb05',
  'aad58707-7310-4751-86c5-e403a28757f4',
  '158e321e-2dd5-4926-82ce-c31822bde965',
  '550e8400-e29b-41d4-a716-446655440801',
  NULL,
  NULL,
  'scheduled',
  'Philadelphia Liga 1',
  NULL
)
ON CONFLICT (id) DO UPDATE SET
  home_team_score = EXCLUDED.home_team_score,
  away_team_score = EXCLUDED.away_team_score,
  match_status = EXCLUDED.match_status;

INSERT INTO event_participants (id, event_id, team_id, participation_status_id)
VALUES 
  ('48b35049-dd55-4726-84a9-91184c747240', '2537da99-8f86-4c23-81f7-b0ea2621bb05', 'aad58707-7310-4751-86c5-e403a28757f4', '550e8400-e29b-41d4-a716-446655440701'),
  ('25a2f848-7e13-4018-a4d5-3917a22c37e7', '2537da99-8f86-4c23-81f7-b0ea2621bb05', '158e321e-2dd5-4926-82ce-c31822bde965', '550e8400-e29b-41d4-a716-446655440701')
ON CONFLICT (id) DO NOTHING;
INSERT INTO events (id, created_by, event_type_id, title, description, event_date, venue_id, duration_minutes, cancelled, cancellation_reason, external_event_id)
VALUES (
  '49f8304b-9d17-4990-82c5-c29a7fa32ac5',
  '77d77471-1250-47e0-81ab-d4626595d63c',
  '550e8400-e29b-41d4-a716-446655440402',
  'Philadelphia Sierra Stars vs Adé United FC',
  NULL,
  '2025-11-09 18:30:00',
  NULL,
  NULL,
  false,
  NULL,
  NULL
)
ON CONFLICT (id) DO UPDATE SET
  title = EXCLUDED.title,
  updated_at = EXCLUDED.updated_at;

INSERT INTO matches (id, home_team_id, away_team_id, home_away_status_id, home_team_score, away_team_score, match_status, competition_name, competition_round)
VALUES (
  '49f8304b-9d17-4990-82c5-c29a7fa32ac5',
  '3a2468dd-a31c-456a-88a9-fe7699d2b079',
  'da9e701d-7752-495a-8145-fe967b40c0d3',
  '550e8400-e29b-41d4-a716-446655440801',
  NULL,
  NULL,
  'scheduled',
  'Philadelphia Liga 1',
  NULL
)
ON CONFLICT (id) DO UPDATE SET
  home_team_score = EXCLUDED.home_team_score,
  away_team_score = EXCLUDED.away_team_score,
  match_status = EXCLUDED.match_status;

INSERT INTO event_participants (id, event_id, team_id, participation_status_id)
VALUES 
  ('b2870ccb-8e45-4004-84cc-13dcd79212ef', '49f8304b-9d17-4990-82c5-c29a7fa32ac5', '3a2468dd-a31c-456a-88a9-fe7699d2b079', '550e8400-e29b-41d4-a716-446655440701'),
  ('e5a8c33c-3e90-415e-a1b6-a7dc2b1c077a', '49f8304b-9d17-4990-82c5-c29a7fa32ac5', 'da9e701d-7752-495a-8145-fe967b40c0d3', '550e8400-e29b-41d4-a716-446655440701')
ON CONFLICT (id) DO NOTHING;
INSERT INTO events (id, created_by, event_type_id, title, description, event_date, venue_id, duration_minutes, cancelled, cancellation_reason, external_event_id)
VALUES (
  '4d734c38-ec21-47a9-8b6a-1e8395f2afc1',
  '77d77471-1250-47e0-81ab-d4626595d63c',
  '550e8400-e29b-41d4-a716-446655440402',
  'Phoenix Reserves vs Persepolis FC',
  NULL,
  '2025-11-09 16:45:00',
  NULL,
  NULL,
  false,
  NULL,
  NULL
)
ON CONFLICT (id) DO UPDATE SET
  title = EXCLUDED.title,
  updated_at = EXCLUDED.updated_at;

INSERT INTO matches (id, home_team_id, away_team_id, home_away_status_id, home_team_score, away_team_score, match_status, competition_name, competition_round)
VALUES (
  '4d734c38-ec21-47a9-8b6a-1e8395f2afc1',
  NULL,
  'e1fe8b60-1ff9-46ae-8274-feccfd31eb8c',
  '550e8400-e29b-41d4-a716-446655440801',
  NULL,
  NULL,
  'scheduled',
  'Philadelphia Liga 1',
  NULL
)
ON CONFLICT (id) DO UPDATE SET
  home_team_score = EXCLUDED.home_team_score,
  away_team_score = EXCLUDED.away_team_score,
  match_status = EXCLUDED.match_status;

INSERT INTO event_participants (id, event_id, team_id, participation_status_id)
VALUES 
  ('958b299f-7ec5-45b7-8ad3-74c39e050e55', '4d734c38-ec21-47a9-8b6a-1e8395f2afc1', 'e1fe8b60-1ff9-46ae-8274-feccfd31eb8c', '550e8400-e29b-41d4-a716-446655440701')
ON CONFLICT (id) DO NOTHING;
INSERT INTO events (id, created_by, event_type_id, title, description, event_date, venue_id, duration_minutes, cancelled, cancellation_reason, external_event_id)
VALUES (
  'a2da5631-8d20-47c6-8c65-e39aa953fd8c',
  '77d77471-1250-47e0-81ab-d4626595d63c',
  '550e8400-e29b-41d4-a716-446655440402',
  'Lighthouse Old Timers Club vs Philly BlackStars',
  NULL,
  '2025-11-09 14:00:00',
  NULL,
  NULL,
  false,
  NULL,
  NULL
)
ON CONFLICT (id) DO UPDATE SET
  title = EXCLUDED.title,
  updated_at = EXCLUDED.updated_at;

INSERT INTO matches (id, home_team_id, away_team_id, home_away_status_id, home_team_score, away_team_score, match_status, competition_name, competition_round)
VALUES (
  'a2da5631-8d20-47c6-8c65-e39aa953fd8c',
  'da5e129e-1d82-4c59-85f9-1f5efd3d6c11',
  'bbef7779-4ba7-4939-891e-6d6f96a34577',
  '550e8400-e29b-41d4-a716-446655440801',
  NULL,
  NULL,
  'scheduled',
  'Philadelphia Liga 2',
  NULL
)
ON CONFLICT (id) DO UPDATE SET
  home_team_score = EXCLUDED.home_team_score,
  away_team_score = EXCLUDED.away_team_score,
  match_status = EXCLUDED.match_status;

INSERT INTO event_participants (id, event_id, team_id, participation_status_id)
VALUES 
  ('a45e004f-3a59-42aa-af3f-ea435b3ef8c5', 'a2da5631-8d20-47c6-8c65-e39aa953fd8c', 'da5e129e-1d82-4c59-85f9-1f5efd3d6c11', '550e8400-e29b-41d4-a716-446655440701'),
  ('c12e2d85-6d67-472a-8856-17bc74aaf69d', 'a2da5631-8d20-47c6-8c65-e39aa953fd8c', 'bbef7779-4ba7-4939-891e-6d6f96a34577', '550e8400-e29b-41d4-a716-446655440701')
ON CONFLICT (id) DO NOTHING;
INSERT INTO events (id, created_by, event_type_id, title, description, event_date, venue_id, duration_minutes, cancelled, cancellation_reason, external_event_id)
VALUES (
  '4d524c17-9d79-4153-8a04-7aeab379e450',
  '77d77471-1250-47e0-81ab-d4626595d63c',
  '550e8400-e29b-41d4-a716-446655440402',
  'Philadelphia SC II vs Oaklyn United FC II',
  NULL,
  '2025-11-07 01:45:00',
  NULL,
  NULL,
  false,
  NULL,
  NULL
)
ON CONFLICT (id) DO UPDATE SET
  title = EXCLUDED.title,
  updated_at = EXCLUDED.updated_at;

INSERT INTO matches (id, home_team_id, away_team_id, home_away_status_id, home_team_score, away_team_score, match_status, competition_name, competition_round)
VALUES (
  '4d524c17-9d79-4153-8a04-7aeab379e450',
  NULL,
  '158e321e-2dd5-4926-82ce-c31822bde965',
  '550e8400-e29b-41d4-a716-446655440801',
  NULL,
  NULL,
  'scheduled',
  'Philadelphia Liga 1',
  NULL
)
ON CONFLICT (id) DO UPDATE SET
  home_team_score = EXCLUDED.home_team_score,
  away_team_score = EXCLUDED.away_team_score,
  match_status = EXCLUDED.match_status;

INSERT INTO event_participants (id, event_id, team_id, participation_status_id)
VALUES 
  ('5e6509be-7723-4505-86fb-058877d4a10c', '4d524c17-9d79-4153-8a04-7aeab379e450', '158e321e-2dd5-4926-82ce-c31822bde965', '550e8400-e29b-41d4-a716-446655440701')
ON CONFLICT (id) DO NOTHING;
INSERT INTO events (id, created_by, event_type_id, title, description, event_date, venue_id, duration_minutes, cancelled, cancellation_reason, external_event_id)
VALUES (
  '83d619c8-bca1-42a1-8b4f-096d80083a5c',
  '77d77471-1250-47e0-81ab-d4626595d63c',
  '550e8400-e29b-41d4-a716-446655440402',
  'Illyrians FC vs Adé United FC',
  NULL,
  '2025-11-07 00:00:00',
  NULL,
  NULL,
  false,
  NULL,
  NULL
)
ON CONFLICT (id) DO UPDATE SET
  title = EXCLUDED.title,
  updated_at = EXCLUDED.updated_at;

INSERT INTO matches (id, home_team_id, away_team_id, home_away_status_id, home_team_score, away_team_score, match_status, competition_name, competition_round)
VALUES (
  '83d619c8-bca1-42a1-8b4f-096d80083a5c',
  '28134f76-23f8-4e68-80ce-9f9ab2a3942f',
  'da9e701d-7752-495a-8145-fe967b40c0d3',
  '550e8400-e29b-41d4-a716-446655440801',
  NULL,
  NULL,
  'scheduled',
  'Philadelphia Liga 1',
  NULL
)
ON CONFLICT (id) DO UPDATE SET
  home_team_score = EXCLUDED.home_team_score,
  away_team_score = EXCLUDED.away_team_score,
  match_status = EXCLUDED.match_status;

INSERT INTO event_participants (id, event_id, team_id, participation_status_id)
VALUES 
  ('68343645-95aa-4b17-be01-258f16e4c75b', '83d619c8-bca1-42a1-8b4f-096d80083a5c', '28134f76-23f8-4e68-80ce-9f9ab2a3942f', '550e8400-e29b-41d4-a716-446655440701'),
  ('07c90b93-ba1e-4586-a731-956bff515a12', '83d619c8-bca1-42a1-8b4f-096d80083a5c', 'da9e701d-7752-495a-8145-fe967b40c0d3', '550e8400-e29b-41d4-a716-446655440701')
ON CONFLICT (id) DO NOTHING;
INSERT INTO events (id, created_by, event_type_id, title, description, event_date, venue_id, duration_minutes, cancelled, cancellation_reason, external_event_id)
VALUES (
  'fc19745e-b7ac-4b64-8731-a256613e1534',
  '77d77471-1250-47e0-81ab-d4626595d63c',
  '550e8400-e29b-41d4-a716-446655440402',
  'Philadelphia Sierra Stars vs Philly BlackStars',
  NULL,
  '2025-11-06 01:45:00',
  NULL,
  NULL,
  false,
  NULL,
  NULL
)
ON CONFLICT (id) DO UPDATE SET
  title = EXCLUDED.title,
  updated_at = EXCLUDED.updated_at;

INSERT INTO matches (id, home_team_id, away_team_id, home_away_status_id, home_team_score, away_team_score, match_status, competition_name, competition_round)
VALUES (
  'fc19745e-b7ac-4b64-8731-a256613e1534',
  '3a2468dd-a31c-456a-88a9-fe7699d2b079',
  'bbef7779-4ba7-4939-891e-6d6f96a34577',
  '550e8400-e29b-41d4-a716-446655440801',
  NULL,
  NULL,
  'scheduled',
  'Philadelphia Liga 1',
  NULL
)
ON CONFLICT (id) DO UPDATE SET
  home_team_score = EXCLUDED.home_team_score,
  away_team_score = EXCLUDED.away_team_score,
  match_status = EXCLUDED.match_status;

INSERT INTO event_participants (id, event_id, team_id, participation_status_id)
VALUES 
  ('996fac70-2742-4e08-bd91-a84b55fbd598', 'fc19745e-b7ac-4b64-8731-a256613e1534', '3a2468dd-a31c-456a-88a9-fe7699d2b079', '550e8400-e29b-41d4-a716-446655440701'),
  ('7944e025-8971-439e-bf7a-bb5b1788f766', 'fc19745e-b7ac-4b64-8731-a256613e1534', 'bbef7779-4ba7-4939-891e-6d6f96a34577', '550e8400-e29b-41d4-a716-446655440701')
ON CONFLICT (id) DO NOTHING;
INSERT INTO events (id, created_by, event_type_id, title, description, event_date, venue_id, duration_minutes, cancelled, cancellation_reason, external_event_id)
VALUES (
  'eca34b29-7579-4b19-8833-5f5acf847b86',
  '77d77471-1250-47e0-81ab-d4626595d63c',
  '550e8400-e29b-41d4-a716-446655440402',
  'Phoenix SCM vs Persepolis FC',
  NULL,
  '2025-11-06 01:00:00',
  NULL,
  NULL,
  false,
  NULL,
  NULL
)
ON CONFLICT (id) DO UPDATE SET
  title = EXCLUDED.title,
  updated_at = EXCLUDED.updated_at;

INSERT INTO matches (id, home_team_id, away_team_id, home_away_status_id, home_team_score, away_team_score, match_status, competition_name, competition_round)
VALUES (
  'eca34b29-7579-4b19-8833-5f5acf847b86',
  'aad58707-7310-4751-86c5-e403a28757f4',
  'e1fe8b60-1ff9-46ae-8274-feccfd31eb8c',
  '550e8400-e29b-41d4-a716-446655440801',
  NULL,
  NULL,
  'scheduled',
  'Philadelphia Liga 1',
  NULL
)
ON CONFLICT (id) DO UPDATE SET
  home_team_score = EXCLUDED.home_team_score,
  away_team_score = EXCLUDED.away_team_score,
  match_status = EXCLUDED.match_status;

INSERT INTO event_participants (id, event_id, team_id, participation_status_id)
VALUES 
  ('ccffecc8-0a61-4dec-945c-58bef33ddd59', 'eca34b29-7579-4b19-8833-5f5acf847b86', 'aad58707-7310-4751-86c5-e403a28757f4', '550e8400-e29b-41d4-a716-446655440701'),
  ('fb8a495b-0733-4743-8157-b8c1c3436352', 'eca34b29-7579-4b19-8833-5f5acf847b86', 'e1fe8b60-1ff9-46ae-8274-feccfd31eb8c', '550e8400-e29b-41d4-a716-446655440701')
ON CONFLICT (id) DO NOTHING;
INSERT INTO events (id, created_by, event_type_id, title, description, event_date, venue_id, duration_minutes, cancelled, cancellation_reason, external_event_id)
VALUES (
  'd21597c2-6129-466a-8e93-2ac187d2fd9e',
  '77d77471-1250-47e0-81ab-d4626595d63c',
  '550e8400-e29b-41d4-a716-446655440402',
  'Lighthouse Old Timers Club vs Persepolis FC',
  NULL,
  '2025-11-02 20:00:00',
  NULL,
  NULL,
  false,
  NULL,
  NULL
)
ON CONFLICT (id) DO UPDATE SET
  title = EXCLUDED.title,
  updated_at = EXCLUDED.updated_at;

INSERT INTO matches (id, home_team_id, away_team_id, home_away_status_id, home_team_score, away_team_score, match_status, competition_name, competition_round)
VALUES (
  'd21597c2-6129-466a-8e93-2ac187d2fd9e',
  'da5e129e-1d82-4c59-85f9-1f5efd3d6c11',
  'e1fe8b60-1ff9-46ae-8274-feccfd31eb8c',
  '550e8400-e29b-41d4-a716-446655440801',
  NULL,
  NULL,
  'scheduled',
  'Philadelphia Liga 2',
  NULL
)
ON CONFLICT (id) DO UPDATE SET
  home_team_score = EXCLUDED.home_team_score,
  away_team_score = EXCLUDED.away_team_score,
  match_status = EXCLUDED.match_status;

INSERT INTO event_participants (id, event_id, team_id, participation_status_id)
VALUES 
  ('c1bb86b6-039d-4325-b013-a7c2ceb356cb', 'd21597c2-6129-466a-8e93-2ac187d2fd9e', 'da5e129e-1d82-4c59-85f9-1f5efd3d6c11', '550e8400-e29b-41d4-a716-446655440701'),
  ('90dcc3b0-15a6-49f6-b648-0bf47fc8c85d', 'd21597c2-6129-466a-8e93-2ac187d2fd9e', 'e1fe8b60-1ff9-46ae-8274-feccfd31eb8c', '550e8400-e29b-41d4-a716-446655440701')
ON CONFLICT (id) DO NOTHING;
INSERT INTO events (id, created_by, event_type_id, title, description, event_date, venue_id, duration_minutes, cancelled, cancellation_reason, external_event_id)
VALUES (
  '3a2d7ecc-fa9b-4169-874b-72b07ddf204f',
  '77d77471-1250-47e0-81ab-d4626595d63c',
  '550e8400-e29b-41d4-a716-446655440402',
  'Philly BlackStars vs Illyrians FC',
  NULL,
  '2025-09-07 16:45:00',
  NULL,
  NULL,
  false,
  NULL,
  NULL
)
ON CONFLICT (id) DO UPDATE SET
  title = EXCLUDED.title,
  updated_at = EXCLUDED.updated_at;

INSERT INTO matches (id, home_team_id, away_team_id, home_away_status_id, home_team_score, away_team_score, match_status, competition_name, competition_round)
VALUES (
  '3a2d7ecc-fa9b-4169-874b-72b07ddf204f',
  'bbef7779-4ba7-4939-891e-6d6f96a34577',
  '28134f76-23f8-4e68-80ce-9f9ab2a3942f',
  '550e8400-e29b-41d4-a716-446655440801',
  NULL,
  NULL,
  'scheduled',
  'Philadelphia Liga 1',
  NULL
)
ON CONFLICT (id) DO UPDATE SET
  home_team_score = EXCLUDED.home_team_score,
  away_team_score = EXCLUDED.away_team_score,
  match_status = EXCLUDED.match_status;

INSERT INTO event_participants (id, event_id, team_id, participation_status_id)
VALUES 
  ('f16aa4db-c796-4e70-acce-4557b0e6808f', '3a2d7ecc-fa9b-4169-874b-72b07ddf204f', 'bbef7779-4ba7-4939-891e-6d6f96a34577', '550e8400-e29b-41d4-a716-446655440701'),
  ('712e9c78-9c9c-4773-ba54-0394b4740c82', '3a2d7ecc-fa9b-4169-874b-72b07ddf204f', '28134f76-23f8-4e68-80ce-9f9ab2a3942f', '550e8400-e29b-41d4-a716-446655440701')
ON CONFLICT (id) DO NOTHING;
INSERT INTO events (id, created_by, event_type_id, title, description, event_date, venue_id, duration_minutes, cancelled, cancellation_reason, external_event_id)
VALUES (
  '3ad04f53-81ed-43b8-8b7e-fc544d239d67',
  '77d77471-1250-47e0-81ab-d4626595d63c',
  '550e8400-e29b-41d4-a716-446655440402',
  'Lighthouse Boys Club vs Oaklyn United FC II',
  NULL,
  '2025-09-07 17:30:00',
  NULL,
  NULL,
  false,
  NULL,
  NULL
)
ON CONFLICT (id) DO UPDATE SET
  title = EXCLUDED.title,
  updated_at = EXCLUDED.updated_at;

INSERT INTO matches (id, home_team_id, away_team_id, home_away_status_id, home_team_score, away_team_score, match_status, competition_name, competition_round)
VALUES (
  '3ad04f53-81ed-43b8-8b7e-fc544d239d67',
  '57d88568-993d-4411-8aa3-6244ca7ff704',
  '158e321e-2dd5-4926-82ce-c31822bde965',
  '550e8400-e29b-41d4-a716-446655440801',
  NULL,
  NULL,
  'scheduled',
  'Philadelphia Liga 1',
  NULL
)
ON CONFLICT (id) DO UPDATE SET
  home_team_score = EXCLUDED.home_team_score,
  away_team_score = EXCLUDED.away_team_score,
  match_status = EXCLUDED.match_status;

INSERT INTO event_participants (id, event_id, team_id, participation_status_id)
VALUES 
  ('ed28ba58-0f34-49c6-bf24-64601ae9a136', '3ad04f53-81ed-43b8-8b7e-fc544d239d67', '57d88568-993d-4411-8aa3-6244ca7ff704', '550e8400-e29b-41d4-a716-446655440701'),
  ('b59c2040-80f5-4497-a17f-fa3cb830f728', '3ad04f53-81ed-43b8-8b7e-fc544d239d67', '158e321e-2dd5-4926-82ce-c31822bde965', '550e8400-e29b-41d4-a716-446655440701')
ON CONFLICT (id) DO NOTHING;
INSERT INTO events (id, created_by, event_type_id, title, description, event_date, venue_id, duration_minutes, cancelled, cancellation_reason, external_event_id)
VALUES (
  'a652c999-a49e-4a94-8cd9-1d098cf426f9',
  '77d77471-1250-47e0-81ab-d4626595d63c',
  '550e8400-e29b-41d4-a716-446655440402',
  'Phoenix SCM vs Adé United FC',
  NULL,
  '2025-09-07 18:30:00',
  NULL,
  NULL,
  false,
  NULL,
  NULL
)
ON CONFLICT (id) DO UPDATE SET
  title = EXCLUDED.title,
  updated_at = EXCLUDED.updated_at;

INSERT INTO matches (id, home_team_id, away_team_id, home_away_status_id, home_team_score, away_team_score, match_status, competition_name, competition_round)
VALUES (
  'a652c999-a49e-4a94-8cd9-1d098cf426f9',
  'aad58707-7310-4751-86c5-e403a28757f4',
  'da9e701d-7752-495a-8145-fe967b40c0d3',
  '550e8400-e29b-41d4-a716-446655440801',
  NULL,
  NULL,
  'scheduled',
  'Philadelphia Liga 1',
  NULL
)
ON CONFLICT (id) DO UPDATE SET
  home_team_score = EXCLUDED.home_team_score,
  away_team_score = EXCLUDED.away_team_score,
  match_status = EXCLUDED.match_status;

INSERT INTO event_participants (id, event_id, team_id, participation_status_id)
VALUES 
  ('9369c508-e2d1-4245-8637-4795ce2bdbe9', 'a652c999-a49e-4a94-8cd9-1d098cf426f9', 'aad58707-7310-4751-86c5-e403a28757f4', '550e8400-e29b-41d4-a716-446655440701'),
  ('9812e9cc-0669-44e9-b5d7-0b16505ffbb0', 'a652c999-a49e-4a94-8cd9-1d098cf426f9', 'da9e701d-7752-495a-8145-fe967b40c0d3', '550e8400-e29b-41d4-a716-446655440701')
ON CONFLICT (id) DO NOTHING;
INSERT INTO events (id, created_by, event_type_id, title, description, event_date, venue_id, duration_minutes, cancelled, cancellation_reason, external_event_id)
VALUES (
  '8165bc74-cfe4-495b-86e4-86702b0dbf41',
  '77d77471-1250-47e0-81ab-d4626595d63c',
  '550e8400-e29b-41d4-a716-446655440402',
  'Philadelphia Sierra Stars vs Persepolis FC',
  NULL,
  '2025-09-07 18:30:00',
  NULL,
  NULL,
  false,
  NULL,
  NULL
)
ON CONFLICT (id) DO UPDATE SET
  title = EXCLUDED.title,
  updated_at = EXCLUDED.updated_at;

INSERT INTO matches (id, home_team_id, away_team_id, home_away_status_id, home_team_score, away_team_score, match_status, competition_name, competition_round)
VALUES (
  '8165bc74-cfe4-495b-86e4-86702b0dbf41',
  '3a2468dd-a31c-456a-88a9-fe7699d2b079',
  'e1fe8b60-1ff9-46ae-8274-feccfd31eb8c',
  '550e8400-e29b-41d4-a716-446655440801',
  NULL,
  NULL,
  'scheduled',
  'Philadelphia Liga 1',
  NULL
)
ON CONFLICT (id) DO UPDATE SET
  home_team_score = EXCLUDED.home_team_score,
  away_team_score = EXCLUDED.away_team_score,
  match_status = EXCLUDED.match_status;

INSERT INTO event_participants (id, event_id, team_id, participation_status_id)
VALUES 
  ('c748907c-78f6-40d3-b192-57971264098b', '8165bc74-cfe4-495b-86e4-86702b0dbf41', '3a2468dd-a31c-456a-88a9-fe7699d2b079', '550e8400-e29b-41d4-a716-446655440701'),
  ('3f17733b-91e6-4c1c-860f-da5bcd0301ce', '8165bc74-cfe4-495b-86e4-86702b0dbf41', 'e1fe8b60-1ff9-46ae-8274-feccfd31eb8c', '550e8400-e29b-41d4-a716-446655440701')
ON CONFLICT (id) DO NOTHING;
INSERT INTO events (id, created_by, event_type_id, title, description, event_date, venue_id, duration_minutes, cancelled, cancellation_reason, external_event_id)
VALUES (
  '2517d2fd-90c5-471a-84de-4f7d3ec058ec',
  '77d77471-1250-47e0-81ab-d4626595d63c',
  '550e8400-e29b-41d4-a716-446655440402',
  'Persepolis FC vs Philly BlackStars',
  NULL,
  '2025-09-14 16:30:00',
  NULL,
  NULL,
  false,
  NULL,
  NULL
)
ON CONFLICT (id) DO UPDATE SET
  title = EXCLUDED.title,
  updated_at = EXCLUDED.updated_at;

INSERT INTO matches (id, home_team_id, away_team_id, home_away_status_id, home_team_score, away_team_score, match_status, competition_name, competition_round)
VALUES (
  '2517d2fd-90c5-471a-84de-4f7d3ec058ec',
  'e1fe8b60-1ff9-46ae-8274-feccfd31eb8c',
  'bbef7779-4ba7-4939-891e-6d6f96a34577',
  '550e8400-e29b-41d4-a716-446655440801',
  NULL,
  NULL,
  'scheduled',
  'Philadelphia Liga 1',
  NULL
)
ON CONFLICT (id) DO UPDATE SET
  home_team_score = EXCLUDED.home_team_score,
  away_team_score = EXCLUDED.away_team_score,
  match_status = EXCLUDED.match_status;

INSERT INTO event_participants (id, event_id, team_id, participation_status_id)
VALUES 
  ('b1b20bd0-afe4-4fd9-b5df-3f5fbf7d8e26', '2517d2fd-90c5-471a-84de-4f7d3ec058ec', 'e1fe8b60-1ff9-46ae-8274-feccfd31eb8c', '550e8400-e29b-41d4-a716-446655440701'),
  ('3e5d9784-f5e5-489a-a627-e46306e5242e', '2517d2fd-90c5-471a-84de-4f7d3ec058ec', 'bbef7779-4ba7-4939-891e-6d6f96a34577', '550e8400-e29b-41d4-a716-446655440701')
ON CONFLICT (id) DO NOTHING;
INSERT INTO events (id, created_by, event_type_id, title, description, event_date, venue_id, duration_minutes, cancelled, cancellation_reason, external_event_id)
VALUES (
  '91a9c8b7-406d-41de-8df6-8607f59396cf',
  '77d77471-1250-47e0-81ab-d4626595d63c',
  '550e8400-e29b-41d4-a716-446655440402',
  'Oaklyn United FC II vs Adé United FC',
  NULL,
  '2025-09-14 17:00:00',
  NULL,
  NULL,
  false,
  NULL,
  NULL
)
ON CONFLICT (id) DO UPDATE SET
  title = EXCLUDED.title,
  updated_at = EXCLUDED.updated_at;

INSERT INTO matches (id, home_team_id, away_team_id, home_away_status_id, home_team_score, away_team_score, match_status, competition_name, competition_round)
VALUES (
  '91a9c8b7-406d-41de-8df6-8607f59396cf',
  '158e321e-2dd5-4926-82ce-c31822bde965',
  'da9e701d-7752-495a-8145-fe967b40c0d3',
  '550e8400-e29b-41d4-a716-446655440801',
  NULL,
  NULL,
  'scheduled',
  'Philadelphia Liga 1',
  NULL
)
ON CONFLICT (id) DO UPDATE SET
  home_team_score = EXCLUDED.home_team_score,
  away_team_score = EXCLUDED.away_team_score,
  match_status = EXCLUDED.match_status;

INSERT INTO event_participants (id, event_id, team_id, participation_status_id)
VALUES 
  ('c3fab727-9902-4496-93a7-2fdd080afc05', '91a9c8b7-406d-41de-8df6-8607f59396cf', '158e321e-2dd5-4926-82ce-c31822bde965', '550e8400-e29b-41d4-a716-446655440701'),
  ('7b6b5f8e-c120-4b32-b8e9-0512f4fdad80', '91a9c8b7-406d-41de-8df6-8607f59396cf', 'da9e701d-7752-495a-8145-fe967b40c0d3', '550e8400-e29b-41d4-a716-446655440701')
ON CONFLICT (id) DO NOTHING;
INSERT INTO events (id, created_by, event_type_id, title, description, event_date, venue_id, duration_minutes, cancelled, cancellation_reason, external_event_id)
VALUES (
  '52f4814d-e1a3-468f-89bd-6e02155b6129',
  '77d77471-1250-47e0-81ab-d4626595d63c',
  '550e8400-e29b-41d4-a716-446655440402',
  'Phoenix SCM vs Philadelphia SC II',
  NULL,
  '2025-09-14 18:30:00',
  NULL,
  NULL,
  false,
  NULL,
  NULL
)
ON CONFLICT (id) DO UPDATE SET
  title = EXCLUDED.title,
  updated_at = EXCLUDED.updated_at;

INSERT INTO matches (id, home_team_id, away_team_id, home_away_status_id, home_team_score, away_team_score, match_status, competition_name, competition_round)
VALUES (
  '52f4814d-e1a3-468f-89bd-6e02155b6129',
  'aad58707-7310-4751-86c5-e403a28757f4',
  NULL,
  '550e8400-e29b-41d4-a716-446655440801',
  NULL,
  NULL,
  'scheduled',
  'Philadelphia Liga 1',
  NULL
)
ON CONFLICT (id) DO UPDATE SET
  home_team_score = EXCLUDED.home_team_score,
  away_team_score = EXCLUDED.away_team_score,
  match_status = EXCLUDED.match_status;

INSERT INTO event_participants (id, event_id, team_id, participation_status_id)
VALUES 
  ('4a12c316-4860-4694-96db-1d4d400592c5', '52f4814d-e1a3-468f-89bd-6e02155b6129', 'aad58707-7310-4751-86c5-e403a28757f4', '550e8400-e29b-41d4-a716-446655440701')
ON CONFLICT (id) DO NOTHING;
INSERT INTO events (id, created_by, event_type_id, title, description, event_date, venue_id, duration_minutes, cancelled, cancellation_reason, external_event_id)
VALUES (
  '4705a186-2ec4-4a63-8c68-f2921e2bc16f',
  '77d77471-1250-47e0-81ab-d4626595d63c',
  '550e8400-e29b-41d4-a716-446655440402',
  'Illyrians FC vs Lighthouse Boys Club',
  NULL,
  '2025-09-14 18:45:00',
  NULL,
  NULL,
  false,
  NULL,
  NULL
)
ON CONFLICT (id) DO UPDATE SET
  title = EXCLUDED.title,
  updated_at = EXCLUDED.updated_at;

INSERT INTO matches (id, home_team_id, away_team_id, home_away_status_id, home_team_score, away_team_score, match_status, competition_name, competition_round)
VALUES (
  '4705a186-2ec4-4a63-8c68-f2921e2bc16f',
  '28134f76-23f8-4e68-80ce-9f9ab2a3942f',
  '57d88568-993d-4411-8aa3-6244ca7ff704',
  '550e8400-e29b-41d4-a716-446655440801',
  NULL,
  NULL,
  'scheduled',
  'Philadelphia Liga 1',
  NULL
)
ON CONFLICT (id) DO UPDATE SET
  home_team_score = EXCLUDED.home_team_score,
  away_team_score = EXCLUDED.away_team_score,
  match_status = EXCLUDED.match_status;

INSERT INTO event_participants (id, event_id, team_id, participation_status_id)
VALUES 
  ('70d43c7e-d814-4d36-b233-44c9d7835e6f', '4705a186-2ec4-4a63-8c68-f2921e2bc16f', '28134f76-23f8-4e68-80ce-9f9ab2a3942f', '550e8400-e29b-41d4-a716-446655440701'),
  ('ee5c3e1c-6508-44f2-972b-f4771109e60d', '4705a186-2ec4-4a63-8c68-f2921e2bc16f', '57d88568-993d-4411-8aa3-6244ca7ff704', '550e8400-e29b-41d4-a716-446655440701')
ON CONFLICT (id) DO NOTHING;
INSERT INTO events (id, created_by, event_type_id, title, description, event_date, venue_id, duration_minutes, cancelled, cancellation_reason, external_event_id)
VALUES (
  '55b1a2da-7521-4691-82ae-831d929ec711',
  '77d77471-1250-47e0-81ab-d4626595d63c',
  '550e8400-e29b-41d4-a716-446655440402',
  'Adé United FC vs Illyrians FC',
  NULL,
  '2025-09-21 15:45:00',
  NULL,
  NULL,
  false,
  NULL,
  NULL
)
ON CONFLICT (id) DO UPDATE SET
  title = EXCLUDED.title,
  updated_at = EXCLUDED.updated_at;

INSERT INTO matches (id, home_team_id, away_team_id, home_away_status_id, home_team_score, away_team_score, match_status, competition_name, competition_round)
VALUES (
  '55b1a2da-7521-4691-82ae-831d929ec711',
  'da9e701d-7752-495a-8145-fe967b40c0d3',
  '28134f76-23f8-4e68-80ce-9f9ab2a3942f',
  '550e8400-e29b-41d4-a716-446655440801',
  NULL,
  NULL,
  'scheduled',
  'Philadelphia Liga 1',
  NULL
)
ON CONFLICT (id) DO UPDATE SET
  home_team_score = EXCLUDED.home_team_score,
  away_team_score = EXCLUDED.away_team_score,
  match_status = EXCLUDED.match_status;

INSERT INTO event_participants (id, event_id, team_id, participation_status_id)
VALUES 
  ('bfc27f07-5f72-44d0-8811-ee2cb9f6e1bf', '55b1a2da-7521-4691-82ae-831d929ec711', 'da9e701d-7752-495a-8145-fe967b40c0d3', '550e8400-e29b-41d4-a716-446655440701'),
  ('24b2014d-378f-45f3-8e83-3eb902702466', '55b1a2da-7521-4691-82ae-831d929ec711', '28134f76-23f8-4e68-80ce-9f9ab2a3942f', '550e8400-e29b-41d4-a716-446655440701')
ON CONFLICT (id) DO NOTHING;
INSERT INTO events (id, created_by, event_type_id, title, description, event_date, venue_id, duration_minutes, cancelled, cancellation_reason, external_event_id)
VALUES (
  '34bb814d-67bc-489f-8c94-2198057fb592',
  '77d77471-1250-47e0-81ab-d4626595d63c',
  '550e8400-e29b-41d4-a716-446655440402',
  'Lighthouse Boys Club vs Phoenix Reserves',
  NULL,
  '2025-09-21 15:45:00',
  NULL,
  NULL,
  false,
  NULL,
  NULL
)
ON CONFLICT (id) DO UPDATE SET
  title = EXCLUDED.title,
  updated_at = EXCLUDED.updated_at;

INSERT INTO matches (id, home_team_id, away_team_id, home_away_status_id, home_team_score, away_team_score, match_status, competition_name, competition_round)
VALUES (
  '34bb814d-67bc-489f-8c94-2198057fb592',
  '57d88568-993d-4411-8aa3-6244ca7ff704',
  NULL,
  '550e8400-e29b-41d4-a716-446655440801',
  NULL,
  NULL,
  'scheduled',
  'Philadelphia Liga 1',
  NULL
)
ON CONFLICT (id) DO UPDATE SET
  home_team_score = EXCLUDED.home_team_score,
  away_team_score = EXCLUDED.away_team_score,
  match_status = EXCLUDED.match_status;

INSERT INTO event_participants (id, event_id, team_id, participation_status_id)
VALUES 
  ('c1090c68-5180-441c-ad29-ffdadaec27be', '34bb814d-67bc-489f-8c94-2198057fb592', '57d88568-993d-4411-8aa3-6244ca7ff704', '550e8400-e29b-41d4-a716-446655440701')
ON CONFLICT (id) DO NOTHING;
INSERT INTO events (id, created_by, event_type_id, title, description, event_date, venue_id, duration_minutes, cancelled, cancellation_reason, external_event_id)
VALUES (
  '69b364be-8f29-4a83-8fb9-69c70a476f67',
  '77d77471-1250-47e0-81ab-d4626595d63c',
  '550e8400-e29b-41d4-a716-446655440402',
  'Lighthouse Old Timers Club vs Phoenix SCM',
  NULL,
  '2025-11-16 18:30:00',
  NULL,
  NULL,
  false,
  NULL,
  NULL
)
ON CONFLICT (id) DO UPDATE SET
  title = EXCLUDED.title,
  updated_at = EXCLUDED.updated_at;

INSERT INTO matches (id, home_team_id, away_team_id, home_away_status_id, home_team_score, away_team_score, match_status, competition_name, competition_round)
VALUES (
  '69b364be-8f29-4a83-8fb9-69c70a476f67',
  'da5e129e-1d82-4c59-85f9-1f5efd3d6c11',
  'aad58707-7310-4751-86c5-e403a28757f4',
  '550e8400-e29b-41d4-a716-446655440801',
  NULL,
  NULL,
  'scheduled',
  'Philadelphia Liga 2',
  NULL
)
ON CONFLICT (id) DO UPDATE SET
  home_team_score = EXCLUDED.home_team_score,
  away_team_score = EXCLUDED.away_team_score,
  match_status = EXCLUDED.match_status;

INSERT INTO event_participants (id, event_id, team_id, participation_status_id)
VALUES 
  ('57cfd9d5-49e7-41ea-9163-752080122142', '69b364be-8f29-4a83-8fb9-69c70a476f67', 'da5e129e-1d82-4c59-85f9-1f5efd3d6c11', '550e8400-e29b-41d4-a716-446655440701'),
  ('c67071c5-8b40-4fad-8e4b-0639dca54d54', '69b364be-8f29-4a83-8fb9-69c70a476f67', 'aad58707-7310-4751-86c5-e403a28757f4', '550e8400-e29b-41d4-a716-446655440701')
ON CONFLICT (id) DO NOTHING;
INSERT INTO events (id, created_by, event_type_id, title, description, event_date, venue_id, duration_minutes, cancelled, cancellation_reason, external_event_id)
VALUES (
  '09e2955e-5f2f-441b-8fb0-d033f67dc791',
  '77d77471-1250-47e0-81ab-d4626595d63c',
  '550e8400-e29b-41d4-a716-446655440402',
  'Phoenix SCM vs Persepolis FC',
  NULL,
  '2025-11-09 16:45:00',
  NULL,
  NULL,
  false,
  NULL,
  NULL
)
ON CONFLICT (id) DO UPDATE SET
  title = EXCLUDED.title,
  updated_at = EXCLUDED.updated_at;

INSERT INTO matches (id, home_team_id, away_team_id, home_away_status_id, home_team_score, away_team_score, match_status, competition_name, competition_round)
VALUES (
  '09e2955e-5f2f-441b-8fb0-d033f67dc791',
  'aad58707-7310-4751-86c5-e403a28757f4',
  'e1fe8b60-1ff9-46ae-8274-feccfd31eb8c',
  '550e8400-e29b-41d4-a716-446655440801',
  NULL,
  NULL,
  'scheduled',
  'Philadelphia Liga 2',
  NULL
)
ON CONFLICT (id) DO UPDATE SET
  home_team_score = EXCLUDED.home_team_score,
  away_team_score = EXCLUDED.away_team_score,
  match_status = EXCLUDED.match_status;

INSERT INTO event_participants (id, event_id, team_id, participation_status_id)
VALUES 
  ('b3705e4f-d1a4-4ec7-873e-75edf9a817ab', '09e2955e-5f2f-441b-8fb0-d033f67dc791', 'aad58707-7310-4751-86c5-e403a28757f4', '550e8400-e29b-41d4-a716-446655440701'),
  ('4035c7e2-47d6-42e2-9f14-2da3cf5182b7', '09e2955e-5f2f-441b-8fb0-d033f67dc791', 'e1fe8b60-1ff9-46ae-8274-feccfd31eb8c', '550e8400-e29b-41d4-a716-446655440701')
ON CONFLICT (id) DO NOTHING;
INSERT INTO events (id, created_by, event_type_id, title, description, event_date, venue_id, duration_minutes, cancelled, cancellation_reason, external_event_id)
VALUES (
  'e082a5b2-71e3-474a-8256-16ce76e60795',
  '77d77471-1250-47e0-81ab-d4626595d63c',
  '550e8400-e29b-41d4-a716-446655440402',
  'Philadelphia SC II vs Oaklyn United Nor’Easters II',
  NULL,
  '2025-11-07 01:45:00',
  NULL,
  NULL,
  false,
  NULL,
  NULL
)
ON CONFLICT (id) DO UPDATE SET
  title = EXCLUDED.title,
  updated_at = EXCLUDED.updated_at;

INSERT INTO matches (id, home_team_id, away_team_id, home_away_status_id, home_team_score, away_team_score, match_status, competition_name, competition_round)
VALUES (
  'e082a5b2-71e3-474a-8256-16ce76e60795',
  '0033b87c-9650-4c9d-80b3-69ec4751c7cc',
  NULL,
  '550e8400-e29b-41d4-a716-446655440801',
  NULL,
  NULL,
  'scheduled',
  'Philadelphia Liga 2',
  NULL
)
ON CONFLICT (id) DO UPDATE SET
  home_team_score = EXCLUDED.home_team_score,
  away_team_score = EXCLUDED.away_team_score,
  match_status = EXCLUDED.match_status;

INSERT INTO event_participants (id, event_id, team_id, participation_status_id)
VALUES 
  ('a8b808aa-c9ab-4193-928d-7b20b359638f', 'e082a5b2-71e3-474a-8256-16ce76e60795', '0033b87c-9650-4c9d-80b3-69ec4751c7cc', '550e8400-e29b-41d4-a716-446655440701')
ON CONFLICT (id) DO NOTHING;
INSERT INTO events (id, created_by, event_type_id, title, description, event_date, venue_id, duration_minutes, cancelled, cancellation_reason, external_event_id)
VALUES (
  '91ebabec-ce77-47e8-832e-99263cba41e6',
  '77d77471-1250-47e0-81ab-d4626595d63c',
  '550e8400-e29b-41d4-a716-446655440402',
  'Philadelphia SC II vs Phoenix SCM',
  NULL,
  '2025-11-02 19:45:00',
  NULL,
  NULL,
  false,
  NULL,
  NULL
)
ON CONFLICT (id) DO UPDATE SET
  title = EXCLUDED.title,
  updated_at = EXCLUDED.updated_at;

INSERT INTO matches (id, home_team_id, away_team_id, home_away_status_id, home_team_score, away_team_score, match_status, competition_name, competition_round)
VALUES (
  '91ebabec-ce77-47e8-832e-99263cba41e6',
  '0033b87c-9650-4c9d-80b3-69ec4751c7cc',
  'aad58707-7310-4751-86c5-e403a28757f4',
  '550e8400-e29b-41d4-a716-446655440801',
  NULL,
  NULL,
  'scheduled',
  'Philadelphia Liga 2',
  NULL
)
ON CONFLICT (id) DO UPDATE SET
  home_team_score = EXCLUDED.home_team_score,
  away_team_score = EXCLUDED.away_team_score,
  match_status = EXCLUDED.match_status;

INSERT INTO event_participants (id, event_id, team_id, participation_status_id)
VALUES 
  ('3b001a90-ca35-474c-bf2c-2c39a950e5d9', '91ebabec-ce77-47e8-832e-99263cba41e6', '0033b87c-9650-4c9d-80b3-69ec4751c7cc', '550e8400-e29b-41d4-a716-446655440701'),
  ('7b0a1787-8b76-49cf-abd8-cd91c37f44d5', '91ebabec-ce77-47e8-832e-99263cba41e6', 'aad58707-7310-4751-86c5-e403a28757f4', '550e8400-e29b-41d4-a716-446655440701')
ON CONFLICT (id) DO NOTHING;
INSERT INTO events (id, created_by, event_type_id, title, description, event_date, venue_id, duration_minutes, cancelled, cancellation_reason, external_event_id)
VALUES (
  '65ba7c5f-18c6-4fb1-8eca-963156acf6f3',
  '77d77471-1250-47e0-81ab-d4626595d63c',
  '550e8400-e29b-41d4-a716-446655440402',
  'Philadelphia SC II vs Persepolis FC',
  NULL,
  '2025-10-31 00:45:00',
  NULL,
  NULL,
  false,
  NULL,
  NULL
)
ON CONFLICT (id) DO UPDATE SET
  title = EXCLUDED.title,
  updated_at = EXCLUDED.updated_at;

INSERT INTO matches (id, home_team_id, away_team_id, home_away_status_id, home_team_score, away_team_score, match_status, competition_name, competition_round)
VALUES (
  '65ba7c5f-18c6-4fb1-8eca-963156acf6f3',
  '0033b87c-9650-4c9d-80b3-69ec4751c7cc',
  'e1fe8b60-1ff9-46ae-8274-feccfd31eb8c',
  '550e8400-e29b-41d4-a716-446655440801',
  NULL,
  NULL,
  'scheduled',
  'Philadelphia Liga 2',
  NULL
)
ON CONFLICT (id) DO UPDATE SET
  home_team_score = EXCLUDED.home_team_score,
  away_team_score = EXCLUDED.away_team_score,
  match_status = EXCLUDED.match_status;

INSERT INTO event_participants (id, event_id, team_id, participation_status_id)
VALUES 
  ('7978addf-b976-458e-ba4f-4302d5b838cd', '65ba7c5f-18c6-4fb1-8eca-963156acf6f3', '0033b87c-9650-4c9d-80b3-69ec4751c7cc', '550e8400-e29b-41d4-a716-446655440701'),
  ('65a9acf9-faa6-404e-81ab-f00f2a325625', '65ba7c5f-18c6-4fb1-8eca-963156acf6f3', 'e1fe8b60-1ff9-46ae-8274-feccfd31eb8c', '550e8400-e29b-41d4-a716-446655440701')
ON CONFLICT (id) DO NOTHING;
INSERT INTO events (id, created_by, event_type_id, title, description, event_date, venue_id, duration_minutes, cancelled, cancellation_reason, external_event_id)
VALUES (
  'abcbff6c-c508-4198-86c6-d093e886f9d7',
  '77d77471-1250-47e0-81ab-d4626595d63c',
  '550e8400-e29b-41d4-a716-446655440402',
  'Illyrians FC vs Phoenix SCM',
  NULL,
  '2025-10-29 23:30:00',
  NULL,
  NULL,
  false,
  NULL,
  NULL
)
ON CONFLICT (id) DO UPDATE SET
  title = EXCLUDED.title,
  updated_at = EXCLUDED.updated_at;

INSERT INTO matches (id, home_team_id, away_team_id, home_away_status_id, home_team_score, away_team_score, match_status, competition_name, competition_round)
VALUES (
  'abcbff6c-c508-4198-86c6-d093e886f9d7',
  '28134f76-23f8-4e68-80ce-9f9ab2a3942f',
  'aad58707-7310-4751-86c5-e403a28757f4',
  '550e8400-e29b-41d4-a716-446655440801',
  NULL,
  NULL,
  'scheduled',
  'Philadelphia Liga 2',
  NULL
)
ON CONFLICT (id) DO UPDATE SET
  home_team_score = EXCLUDED.home_team_score,
  away_team_score = EXCLUDED.away_team_score,
  match_status = EXCLUDED.match_status;

INSERT INTO event_participants (id, event_id, team_id, participation_status_id)
VALUES 
  ('c0472baa-2684-402d-93b2-967cbf8dc0c7', 'abcbff6c-c508-4198-86c6-d093e886f9d7', '28134f76-23f8-4e68-80ce-9f9ab2a3942f', '550e8400-e29b-41d4-a716-446655440701'),
  ('f2d0e8c4-200d-45d1-9ea8-a50c0c2c8934', 'abcbff6c-c508-4198-86c6-d093e886f9d7', 'aad58707-7310-4751-86c5-e403a28757f4', '550e8400-e29b-41d4-a716-446655440701')
ON CONFLICT (id) DO NOTHING;
INSERT INTO events (id, created_by, event_type_id, title, description, event_date, venue_id, duration_minutes, cancelled, cancellation_reason, external_event_id)
VALUES (
  '81da90ed-f792-4c81-8f6b-4e74349bea1d',
  '77d77471-1250-47e0-81ab-d4626595d63c',
  '550e8400-e29b-41d4-a716-446655440402',
  'Persepolis FC vs Lighthouse Old Timers Club',
  NULL,
  '2025-10-12 18:45:00',
  NULL,
  NULL,
  false,
  NULL,
  NULL
)
ON CONFLICT (id) DO UPDATE SET
  title = EXCLUDED.title,
  updated_at = EXCLUDED.updated_at;

INSERT INTO matches (id, home_team_id, away_team_id, home_away_status_id, home_team_score, away_team_score, match_status, competition_name, competition_round)
VALUES (
  '81da90ed-f792-4c81-8f6b-4e74349bea1d',
  'e1fe8b60-1ff9-46ae-8274-feccfd31eb8c',
  'da5e129e-1d82-4c59-85f9-1f5efd3d6c11',
  '550e8400-e29b-41d4-a716-446655440801',
  NULL,
  NULL,
  'scheduled',
  'Philadelphia Liga 2',
  NULL
)
ON CONFLICT (id) DO UPDATE SET
  home_team_score = EXCLUDED.home_team_score,
  away_team_score = EXCLUDED.away_team_score,
  match_status = EXCLUDED.match_status;

INSERT INTO event_participants (id, event_id, team_id, participation_status_id)
VALUES 
  ('dbcb7ae0-774e-4e4c-b97d-390305dd0fea', '81da90ed-f792-4c81-8f6b-4e74349bea1d', 'e1fe8b60-1ff9-46ae-8274-feccfd31eb8c', '550e8400-e29b-41d4-a716-446655440701'),
  ('84bc4a80-e205-4d83-9818-57ae35e25093', '81da90ed-f792-4c81-8f6b-4e74349bea1d', 'da5e129e-1d82-4c59-85f9-1f5efd3d6c11', '550e8400-e29b-41d4-a716-446655440701')
ON CONFLICT (id) DO NOTHING;
INSERT INTO events (id, created_by, event_type_id, title, description, event_date, venue_id, duration_minutes, cancelled, cancellation_reason, external_event_id)
VALUES (
  'afafacd7-d142-4996-881f-cbade4ac2ca9',
  '77d77471-1250-47e0-81ab-d4626595d63c',
  '550e8400-e29b-41d4-a716-446655440402',
  'Philadelphia SC II vs Philly BlackStars',
  NULL,
  '2025-10-12 18:45:00',
  NULL,
  NULL,
  false,
  NULL,
  NULL
)
ON CONFLICT (id) DO UPDATE SET
  title = EXCLUDED.title,
  updated_at = EXCLUDED.updated_at;

INSERT INTO matches (id, home_team_id, away_team_id, home_away_status_id, home_team_score, away_team_score, match_status, competition_name, competition_round)
VALUES (
  'afafacd7-d142-4996-881f-cbade4ac2ca9',
  '0033b87c-9650-4c9d-80b3-69ec4751c7cc',
  'bbef7779-4ba7-4939-891e-6d6f96a34577',
  '550e8400-e29b-41d4-a716-446655440801',
  NULL,
  NULL,
  'scheduled',
  'Philadelphia Liga 2',
  NULL
)
ON CONFLICT (id) DO UPDATE SET
  home_team_score = EXCLUDED.home_team_score,
  away_team_score = EXCLUDED.away_team_score,
  match_status = EXCLUDED.match_status;

INSERT INTO event_participants (id, event_id, team_id, participation_status_id)
VALUES 
  ('7e6a20ac-5800-41af-ae65-e7bc8e9cb607', 'afafacd7-d142-4996-881f-cbade4ac2ca9', '0033b87c-9650-4c9d-80b3-69ec4751c7cc', '550e8400-e29b-41d4-a716-446655440701'),
  ('4ca12ba2-7c6f-4f4c-bd02-2097ace4d131', 'afafacd7-d142-4996-881f-cbade4ac2ca9', 'bbef7779-4ba7-4939-891e-6d6f96a34577', '550e8400-e29b-41d4-a716-446655440701')
ON CONFLICT (id) DO NOTHING;
INSERT INTO events (id, created_by, event_type_id, title, description, event_date, venue_id, duration_minutes, cancelled, cancellation_reason, external_event_id)
VALUES (
  '1ef4683f-b4d8-41d6-8c35-21df11a48cff',
  '77d77471-1250-47e0-81ab-d4626595d63c',
  '550e8400-e29b-41d4-a716-446655440402',
  'Phoenix SCM vs Philadelphia SC II',
  NULL,
  '2025-09-07 16:00:00',
  NULL,
  NULL,
  false,
  NULL,
  NULL
)
ON CONFLICT (id) DO UPDATE SET
  title = EXCLUDED.title,
  updated_at = EXCLUDED.updated_at;

INSERT INTO matches (id, home_team_id, away_team_id, home_away_status_id, home_team_score, away_team_score, match_status, competition_name, competition_round)
VALUES (
  '1ef4683f-b4d8-41d6-8c35-21df11a48cff',
  'aad58707-7310-4751-86c5-e403a28757f4',
  '0033b87c-9650-4c9d-80b3-69ec4751c7cc',
  '550e8400-e29b-41d4-a716-446655440801',
  NULL,
  NULL,
  'scheduled',
  'Philadelphia Liga 2',
  NULL
)
ON CONFLICT (id) DO UPDATE SET
  home_team_score = EXCLUDED.home_team_score,
  away_team_score = EXCLUDED.away_team_score,
  match_status = EXCLUDED.match_status;

INSERT INTO event_participants (id, event_id, team_id, participation_status_id)
VALUES 
  ('f95cf6c6-e363-42f7-a1cc-3db3439b5dd0', '1ef4683f-b4d8-41d6-8c35-21df11a48cff', 'aad58707-7310-4751-86c5-e403a28757f4', '550e8400-e29b-41d4-a716-446655440701'),
  ('b2b9e76e-6a25-468c-a2a1-e67e314d52e8', '1ef4683f-b4d8-41d6-8c35-21df11a48cff', '0033b87c-9650-4c9d-80b3-69ec4751c7cc', '550e8400-e29b-41d4-a716-446655440701')
ON CONFLICT (id) DO NOTHING;
INSERT INTO events (id, created_by, event_type_id, title, description, event_date, venue_id, duration_minutes, cancelled, cancellation_reason, external_event_id)
VALUES (
  '65f7a58b-d5f2-4aff-842b-49089f156b53',
  '77d77471-1250-47e0-81ab-d4626595d63c',
  '550e8400-e29b-41d4-a716-446655440402',
  'Phoenix SCM vs Lighthouse Old Timers Club',
  NULL,
  '2025-09-14 16:00:00',
  NULL,
  NULL,
  false,
  NULL,
  NULL
)
ON CONFLICT (id) DO UPDATE SET
  title = EXCLUDED.title,
  updated_at = EXCLUDED.updated_at;

INSERT INTO matches (id, home_team_id, away_team_id, home_away_status_id, home_team_score, away_team_score, match_status, competition_name, competition_round)
VALUES (
  '65f7a58b-d5f2-4aff-842b-49089f156b53',
  'aad58707-7310-4751-86c5-e403a28757f4',
  'da5e129e-1d82-4c59-85f9-1f5efd3d6c11',
  '550e8400-e29b-41d4-a716-446655440801',
  NULL,
  NULL,
  'scheduled',
  'Philadelphia Liga 2',
  NULL
)
ON CONFLICT (id) DO UPDATE SET
  home_team_score = EXCLUDED.home_team_score,
  away_team_score = EXCLUDED.away_team_score,
  match_status = EXCLUDED.match_status;

INSERT INTO event_participants (id, event_id, team_id, participation_status_id)
VALUES 
  ('e6007010-45bc-4125-b0c6-b287ac69c107', '65f7a58b-d5f2-4aff-842b-49089f156b53', 'aad58707-7310-4751-86c5-e403a28757f4', '550e8400-e29b-41d4-a716-446655440701'),
  ('444addaa-a161-4662-af42-024be6014332', '65f7a58b-d5f2-4aff-842b-49089f156b53', 'da5e129e-1d82-4c59-85f9-1f5efd3d6c11', '550e8400-e29b-41d4-a716-446655440701')
ON CONFLICT (id) DO NOTHING;
INSERT INTO events (id, created_by, event_type_id, title, description, event_date, venue_id, duration_minutes, cancelled, cancellation_reason, external_event_id)
VALUES (
  'd5e6fbec-5173-4a03-83ad-97f5620f579e',
  '77d77471-1250-47e0-81ab-d4626595d63c',
  '550e8400-e29b-41d4-a716-446655440402',
  'Philadelphia SC II vs Phoenix Majors',
  NULL,
  '2025-09-14 18:45:00',
  NULL,
  NULL,
  false,
  NULL,
  NULL
)
ON CONFLICT (id) DO UPDATE SET
  title = EXCLUDED.title,
  updated_at = EXCLUDED.updated_at;

INSERT INTO matches (id, home_team_id, away_team_id, home_away_status_id, home_team_score, away_team_score, match_status, competition_name, competition_round)
VALUES (
  'd5e6fbec-5173-4a03-83ad-97f5620f579e',
  '0033b87c-9650-4c9d-80b3-69ec4751c7cc',
  NULL,
  '550e8400-e29b-41d4-a716-446655440801',
  NULL,
  NULL,
  'scheduled',
  'Philadelphia Liga 2',
  NULL
)
ON CONFLICT (id) DO UPDATE SET
  home_team_score = EXCLUDED.home_team_score,
  away_team_score = EXCLUDED.away_team_score,
  match_status = EXCLUDED.match_status;

INSERT INTO event_participants (id, event_id, team_id, participation_status_id)
VALUES 
  ('145e7fc7-be77-4a54-8ae9-24617b819083', 'd5e6fbec-5173-4a03-83ad-97f5620f579e', '0033b87c-9650-4c9d-80b3-69ec4751c7cc', '550e8400-e29b-41d4-a716-446655440701')
ON CONFLICT (id) DO NOTHING;
INSERT INTO events (id, created_by, event_type_id, title, description, event_date, venue_id, duration_minutes, cancelled, cancellation_reason, external_event_id)
VALUES (
  '1a769bff-9ff3-447b-85c7-d57d62d5dcfd',
  '77d77471-1250-47e0-81ab-d4626595d63c',
  '550e8400-e29b-41d4-a716-446655440402',
  'Lighthouse Boys Club vs Phoenix SCM',
  NULL,
  '2025-09-21 15:45:00',
  NULL,
  NULL,
  false,
  NULL,
  NULL
)
ON CONFLICT (id) DO UPDATE SET
  title = EXCLUDED.title,
  updated_at = EXCLUDED.updated_at;

INSERT INTO matches (id, home_team_id, away_team_id, home_away_status_id, home_team_score, away_team_score, match_status, competition_name, competition_round)
VALUES (
  '1a769bff-9ff3-447b-85c7-d57d62d5dcfd',
  '57d88568-993d-4411-8aa3-6244ca7ff704',
  'aad58707-7310-4751-86c5-e403a28757f4',
  '550e8400-e29b-41d4-a716-446655440801',
  NULL,
  NULL,
  'scheduled',
  'Philadelphia Liga 2',
  NULL
)
ON CONFLICT (id) DO UPDATE SET
  home_team_score = EXCLUDED.home_team_score,
  away_team_score = EXCLUDED.away_team_score,
  match_status = EXCLUDED.match_status;

INSERT INTO event_participants (id, event_id, team_id, participation_status_id)
VALUES 
  ('393c3b15-1da3-4f13-9b4d-8d42c0db0cb1', '1a769bff-9ff3-447b-85c7-d57d62d5dcfd', '57d88568-993d-4411-8aa3-6244ca7ff704', '550e8400-e29b-41d4-a716-446655440701'),
  ('0199c7d9-8699-4fb7-b4ef-63b720bd62fd', '1a769bff-9ff3-447b-85c7-d57d62d5dcfd', 'aad58707-7310-4751-86c5-e403a28757f4', '550e8400-e29b-41d4-a716-446655440701')
ON CONFLICT (id) DO NOTHING;
INSERT INTO events (id, created_by, event_type_id, title, description, event_date, venue_id, duration_minutes, cancelled, cancellation_reason, external_event_id)
VALUES (
  '9885c815-fde9-407e-861c-06510f86d8df',
  '77d77471-1250-47e0-81ab-d4626595d63c',
  '550e8400-e29b-41d4-a716-446655440402',
  'Philadelphia SC II vs Lighthouse Old Timers Club',
  NULL,
  '2025-09-21 18:45:00',
  NULL,
  NULL,
  false,
  NULL,
  NULL
)
ON CONFLICT (id) DO UPDATE SET
  title = EXCLUDED.title,
  updated_at = EXCLUDED.updated_at;

INSERT INTO matches (id, home_team_id, away_team_id, home_away_status_id, home_team_score, away_team_score, match_status, competition_name, competition_round)
VALUES (
  '9885c815-fde9-407e-861c-06510f86d8df',
  '0033b87c-9650-4c9d-80b3-69ec4751c7cc',
  'da5e129e-1d82-4c59-85f9-1f5efd3d6c11',
  '550e8400-e29b-41d4-a716-446655440801',
  NULL,
  NULL,
  'scheduled',
  'Philadelphia Liga 2',
  NULL
)
ON CONFLICT (id) DO UPDATE SET
  home_team_score = EXCLUDED.home_team_score,
  away_team_score = EXCLUDED.away_team_score,
  match_status = EXCLUDED.match_status;

INSERT INTO event_participants (id, event_id, team_id, participation_status_id)
VALUES 
  ('78964043-45e5-4588-a1ef-77cad23f7dc9', '9885c815-fde9-407e-861c-06510f86d8df', '0033b87c-9650-4c9d-80b3-69ec4751c7cc', '550e8400-e29b-41d4-a716-446655440701'),
  ('f2943d59-ea67-4527-b05a-78b461f6781f', '9885c815-fde9-407e-861c-06510f86d8df', 'da5e129e-1d82-4c59-85f9-1f5efd3d6c11', '550e8400-e29b-41d4-a716-446655440701')
ON CONFLICT (id) DO NOTHING;
INSERT INTO events (id, created_by, event_type_id, title, description, event_date, venue_id, duration_minutes, cancelled, cancellation_reason, external_event_id)
VALUES (
  'ce16612f-bb54-4993-875f-e511bac9c82d',
  '77d77471-1250-47e0-81ab-d4626595d63c',
  '550e8400-e29b-41d4-a716-446655440402',
  'Phoenix SCM vs Persepolis FC',
  NULL,
  '2025-09-28 16:00:00',
  NULL,
  NULL,
  false,
  NULL,
  NULL
)
ON CONFLICT (id) DO UPDATE SET
  title = EXCLUDED.title,
  updated_at = EXCLUDED.updated_at;

INSERT INTO matches (id, home_team_id, away_team_id, home_away_status_id, home_team_score, away_team_score, match_status, competition_name, competition_round)
VALUES (
  'ce16612f-bb54-4993-875f-e511bac9c82d',
  'aad58707-7310-4751-86c5-e403a28757f4',
  'e1fe8b60-1ff9-46ae-8274-feccfd31eb8c',
  '550e8400-e29b-41d4-a716-446655440801',
  NULL,
  NULL,
  'scheduled',
  'Philadelphia Liga 2',
  NULL
)
ON CONFLICT (id) DO UPDATE SET
  home_team_score = EXCLUDED.home_team_score,
  away_team_score = EXCLUDED.away_team_score,
  match_status = EXCLUDED.match_status;

INSERT INTO event_participants (id, event_id, team_id, participation_status_id)
VALUES 
  ('f66c50b4-c054-45df-baea-5b3d1b7fdf46', 'ce16612f-bb54-4993-875f-e511bac9c82d', 'aad58707-7310-4751-86c5-e403a28757f4', '550e8400-e29b-41d4-a716-446655440701'),
  ('9b4a1aab-08f3-424c-bc65-ac92ded49ecb', 'ce16612f-bb54-4993-875f-e511bac9c82d', 'e1fe8b60-1ff9-46ae-8274-feccfd31eb8c', '550e8400-e29b-41d4-a716-446655440701')
ON CONFLICT (id) DO NOTHING;
INSERT INTO events (id, created_by, event_type_id, title, description, event_date, venue_id, duration_minutes, cancelled, cancellation_reason, external_event_id)
VALUES (
  '3ac0f639-cef4-4ab4-8eee-8818085b4cae',
  '77d77471-1250-47e0-81ab-d4626595d63c',
  '550e8400-e29b-41d4-a716-446655440402',
  'Adé United FC vs Lighthouse Old Timers Club',
  NULL,
  '2025-09-28 16:30:00',
  NULL,
  NULL,
  false,
  NULL,
  NULL
)
ON CONFLICT (id) DO UPDATE SET
  title = EXCLUDED.title,
  updated_at = EXCLUDED.updated_at;

INSERT INTO matches (id, home_team_id, away_team_id, home_away_status_id, home_team_score, away_team_score, match_status, competition_name, competition_round)
VALUES (
  '3ac0f639-cef4-4ab4-8eee-8818085b4cae',
  'da9e701d-7752-495a-8145-fe967b40c0d3',
  'da5e129e-1d82-4c59-85f9-1f5efd3d6c11',
  '550e8400-e29b-41d4-a716-446655440801',
  NULL,
  NULL,
  'scheduled',
  'Philadelphia Liga 2',
  NULL
)
ON CONFLICT (id) DO UPDATE SET
  home_team_score = EXCLUDED.home_team_score,
  away_team_score = EXCLUDED.away_team_score,
  match_status = EXCLUDED.match_status;

INSERT INTO event_participants (id, event_id, team_id, participation_status_id)
VALUES 
  ('2ef5da72-46a8-4f49-9700-5ca230f3b421', '3ac0f639-cef4-4ab4-8eee-8818085b4cae', 'da9e701d-7752-495a-8145-fe967b40c0d3', '550e8400-e29b-41d4-a716-446655440701'),
  ('2c643c19-1e44-4892-93e9-5147b634fa92', '3ac0f639-cef4-4ab4-8eee-8818085b4cae', 'da5e129e-1d82-4c59-85f9-1f5efd3d6c11', '550e8400-e29b-41d4-a716-446655440701')
ON CONFLICT (id) DO NOTHING;
INSERT INTO events (id, created_by, event_type_id, title, description, event_date, venue_id, duration_minutes, cancelled, cancellation_reason, external_event_id)
VALUES (
  '9577b205-2607-4ba5-80c6-494adbbfeea4',
  '77d77471-1250-47e0-81ab-d4626595d63c',
  '550e8400-e29b-41d4-a716-446655440402',
  'Lighthouse Old Timers Club vs Lighthouse Boys Club',
  NULL,
  '2025-10-05 15:00:00',
  NULL,
  NULL,
  false,
  NULL,
  NULL
)
ON CONFLICT (id) DO UPDATE SET
  title = EXCLUDED.title,
  updated_at = EXCLUDED.updated_at;

INSERT INTO matches (id, home_team_id, away_team_id, home_away_status_id, home_team_score, away_team_score, match_status, competition_name, competition_round)
VALUES (
  '9577b205-2607-4ba5-80c6-494adbbfeea4',
  'da5e129e-1d82-4c59-85f9-1f5efd3d6c11',
  '57d88568-993d-4411-8aa3-6244ca7ff704',
  '550e8400-e29b-41d4-a716-446655440801',
  NULL,
  NULL,
  'scheduled',
  'Philadelphia Liga 2',
  NULL
)
ON CONFLICT (id) DO UPDATE SET
  home_team_score = EXCLUDED.home_team_score,
  away_team_score = EXCLUDED.away_team_score,
  match_status = EXCLUDED.match_status;

INSERT INTO event_participants (id, event_id, team_id, participation_status_id)
VALUES 
  ('c06c82f2-a006-47d2-9c46-ec5218026ef6', '9577b205-2607-4ba5-80c6-494adbbfeea4', 'da5e129e-1d82-4c59-85f9-1f5efd3d6c11', '550e8400-e29b-41d4-a716-446655440701'),
  ('bae8c18f-d033-4584-8ed1-4c62de591ec5', '9577b205-2607-4ba5-80c6-494adbbfeea4', '57d88568-993d-4411-8aa3-6244ca7ff704', '550e8400-e29b-41d4-a716-446655440701')
ON CONFLICT (id) DO NOTHING;
INSERT INTO events (id, created_by, event_type_id, title, description, event_date, venue_id, duration_minutes, cancelled, cancellation_reason, external_event_id)
VALUES (
  'f887a773-2b54-4713-8b04-8ca7a7721cce',
  '77d77471-1250-47e0-81ab-d4626595d63c',
  '550e8400-e29b-41d4-a716-446655440402',
  'Philadelphia SC II vs Persepolis FC',
  NULL,
  '2025-10-05 18:45:00',
  NULL,
  NULL,
  false,
  NULL,
  NULL
)
ON CONFLICT (id) DO UPDATE SET
  title = EXCLUDED.title,
  updated_at = EXCLUDED.updated_at;

INSERT INTO matches (id, home_team_id, away_team_id, home_away_status_id, home_team_score, away_team_score, match_status, competition_name, competition_round)
VALUES (
  'f887a773-2b54-4713-8b04-8ca7a7721cce',
  '0033b87c-9650-4c9d-80b3-69ec4751c7cc',
  'e1fe8b60-1ff9-46ae-8274-feccfd31eb8c',
  '550e8400-e29b-41d4-a716-446655440801',
  NULL,
  NULL,
  'scheduled',
  'Philadelphia Liga 2',
  NULL
)
ON CONFLICT (id) DO UPDATE SET
  home_team_score = EXCLUDED.home_team_score,
  away_team_score = EXCLUDED.away_team_score,
  match_status = EXCLUDED.match_status;

INSERT INTO event_participants (id, event_id, team_id, participation_status_id)
VALUES 
  ('2b43eb54-3474-4607-8f7f-1c36fc045287', 'f887a773-2b54-4713-8b04-8ca7a7721cce', '0033b87c-9650-4c9d-80b3-69ec4751c7cc', '550e8400-e29b-41d4-a716-446655440701'),
  ('e8172e6f-a7ef-4f74-943e-0b6974fcdc87', 'f887a773-2b54-4713-8b04-8ca7a7721cce', 'e1fe8b60-1ff9-46ae-8274-feccfd31eb8c', '550e8400-e29b-41d4-a716-446655440701')
ON CONFLICT (id) DO NOTHING;
INSERT INTO events (id, created_by, event_type_id, title, description, event_date, venue_id, duration_minutes, cancelled, cancellation_reason, external_event_id)
VALUES (
  '581c00d7-bf32-4533-8032-a953bf35aba8',
  '77d77471-1250-47e0-81ab-d4626595d63c',
  '550e8400-e29b-41d4-a716-446655440402',
  'South Shore FC vs Strictly Nos Fc',
  NULL,
  '2025-12-31 05:00:00',
  NULL,
  NULL,
  false,
  NULL,
  NULL
)
ON CONFLICT (id) DO UPDATE SET
  title = EXCLUDED.title,
  updated_at = EXCLUDED.updated_at;

INSERT INTO matches (id, home_team_id, away_team_id, home_away_status_id, home_team_score, away_team_score, match_status, competition_name, competition_round)
VALUES (
  '581c00d7-bf32-4533-8032-a953bf35aba8',
  '895ff6df-959f-4a46-80c9-fbef6eed5b78',
  '16b6860e-6657-4bc8-87a5-9b35d0bcb2a7',
  '550e8400-e29b-41d4-a716-446655440801',
  NULL,
  NULL,
  'scheduled',
  'Boston Liga 1',
  NULL
)
ON CONFLICT (id) DO UPDATE SET
  home_team_score = EXCLUDED.home_team_score,
  away_team_score = EXCLUDED.away_team_score,
  match_status = EXCLUDED.match_status;

INSERT INTO event_participants (id, event_id, team_id, participation_status_id)
VALUES 
  ('52da34ca-5dc5-4fbe-b5cf-4331e9a40937', '581c00d7-bf32-4533-8032-a953bf35aba8', '895ff6df-959f-4a46-80c9-fbef6eed5b78', '550e8400-e29b-41d4-a716-446655440701'),
  ('740cab44-f431-4b73-8c84-3c4da1924f29', '581c00d7-bf32-4533-8032-a953bf35aba8', '16b6860e-6657-4bc8-87a5-9b35d0bcb2a7', '550e8400-e29b-41d4-a716-446655440701')
ON CONFLICT (id) DO NOTHING;
INSERT INTO events (id, created_by, event_type_id, title, description, event_date, venue_id, duration_minutes, cancelled, cancellation_reason, external_event_id)
VALUES (
  '97175e59-2b10-47ac-8ef7-d276b0aafb77',
  '77d77471-1250-47e0-81ab-d4626595d63c',
  '550e8400-e29b-41d4-a716-446655440402',
  'BCFC All Stars vs Flatley FC',
  NULL,
  '2025-09-07 15:30:00',
  NULL,
  NULL,
  false,
  NULL,
  NULL
)
ON CONFLICT (id) DO UPDATE SET
  title = EXCLUDED.title,
  updated_at = EXCLUDED.updated_at;

INSERT INTO matches (id, home_team_id, away_team_id, home_away_status_id, home_team_score, away_team_score, match_status, competition_name, competition_round)
VALUES (
  '97175e59-2b10-47ac-8ef7-d276b0aafb77',
  '8b6ce6db-f6d5-4e0d-8524-ce184200c6c9',
  '3ded57de-85a3-41e5-8b3e-87ea2a84de13',
  '550e8400-e29b-41d4-a716-446655440801',
  NULL,
  NULL,
  'scheduled',
  'Boston Liga 1',
  NULL
)
ON CONFLICT (id) DO UPDATE SET
  home_team_score = EXCLUDED.home_team_score,
  away_team_score = EXCLUDED.away_team_score,
  match_status = EXCLUDED.match_status;

INSERT INTO event_participants (id, event_id, team_id, participation_status_id)
VALUES 
  ('0a30310d-241c-48d0-bc5f-83c470e49a7a', '97175e59-2b10-47ac-8ef7-d276b0aafb77', '8b6ce6db-f6d5-4e0d-8524-ce184200c6c9', '550e8400-e29b-41d4-a716-446655440701'),
  ('c170de32-b756-46d7-b7e9-0d3501a20a98', '97175e59-2b10-47ac-8ef7-d276b0aafb77', '3ded57de-85a3-41e5-8b3e-87ea2a84de13', '550e8400-e29b-41d4-a716-446655440701')
ON CONFLICT (id) DO NOTHING;
INSERT INTO events (id, created_by, event_type_id, title, description, event_date, venue_id, duration_minutes, cancelled, cancellation_reason, external_event_id)
VALUES (
  '0aaa8905-7f99-4ea2-8829-c4991fcb539f',
  '77d77471-1250-47e0-81ab-d4626595d63c',
  '550e8400-e29b-41d4-a716-446655440402',
  'Strictly Nos Fc vs Jaguars United FC',
  NULL,
  '2025-09-07 17:30:00',
  NULL,
  NULL,
  false,
  NULL,
  NULL
)
ON CONFLICT (id) DO UPDATE SET
  title = EXCLUDED.title,
  updated_at = EXCLUDED.updated_at;

INSERT INTO matches (id, home_team_id, away_team_id, home_away_status_id, home_team_score, away_team_score, match_status, competition_name, competition_round)
VALUES (
  '0aaa8905-7f99-4ea2-8829-c4991fcb539f',
  '16b6860e-6657-4bc8-87a5-9b35d0bcb2a7',
  '9795925d-4af7-449a-86fd-e27cdfe9eced',
  '550e8400-e29b-41d4-a716-446655440801',
  NULL,
  NULL,
  'scheduled',
  'Boston Liga 1',
  NULL
)
ON CONFLICT (id) DO UPDATE SET
  home_team_score = EXCLUDED.home_team_score,
  away_team_score = EXCLUDED.away_team_score,
  match_status = EXCLUDED.match_status;

INSERT INTO event_participants (id, event_id, team_id, participation_status_id)
VALUES 
  ('fd84825b-c6de-4e50-b41d-b081cd62b7d6', '0aaa8905-7f99-4ea2-8829-c4991fcb539f', '16b6860e-6657-4bc8-87a5-9b35d0bcb2a7', '550e8400-e29b-41d4-a716-446655440701'),
  ('6a1b6624-9428-453a-9be1-5183a0bac6ff', '0aaa8905-7f99-4ea2-8829-c4991fcb539f', '9795925d-4af7-449a-86fd-e27cdfe9eced', '550e8400-e29b-41d4-a716-446655440701')
ON CONFLICT (id) DO NOTHING;
INSERT INTO events (id, created_by, event_type_id, title, description, event_date, venue_id, duration_minutes, cancelled, cancellation_reason, external_event_id)
VALUES (
  'b44929d2-3a68-4879-8639-6546d1c9f548',
  '77d77471-1250-47e0-81ab-d4626595d63c',
  '550e8400-e29b-41d4-a716-446655440402',
  'Gambeta FC vs South Shore FC',
  NULL,
  '2025-09-07 21:30:00',
  NULL,
  NULL,
  false,
  NULL,
  NULL
)
ON CONFLICT (id) DO UPDATE SET
  title = EXCLUDED.title,
  updated_at = EXCLUDED.updated_at;

INSERT INTO matches (id, home_team_id, away_team_id, home_away_status_id, home_team_score, away_team_score, match_status, competition_name, competition_round)
VALUES (
  'b44929d2-3a68-4879-8639-6546d1c9f548',
  '2bf2f14b-8e84-44ec-825c-bc6031d385de',
  '895ff6df-959f-4a46-80c9-fbef6eed5b78',
  '550e8400-e29b-41d4-a716-446655440801',
  NULL,
  NULL,
  'scheduled',
  'Boston Liga 1',
  NULL
)
ON CONFLICT (id) DO UPDATE SET
  home_team_score = EXCLUDED.home_team_score,
  away_team_score = EXCLUDED.away_team_score,
  match_status = EXCLUDED.match_status;

INSERT INTO event_participants (id, event_id, team_id, participation_status_id)
VALUES 
  ('2abbb4df-4fcc-4ab9-872d-9c0cc5eca300', 'b44929d2-3a68-4879-8639-6546d1c9f548', '2bf2f14b-8e84-44ec-825c-bc6031d385de', '550e8400-e29b-41d4-a716-446655440701'),
  ('c57ce300-20e8-45dd-904e-35f708a893f6', 'b44929d2-3a68-4879-8639-6546d1c9f548', '895ff6df-959f-4a46-80c9-fbef6eed5b78', '550e8400-e29b-41d4-a716-446655440701')
ON CONFLICT (id) DO NOTHING;
INSERT INTO events (id, created_by, event_type_id, title, description, event_date, venue_id, duration_minutes, cancelled, cancellation_reason, external_event_id)
VALUES (
  'ce0a90b2-65d2-4ce1-8109-77dfc72d6b7e',
  '77d77471-1250-47e0-81ab-d4626595d63c',
  '550e8400-e29b-41d4-a716-446655440402',
  'BCFC All Stars vs Jaguars United FC',
  NULL,
  '2025-09-13 17:00:00',
  NULL,
  NULL,
  false,
  NULL,
  NULL
)
ON CONFLICT (id) DO UPDATE SET
  title = EXCLUDED.title,
  updated_at = EXCLUDED.updated_at;

INSERT INTO matches (id, home_team_id, away_team_id, home_away_status_id, home_team_score, away_team_score, match_status, competition_name, competition_round)
VALUES (
  'ce0a90b2-65d2-4ce1-8109-77dfc72d6b7e',
  '8b6ce6db-f6d5-4e0d-8524-ce184200c6c9',
  '9795925d-4af7-449a-86fd-e27cdfe9eced',
  '550e8400-e29b-41d4-a716-446655440801',
  NULL,
  NULL,
  'scheduled',
  'Boston Liga 1',
  NULL
)
ON CONFLICT (id) DO UPDATE SET
  home_team_score = EXCLUDED.home_team_score,
  away_team_score = EXCLUDED.away_team_score,
  match_status = EXCLUDED.match_status;

INSERT INTO event_participants (id, event_id, team_id, participation_status_id)
VALUES 
  ('b46cd70f-9719-4e99-a130-3953d0ab9c9e', 'ce0a90b2-65d2-4ce1-8109-77dfc72d6b7e', '8b6ce6db-f6d5-4e0d-8524-ce184200c6c9', '550e8400-e29b-41d4-a716-446655440701'),
  ('37b63399-4aac-4899-ab37-213b2b17106d', 'ce0a90b2-65d2-4ce1-8109-77dfc72d6b7e', '9795925d-4af7-449a-86fd-e27cdfe9eced', '550e8400-e29b-41d4-a716-446655440701')
ON CONFLICT (id) DO NOTHING;
INSERT INTO events (id, created_by, event_type_id, title, description, event_date, venue_id, duration_minutes, cancelled, cancellation_reason, external_event_id)
VALUES (
  '28f04c53-c630-49d1-8af2-f3cde837a516',
  '77d77471-1250-47e0-81ab-d4626595d63c',
  '550e8400-e29b-41d4-a716-446655440402',
  'Flatley FC vs Strictly Nos Fc',
  NULL,
  '2025-09-21 16:15:00',
  NULL,
  NULL,
  false,
  NULL,
  NULL
)
ON CONFLICT (id) DO UPDATE SET
  title = EXCLUDED.title,
  updated_at = EXCLUDED.updated_at;

INSERT INTO matches (id, home_team_id, away_team_id, home_away_status_id, home_team_score, away_team_score, match_status, competition_name, competition_round)
VALUES (
  '28f04c53-c630-49d1-8af2-f3cde837a516',
  '3ded57de-85a3-41e5-8b3e-87ea2a84de13',
  '16b6860e-6657-4bc8-87a5-9b35d0bcb2a7',
  '550e8400-e29b-41d4-a716-446655440801',
  NULL,
  NULL,
  'scheduled',
  'Boston Liga 1',
  NULL
)
ON CONFLICT (id) DO UPDATE SET
  home_team_score = EXCLUDED.home_team_score,
  away_team_score = EXCLUDED.away_team_score,
  match_status = EXCLUDED.match_status;

INSERT INTO event_participants (id, event_id, team_id, participation_status_id)
VALUES 
  ('d3466123-c30d-4f49-aa5b-b34df872fc11', '28f04c53-c630-49d1-8af2-f3cde837a516', '3ded57de-85a3-41e5-8b3e-87ea2a84de13', '550e8400-e29b-41d4-a716-446655440701'),
  ('7781e99e-fde0-4ea6-823a-4eac1d9c53c8', '28f04c53-c630-49d1-8af2-f3cde837a516', '16b6860e-6657-4bc8-87a5-9b35d0bcb2a7', '550e8400-e29b-41d4-a716-446655440701')
ON CONFLICT (id) DO NOTHING;
INSERT INTO events (id, created_by, event_type_id, title, description, event_date, venue_id, duration_minutes, cancelled, cancellation_reason, external_event_id)
VALUES (
  '58b9196a-7093-49e8-82f1-6bd71921cc22',
  '77d77471-1250-47e0-81ab-d4626595d63c',
  '550e8400-e29b-41d4-a716-446655440402',
  'Gambeta FC vs BCFC All Stars',
  NULL,
  '2025-09-21 18:30:00',
  NULL,
  NULL,
  false,
  NULL,
  NULL
)
ON CONFLICT (id) DO UPDATE SET
  title = EXCLUDED.title,
  updated_at = EXCLUDED.updated_at;

INSERT INTO matches (id, home_team_id, away_team_id, home_away_status_id, home_team_score, away_team_score, match_status, competition_name, competition_round)
VALUES (
  '58b9196a-7093-49e8-82f1-6bd71921cc22',
  '2bf2f14b-8e84-44ec-825c-bc6031d385de',
  '8b6ce6db-f6d5-4e0d-8524-ce184200c6c9',
  '550e8400-e29b-41d4-a716-446655440801',
  NULL,
  NULL,
  'scheduled',
  'Boston Liga 1',
  NULL
)
ON CONFLICT (id) DO UPDATE SET
  home_team_score = EXCLUDED.home_team_score,
  away_team_score = EXCLUDED.away_team_score,
  match_status = EXCLUDED.match_status;

INSERT INTO event_participants (id, event_id, team_id, participation_status_id)
VALUES 
  ('568736f4-2989-4a22-8ffd-9e261fe425fb', '58b9196a-7093-49e8-82f1-6bd71921cc22', '2bf2f14b-8e84-44ec-825c-bc6031d385de', '550e8400-e29b-41d4-a716-446655440701'),
  ('c436fff3-ac4f-44f8-ad08-c625bbdaefeb', '58b9196a-7093-49e8-82f1-6bd71921cc22', '8b6ce6db-f6d5-4e0d-8524-ce184200c6c9', '550e8400-e29b-41d4-a716-446655440701')
ON CONFLICT (id) DO NOTHING;
INSERT INTO events (id, created_by, event_type_id, title, description, event_date, venue_id, duration_minutes, cancelled, cancellation_reason, external_event_id)
VALUES (
  '6bacf64d-c627-48f1-8956-2f9f5476e047',
  '77d77471-1250-47e0-81ab-d4626595d63c',
  '550e8400-e29b-41d4-a716-446655440402',
  'Jaguars United FC vs South Shore FC',
  NULL,
  '2025-09-21 22:00:00',
  NULL,
  NULL,
  false,
  NULL,
  NULL
)
ON CONFLICT (id) DO UPDATE SET
  title = EXCLUDED.title,
  updated_at = EXCLUDED.updated_at;

INSERT INTO matches (id, home_team_id, away_team_id, home_away_status_id, home_team_score, away_team_score, match_status, competition_name, competition_round)
VALUES (
  '6bacf64d-c627-48f1-8956-2f9f5476e047',
  '9795925d-4af7-449a-86fd-e27cdfe9eced',
  '895ff6df-959f-4a46-80c9-fbef6eed5b78',
  '550e8400-e29b-41d4-a716-446655440801',
  NULL,
  NULL,
  'scheduled',
  'Boston Liga 1',
  NULL
)
ON CONFLICT (id) DO UPDATE SET
  home_team_score = EXCLUDED.home_team_score,
  away_team_score = EXCLUDED.away_team_score,
  match_status = EXCLUDED.match_status;

INSERT INTO event_participants (id, event_id, team_id, participation_status_id)
VALUES 
  ('8b542184-23a0-4b59-8a25-128d277c9c69', '6bacf64d-c627-48f1-8956-2f9f5476e047', '9795925d-4af7-449a-86fd-e27cdfe9eced', '550e8400-e29b-41d4-a716-446655440701'),
  ('cbdf758d-ce90-4e4b-b9ab-7dca77fe0b19', '6bacf64d-c627-48f1-8956-2f9f5476e047', '895ff6df-959f-4a46-80c9-fbef6eed5b78', '550e8400-e29b-41d4-a716-446655440701')
ON CONFLICT (id) DO NOTHING;
INSERT INTO events (id, created_by, event_type_id, title, description, event_date, venue_id, duration_minutes, cancelled, cancellation_reason, external_event_id)
VALUES (
  '53389dfc-19cd-4eca-811c-61e5f1dff3d0',
  '77d77471-1250-47e0-81ab-d4626595d63c',
  '550e8400-e29b-41d4-a716-446655440402',
  'Strictly Nos Fc vs Gambeta FC',
  NULL,
  '2025-09-27 20:45:00',
  NULL,
  NULL,
  false,
  NULL,
  NULL
)
ON CONFLICT (id) DO UPDATE SET
  title = EXCLUDED.title,
  updated_at = EXCLUDED.updated_at;

INSERT INTO matches (id, home_team_id, away_team_id, home_away_status_id, home_team_score, away_team_score, match_status, competition_name, competition_round)
VALUES (
  '53389dfc-19cd-4eca-811c-61e5f1dff3d0',
  '16b6860e-6657-4bc8-87a5-9b35d0bcb2a7',
  '2bf2f14b-8e84-44ec-825c-bc6031d385de',
  '550e8400-e29b-41d4-a716-446655440801',
  NULL,
  NULL,
  'scheduled',
  'Boston Liga 1',
  NULL
)
ON CONFLICT (id) DO UPDATE SET
  home_team_score = EXCLUDED.home_team_score,
  away_team_score = EXCLUDED.away_team_score,
  match_status = EXCLUDED.match_status;

INSERT INTO event_participants (id, event_id, team_id, participation_status_id)
VALUES 
  ('f9e33da8-7a82-4d5d-9dc4-282a5e4da577', '53389dfc-19cd-4eca-811c-61e5f1dff3d0', '16b6860e-6657-4bc8-87a5-9b35d0bcb2a7', '550e8400-e29b-41d4-a716-446655440701'),
  ('f035920c-f3d8-4cb5-a17c-6c46d720dbc5', '53389dfc-19cd-4eca-811c-61e5f1dff3d0', '2bf2f14b-8e84-44ec-825c-bc6031d385de', '550e8400-e29b-41d4-a716-446655440701')
ON CONFLICT (id) DO NOTHING;
INSERT INTO events (id, created_by, event_type_id, title, description, event_date, venue_id, duration_minutes, cancelled, cancellation_reason, external_event_id)
VALUES (
  'b9402498-7473-457a-8010-50103bb7dc44',
  '77d77471-1250-47e0-81ab-d4626595d63c',
  '550e8400-e29b-41d4-a716-446655440402',
  'South Shore FC vs BCFC All Stars',
  NULL,
  '2025-09-28 18:00:00',
  NULL,
  NULL,
  false,
  NULL,
  NULL
)
ON CONFLICT (id) DO UPDATE SET
  title = EXCLUDED.title,
  updated_at = EXCLUDED.updated_at;

INSERT INTO matches (id, home_team_id, away_team_id, home_away_status_id, home_team_score, away_team_score, match_status, competition_name, competition_round)
VALUES (
  'b9402498-7473-457a-8010-50103bb7dc44',
  '895ff6df-959f-4a46-80c9-fbef6eed5b78',
  '8b6ce6db-f6d5-4e0d-8524-ce184200c6c9',
  '550e8400-e29b-41d4-a716-446655440801',
  NULL,
  NULL,
  'scheduled',
  'Boston Liga 1',
  NULL
)
ON CONFLICT (id) DO UPDATE SET
  home_team_score = EXCLUDED.home_team_score,
  away_team_score = EXCLUDED.away_team_score,
  match_status = EXCLUDED.match_status;

INSERT INTO event_participants (id, event_id, team_id, participation_status_id)
VALUES 
  ('588c827b-336e-45cb-a474-ec024215eed7', 'b9402498-7473-457a-8010-50103bb7dc44', '895ff6df-959f-4a46-80c9-fbef6eed5b78', '550e8400-e29b-41d4-a716-446655440701'),
  ('26c3f794-575e-458f-836d-fdf18d76f534', 'b9402498-7473-457a-8010-50103bb7dc44', '8b6ce6db-f6d5-4e0d-8524-ce184200c6c9', '550e8400-e29b-41d4-a716-446655440701')
ON CONFLICT (id) DO NOTHING;
INSERT INTO events (id, created_by, event_type_id, title, description, event_date, venue_id, duration_minutes, cancelled, cancellation_reason, external_event_id)
VALUES (
  '7807d12f-bcfc-4391-80b5-8588cee543fb',
  '77d77471-1250-47e0-81ab-d4626595d63c',
  '550e8400-e29b-41d4-a716-446655440402',
  'Flatley FC vs Jaguars United FC',
  NULL,
  '2025-09-28 23:30:00',
  NULL,
  NULL,
  false,
  NULL,
  NULL
)
ON CONFLICT (id) DO UPDATE SET
  title = EXCLUDED.title,
  updated_at = EXCLUDED.updated_at;

INSERT INTO matches (id, home_team_id, away_team_id, home_away_status_id, home_team_score, away_team_score, match_status, competition_name, competition_round)
VALUES (
  '7807d12f-bcfc-4391-80b5-8588cee543fb',
  '3ded57de-85a3-41e5-8b3e-87ea2a84de13',
  '9795925d-4af7-449a-86fd-e27cdfe9eced',
  '550e8400-e29b-41d4-a716-446655440801',
  NULL,
  NULL,
  'scheduled',
  'Boston Liga 1',
  NULL
)
ON CONFLICT (id) DO UPDATE SET
  home_team_score = EXCLUDED.home_team_score,
  away_team_score = EXCLUDED.away_team_score,
  match_status = EXCLUDED.match_status;

INSERT INTO event_participants (id, event_id, team_id, participation_status_id)
VALUES 
  ('c2b9cca0-1699-4c9b-a0bc-84012254a535', '7807d12f-bcfc-4391-80b5-8588cee543fb', '3ded57de-85a3-41e5-8b3e-87ea2a84de13', '550e8400-e29b-41d4-a716-446655440701'),
  ('533838ad-6fec-4019-83b9-f54b6b418967', '7807d12f-bcfc-4391-80b5-8588cee543fb', '9795925d-4af7-449a-86fd-e27cdfe9eced', '550e8400-e29b-41d4-a716-446655440701')
ON CONFLICT (id) DO NOTHING;
INSERT INTO events (id, created_by, event_type_id, title, description, event_date, venue_id, duration_minutes, cancelled, cancellation_reason, external_event_id)
VALUES (
  '345f0215-c3c6-419f-8b1f-5e6d8178af5d',
  '77d77471-1250-47e0-81ab-d4626595d63c',
  '550e8400-e29b-41d4-a716-446655440402',
  'F&M FC vs Lancaster City FC',
  NULL,
  '2025-11-09 18:00:00',
  NULL,
  NULL,
  false,
  NULL,
  NULL
)
ON CONFLICT (id) DO UPDATE SET
  title = EXCLUDED.title,
  updated_at = EXCLUDED.updated_at;

INSERT INTO matches (id, home_team_id, away_team_id, home_away_status_id, home_team_score, away_team_score, match_status, competition_name, competition_round)
VALUES (
  '345f0215-c3c6-419f-8b1f-5e6d8178af5d',
  '1b742914-50d5-4105-81b9-f980ec0fb53e',
  '525d469e-dbdf-475c-8bb3-ecddc849cfe0',
  '550e8400-e29b-41d4-a716-446655440801',
  NULL,
  NULL,
  'scheduled',
  'Lancaster Liga 1',
  NULL
)
ON CONFLICT (id) DO UPDATE SET
  home_team_score = EXCLUDED.home_team_score,
  away_team_score = EXCLUDED.away_team_score,
  match_status = EXCLUDED.match_status;

INSERT INTO event_participants (id, event_id, team_id, participation_status_id)
VALUES 
  ('858c9b6e-a330-4f08-8dab-168ee44a385a', '345f0215-c3c6-419f-8b1f-5e6d8178af5d', '1b742914-50d5-4105-81b9-f980ec0fb53e', '550e8400-e29b-41d4-a716-446655440701'),
  ('dee9b37d-29fb-471d-9e58-0f9b39e66287', '345f0215-c3c6-419f-8b1f-5e6d8178af5d', '525d469e-dbdf-475c-8bb3-ecddc849cfe0', '550e8400-e29b-41d4-a716-446655440701')
ON CONFLICT (id) DO NOTHING;
INSERT INTO events (id, created_by, event_type_id, title, description, event_date, venue_id, duration_minutes, cancelled, cancellation_reason, external_event_id)
VALUES (
  '536c950d-5e71-4511-8e29-39f40af7c7cc',
  '77d77471-1250-47e0-81ab-d4626595d63c',
  '550e8400-e29b-41d4-a716-446655440402',
  'Kutztown Men''s Soccer vs Keystone Elite',
  NULL,
  '2025-11-09 17:00:00',
  NULL,
  NULL,
  false,
  NULL,
  NULL
)
ON CONFLICT (id) DO UPDATE SET
  title = EXCLUDED.title,
  updated_at = EXCLUDED.updated_at;

INSERT INTO matches (id, home_team_id, away_team_id, home_away_status_id, home_team_score, away_team_score, match_status, competition_name, competition_round)
VALUES (
  '536c950d-5e71-4511-8e29-39f40af7c7cc',
  '5541a60c-6517-4e66-8c25-a513298fd487',
  '9dbe9c4a-6108-44fc-898d-33defc0155da',
  '550e8400-e29b-41d4-a716-446655440801',
  NULL,
  NULL,
  'scheduled',
  'Lancaster Liga 1',
  NULL
)
ON CONFLICT (id) DO UPDATE SET
  home_team_score = EXCLUDED.home_team_score,
  away_team_score = EXCLUDED.away_team_score,
  match_status = EXCLUDED.match_status;

INSERT INTO event_participants (id, event_id, team_id, participation_status_id)
VALUES 
  ('360866c9-7f32-4792-a5dc-8d30abe2f673', '536c950d-5e71-4511-8e29-39f40af7c7cc', '5541a60c-6517-4e66-8c25-a513298fd487', '550e8400-e29b-41d4-a716-446655440701'),
  ('b6abecfc-4823-4ec0-aafa-0fe5ac0d362f', '536c950d-5e71-4511-8e29-39f40af7c7cc', '9dbe9c4a-6108-44fc-898d-33defc0155da', '550e8400-e29b-41d4-a716-446655440701')
ON CONFLICT (id) DO NOTHING;
INSERT INTO events (id, created_by, event_type_id, title, description, event_date, venue_id, duration_minutes, cancelled, cancellation_reason, external_event_id)
VALUES (
  '2752740a-b05a-4c4e-8137-1c7d0a03b5ea',
  '77d77471-1250-47e0-81ab-d4626595d63c',
  '550e8400-e29b-41d4-a716-446655440402',
  'Alloy Soccer Club Reserves vs Kutztown Men''s Soccer',
  NULL,
  '2025-11-02 23:00:00',
  NULL,
  NULL,
  false,
  NULL,
  NULL
)
ON CONFLICT (id) DO UPDATE SET
  title = EXCLUDED.title,
  updated_at = EXCLUDED.updated_at;

INSERT INTO matches (id, home_team_id, away_team_id, home_away_status_id, home_team_score, away_team_score, match_status, competition_name, competition_round)
VALUES (
  '2752740a-b05a-4c4e-8137-1c7d0a03b5ea',
  'c3bfdfa9-ce51-4af4-8c64-778323eff661',
  '5541a60c-6517-4e66-8c25-a513298fd487',
  '550e8400-e29b-41d4-a716-446655440801',
  NULL,
  NULL,
  'scheduled',
  'Lancaster Liga 1',
  NULL
)
ON CONFLICT (id) DO UPDATE SET
  home_team_score = EXCLUDED.home_team_score,
  away_team_score = EXCLUDED.away_team_score,
  match_status = EXCLUDED.match_status;

INSERT INTO event_participants (id, event_id, team_id, participation_status_id)
VALUES 
  ('b86d1bae-43d6-4a07-832d-49691e7336e4', '2752740a-b05a-4c4e-8137-1c7d0a03b5ea', 'c3bfdfa9-ce51-4af4-8c64-778323eff661', '550e8400-e29b-41d4-a716-446655440701'),
  ('fcdbd30a-7f0f-4bb8-a782-9e2e2c42ec3e', '2752740a-b05a-4c4e-8137-1c7d0a03b5ea', '5541a60c-6517-4e66-8c25-a513298fd487', '550e8400-e29b-41d4-a716-446655440701')
ON CONFLICT (id) DO NOTHING;
INSERT INTO events (id, created_by, event_type_id, title, description, event_date, venue_id, duration_minutes, cancelled, cancellation_reason, external_event_id)
VALUES (
  '121331ca-679b-4406-84f7-95ef8f4669d8',
  '77d77471-1250-47e0-81ab-d4626595d63c',
  '550e8400-e29b-41d4-a716-446655440402',
  'Keystone Elite vs F&M FC',
  NULL,
  '2025-11-02 20:00:00',
  NULL,
  NULL,
  false,
  NULL,
  NULL
)
ON CONFLICT (id) DO UPDATE SET
  title = EXCLUDED.title,
  updated_at = EXCLUDED.updated_at;

INSERT INTO matches (id, home_team_id, away_team_id, home_away_status_id, home_team_score, away_team_score, match_status, competition_name, competition_round)
VALUES (
  '121331ca-679b-4406-84f7-95ef8f4669d8',
  '9dbe9c4a-6108-44fc-898d-33defc0155da',
  '1b742914-50d5-4105-81b9-f980ec0fb53e',
  '550e8400-e29b-41d4-a716-446655440801',
  NULL,
  NULL,
  'scheduled',
  'Lancaster Liga 1',
  NULL
)
ON CONFLICT (id) DO UPDATE SET
  home_team_score = EXCLUDED.home_team_score,
  away_team_score = EXCLUDED.away_team_score,
  match_status = EXCLUDED.match_status;

INSERT INTO event_participants (id, event_id, team_id, participation_status_id)
VALUES 
  ('73ff8008-7fa9-4e04-92f4-f7d5fd9b6fb9', '121331ca-679b-4406-84f7-95ef8f4669d8', '9dbe9c4a-6108-44fc-898d-33defc0155da', '550e8400-e29b-41d4-a716-446655440701'),
  ('1d8722fd-3cfe-4a9a-a450-ae5abd9b6c39', '121331ca-679b-4406-84f7-95ef8f4669d8', '1b742914-50d5-4105-81b9-f980ec0fb53e', '550e8400-e29b-41d4-a716-446655440701')
ON CONFLICT (id) DO NOTHING;
INSERT INTO events (id, created_by, event_type_id, title, description, event_date, venue_id, duration_minutes, cancelled, cancellation_reason, external_event_id)
VALUES (
  '04b6bf56-3721-4e88-81e1-1a9889d75a08',
  '77d77471-1250-47e0-81ab-d4626595d63c',
  '550e8400-e29b-41d4-a716-446655440402',
  'Keystone Elite vs Alloy Soccer Club Reserves',
  NULL,
  '2025-10-26 19:00:00',
  NULL,
  NULL,
  false,
  NULL,
  NULL
)
ON CONFLICT (id) DO UPDATE SET
  title = EXCLUDED.title,
  updated_at = EXCLUDED.updated_at;

INSERT INTO matches (id, home_team_id, away_team_id, home_away_status_id, home_team_score, away_team_score, match_status, competition_name, competition_round)
VALUES (
  '04b6bf56-3721-4e88-81e1-1a9889d75a08',
  '9dbe9c4a-6108-44fc-898d-33defc0155da',
  'c3bfdfa9-ce51-4af4-8c64-778323eff661',
  '550e8400-e29b-41d4-a716-446655440801',
  NULL,
  NULL,
  'scheduled',
  'Lancaster Liga 1',
  NULL
)
ON CONFLICT (id) DO UPDATE SET
  home_team_score = EXCLUDED.home_team_score,
  away_team_score = EXCLUDED.away_team_score,
  match_status = EXCLUDED.match_status;

INSERT INTO event_participants (id, event_id, team_id, participation_status_id)
VALUES 
  ('bb2b0ca6-03b2-40e1-80df-b0480335cfa8', '04b6bf56-3721-4e88-81e1-1a9889d75a08', '9dbe9c4a-6108-44fc-898d-33defc0155da', '550e8400-e29b-41d4-a716-446655440701'),
  ('fbc9ef1a-cc83-4162-9405-25131085a3b8', '04b6bf56-3721-4e88-81e1-1a9889d75a08', 'c3bfdfa9-ce51-4af4-8c64-778323eff661', '550e8400-e29b-41d4-a716-446655440701')
ON CONFLICT (id) DO NOTHING;
INSERT INTO events (id, created_by, event_type_id, title, description, event_date, venue_id, duration_minutes, cancelled, cancellation_reason, external_event_id)
VALUES (
  '6b61f8ad-b3fe-49b8-8fd5-3f87cf720205',
  '77d77471-1250-47e0-81ab-d4626595d63c',
  '550e8400-e29b-41d4-a716-446655440402',
  'Kutztown Men''s Soccer vs Lancaster City FC',
  NULL,
  '2025-10-26 17:00:00',
  NULL,
  NULL,
  false,
  NULL,
  NULL
)
ON CONFLICT (id) DO UPDATE SET
  title = EXCLUDED.title,
  updated_at = EXCLUDED.updated_at;

INSERT INTO matches (id, home_team_id, away_team_id, home_away_status_id, home_team_score, away_team_score, match_status, competition_name, competition_round)
VALUES (
  '6b61f8ad-b3fe-49b8-8fd5-3f87cf720205',
  '5541a60c-6517-4e66-8c25-a513298fd487',
  '525d469e-dbdf-475c-8bb3-ecddc849cfe0',
  '550e8400-e29b-41d4-a716-446655440801',
  NULL,
  NULL,
  'scheduled',
  'Lancaster Liga 1',
  NULL
)
ON CONFLICT (id) DO UPDATE SET
  home_team_score = EXCLUDED.home_team_score,
  away_team_score = EXCLUDED.away_team_score,
  match_status = EXCLUDED.match_status;

INSERT INTO event_participants (id, event_id, team_id, participation_status_id)
VALUES 
  ('e0e009c4-0c49-4c3f-a1f7-d7fc07424273', '6b61f8ad-b3fe-49b8-8fd5-3f87cf720205', '5541a60c-6517-4e66-8c25-a513298fd487', '550e8400-e29b-41d4-a716-446655440701'),
  ('d7b1c6c3-60cd-4954-8331-26b4de013d7c', '6b61f8ad-b3fe-49b8-8fd5-3f87cf720205', '525d469e-dbdf-475c-8bb3-ecddc849cfe0', '550e8400-e29b-41d4-a716-446655440701')
ON CONFLICT (id) DO NOTHING;
INSERT INTO events (id, created_by, event_type_id, title, description, event_date, venue_id, duration_minutes, cancelled, cancellation_reason, external_event_id)
VALUES (
  'ccdb6d59-c7bb-436d-801c-346952a049df',
  '77d77471-1250-47e0-81ab-d4626595d63c',
  '550e8400-e29b-41d4-a716-446655440402',
  'Lancaster City FC vs Alloy Soccer Club Reserves',
  NULL,
  '2025-10-19 20:00:00',
  NULL,
  NULL,
  false,
  NULL,
  NULL
)
ON CONFLICT (id) DO UPDATE SET
  title = EXCLUDED.title,
  updated_at = EXCLUDED.updated_at;

INSERT INTO matches (id, home_team_id, away_team_id, home_away_status_id, home_team_score, away_team_score, match_status, competition_name, competition_round)
VALUES (
  'ccdb6d59-c7bb-436d-801c-346952a049df',
  '525d469e-dbdf-475c-8bb3-ecddc849cfe0',
  'c3bfdfa9-ce51-4af4-8c64-778323eff661',
  '550e8400-e29b-41d4-a716-446655440801',
  NULL,
  NULL,
  'scheduled',
  'Lancaster Liga 1',
  NULL
)
ON CONFLICT (id) DO UPDATE SET
  home_team_score = EXCLUDED.home_team_score,
  away_team_score = EXCLUDED.away_team_score,
  match_status = EXCLUDED.match_status;

INSERT INTO event_participants (id, event_id, team_id, participation_status_id)
VALUES 
  ('d724129c-e411-4b8c-9cbb-5cd48f1a2083', 'ccdb6d59-c7bb-436d-801c-346952a049df', '525d469e-dbdf-475c-8bb3-ecddc849cfe0', '550e8400-e29b-41d4-a716-446655440701'),
  ('b1b1ba47-c01b-402e-8614-ea54dde73207', 'ccdb6d59-c7bb-436d-801c-346952a049df', 'c3bfdfa9-ce51-4af4-8c64-778323eff661', '550e8400-e29b-41d4-a716-446655440701')
ON CONFLICT (id) DO NOTHING;
INSERT INTO events (id, created_by, event_type_id, title, description, event_date, venue_id, duration_minutes, cancelled, cancellation_reason, external_event_id)
VALUES (
  'd0398281-b2c4-488f-8cf2-9b1a5e52d373',
  '77d77471-1250-47e0-81ab-d4626595d63c',
  '550e8400-e29b-41d4-a716-446655440402',
  'Kutztown Men''s Soccer vs F&M FC',
  NULL,
  '2025-10-19 20:00:00',
  NULL,
  NULL,
  false,
  NULL,
  NULL
)
ON CONFLICT (id) DO UPDATE SET
  title = EXCLUDED.title,
  updated_at = EXCLUDED.updated_at;

INSERT INTO matches (id, home_team_id, away_team_id, home_away_status_id, home_team_score, away_team_score, match_status, competition_name, competition_round)
VALUES (
  'd0398281-b2c4-488f-8cf2-9b1a5e52d373',
  '5541a60c-6517-4e66-8c25-a513298fd487',
  '1b742914-50d5-4105-81b9-f980ec0fb53e',
  '550e8400-e29b-41d4-a716-446655440801',
  NULL,
  NULL,
  'scheduled',
  'Lancaster Liga 1',
  NULL
)
ON CONFLICT (id) DO UPDATE SET
  home_team_score = EXCLUDED.home_team_score,
  away_team_score = EXCLUDED.away_team_score,
  match_status = EXCLUDED.match_status;

INSERT INTO event_participants (id, event_id, team_id, participation_status_id)
VALUES 
  ('d00a86bd-45e2-4f8b-a388-74aa9fb437f8', 'd0398281-b2c4-488f-8cf2-9b1a5e52d373', '5541a60c-6517-4e66-8c25-a513298fd487', '550e8400-e29b-41d4-a716-446655440701'),
  ('f88e2c7e-93b7-425c-a5f7-ee5d6296b00c', 'd0398281-b2c4-488f-8cf2-9b1a5e52d373', '1b742914-50d5-4105-81b9-f980ec0fb53e', '550e8400-e29b-41d4-a716-446655440701')
ON CONFLICT (id) DO NOTHING;
INSERT INTO events (id, created_by, event_type_id, title, description, event_date, venue_id, duration_minutes, cancelled, cancellation_reason, external_event_id)
VALUES (
  '3166f851-6d5d-4d21-8b24-b4a114a0d7d6',
  '77d77471-1250-47e0-81ab-d4626595d63c',
  '550e8400-e29b-41d4-a716-446655440402',
  'Alloy Soccer Club Reserves vs F&M FC',
  NULL,
  '2025-10-15 23:00:00',
  NULL,
  NULL,
  false,
  NULL,
  NULL
)
ON CONFLICT (id) DO UPDATE SET
  title = EXCLUDED.title,
  updated_at = EXCLUDED.updated_at;

INSERT INTO matches (id, home_team_id, away_team_id, home_away_status_id, home_team_score, away_team_score, match_status, competition_name, competition_round)
VALUES (
  '3166f851-6d5d-4d21-8b24-b4a114a0d7d6',
  'c3bfdfa9-ce51-4af4-8c64-778323eff661',
  '1b742914-50d5-4105-81b9-f980ec0fb53e',
  '550e8400-e29b-41d4-a716-446655440801',
  NULL,
  NULL,
  'scheduled',
  'Lancaster Liga 1',
  NULL
)
ON CONFLICT (id) DO UPDATE SET
  home_team_score = EXCLUDED.home_team_score,
  away_team_score = EXCLUDED.away_team_score,
  match_status = EXCLUDED.match_status;

INSERT INTO event_participants (id, event_id, team_id, participation_status_id)
VALUES 
  ('0965437e-b7b5-4bc6-8215-6426da65332d', '3166f851-6d5d-4d21-8b24-b4a114a0d7d6', 'c3bfdfa9-ce51-4af4-8c64-778323eff661', '550e8400-e29b-41d4-a716-446655440701'),
  ('343c14a0-7566-4276-9d33-ebe82f6fad7a', '3166f851-6d5d-4d21-8b24-b4a114a0d7d6', '1b742914-50d5-4105-81b9-f980ec0fb53e', '550e8400-e29b-41d4-a716-446655440701')
ON CONFLICT (id) DO NOTHING;
INSERT INTO events (id, created_by, event_type_id, title, description, event_date, venue_id, duration_minutes, cancelled, cancellation_reason, external_event_id)
VALUES (
  '7d035123-7c88-4349-80a5-fdca105d0c22',
  '77d77471-1250-47e0-81ab-d4626595d63c',
  '550e8400-e29b-41d4-a716-446655440402',
  'Keystone Elite vs Lancaster City FC',
  NULL,
  '2025-10-12 19:00:00',
  NULL,
  NULL,
  false,
  NULL,
  NULL
)
ON CONFLICT (id) DO UPDATE SET
  title = EXCLUDED.title,
  updated_at = EXCLUDED.updated_at;

INSERT INTO matches (id, home_team_id, away_team_id, home_away_status_id, home_team_score, away_team_score, match_status, competition_name, competition_round)
VALUES (
  '7d035123-7c88-4349-80a5-fdca105d0c22',
  '9dbe9c4a-6108-44fc-898d-33defc0155da',
  '525d469e-dbdf-475c-8bb3-ecddc849cfe0',
  '550e8400-e29b-41d4-a716-446655440801',
  NULL,
  NULL,
  'scheduled',
  'Lancaster Liga 1',
  NULL
)
ON CONFLICT (id) DO UPDATE SET
  home_team_score = EXCLUDED.home_team_score,
  away_team_score = EXCLUDED.away_team_score,
  match_status = EXCLUDED.match_status;

INSERT INTO event_participants (id, event_id, team_id, participation_status_id)
VALUES 
  ('5f38e7cf-29c2-4779-bc72-e2ad052daf48', '7d035123-7c88-4349-80a5-fdca105d0c22', '9dbe9c4a-6108-44fc-898d-33defc0155da', '550e8400-e29b-41d4-a716-446655440701'),
  ('795d245c-02ea-47b2-9457-faac2ef8ef8b', '7d035123-7c88-4349-80a5-fdca105d0c22', '525d469e-dbdf-475c-8bb3-ecddc849cfe0', '550e8400-e29b-41d4-a716-446655440701')
ON CONFLICT (id) DO NOTHING;
INSERT INTO events (id, created_by, event_type_id, title, description, event_date, venue_id, duration_minutes, cancelled, cancellation_reason, external_event_id)
VALUES (
  'ff8f2f8c-4a57-4823-890a-44e19272bac4',
  '77d77471-1250-47e0-81ab-d4626595d63c',
  '550e8400-e29b-41d4-a716-446655440402',
  'Lancaster City FC vs F&M FC',
  NULL,
  '2025-09-07 15:00:00',
  NULL,
  NULL,
  false,
  NULL,
  NULL
)
ON CONFLICT (id) DO UPDATE SET
  title = EXCLUDED.title,
  updated_at = EXCLUDED.updated_at;

INSERT INTO matches (id, home_team_id, away_team_id, home_away_status_id, home_team_score, away_team_score, match_status, competition_name, competition_round)
VALUES (
  'ff8f2f8c-4a57-4823-890a-44e19272bac4',
  '525d469e-dbdf-475c-8bb3-ecddc849cfe0',
  '1b742914-50d5-4105-81b9-f980ec0fb53e',
  '550e8400-e29b-41d4-a716-446655440801',
  NULL,
  NULL,
  'scheduled',
  'Lancaster Liga 1',
  NULL
)
ON CONFLICT (id) DO UPDATE SET
  home_team_score = EXCLUDED.home_team_score,
  away_team_score = EXCLUDED.away_team_score,
  match_status = EXCLUDED.match_status;

INSERT INTO event_participants (id, event_id, team_id, participation_status_id)
VALUES 
  ('0bafe03e-3b64-4b17-924c-cce55102ed20', 'ff8f2f8c-4a57-4823-890a-44e19272bac4', '525d469e-dbdf-475c-8bb3-ecddc849cfe0', '550e8400-e29b-41d4-a716-446655440701'),
  ('72e7304f-4ce9-4e2b-b500-72781dca78ba', 'ff8f2f8c-4a57-4823-890a-44e19272bac4', '1b742914-50d5-4105-81b9-f980ec0fb53e', '550e8400-e29b-41d4-a716-446655440701')
ON CONFLICT (id) DO NOTHING;
INSERT INTO events (id, created_by, event_type_id, title, description, event_date, venue_id, duration_minutes, cancelled, cancellation_reason, external_event_id)
VALUES (
  '7f3c7055-8217-4efe-8b6f-c426f8e4804c',
  '77d77471-1250-47e0-81ab-d4626595d63c',
  '550e8400-e29b-41d4-a716-446655440402',
  'Keystone Elite vs Kutztown Men''s Soccer',
  NULL,
  '2025-09-07 17:00:00',
  NULL,
  NULL,
  false,
  NULL,
  NULL
)
ON CONFLICT (id) DO UPDATE SET
  title = EXCLUDED.title,
  updated_at = EXCLUDED.updated_at;

INSERT INTO matches (id, home_team_id, away_team_id, home_away_status_id, home_team_score, away_team_score, match_status, competition_name, competition_round)
VALUES (
  '7f3c7055-8217-4efe-8b6f-c426f8e4804c',
  '9dbe9c4a-6108-44fc-898d-33defc0155da',
  '5541a60c-6517-4e66-8c25-a513298fd487',
  '550e8400-e29b-41d4-a716-446655440801',
  NULL,
  NULL,
  'scheduled',
  'Lancaster Liga 1',
  NULL
)
ON CONFLICT (id) DO UPDATE SET
  home_team_score = EXCLUDED.home_team_score,
  away_team_score = EXCLUDED.away_team_score,
  match_status = EXCLUDED.match_status;

INSERT INTO event_participants (id, event_id, team_id, participation_status_id)
VALUES 
  ('9f0c0a4f-0488-48e5-b084-a4fded4fabdc', '7f3c7055-8217-4efe-8b6f-c426f8e4804c', '9dbe9c4a-6108-44fc-898d-33defc0155da', '550e8400-e29b-41d4-a716-446655440701'),
  ('455be891-c704-423b-ad60-e39f6bd0531c', '7f3c7055-8217-4efe-8b6f-c426f8e4804c', '5541a60c-6517-4e66-8c25-a513298fd487', '550e8400-e29b-41d4-a716-446655440701')
ON CONFLICT (id) DO NOTHING;
INSERT INTO events (id, created_by, event_type_id, title, description, event_date, venue_id, duration_minutes, cancelled, cancellation_reason, external_event_id)
VALUES (
  '7dbf50e1-dc5f-45a8-895f-962cc2187b96',
  '77d77471-1250-47e0-81ab-d4626595d63c',
  '550e8400-e29b-41d4-a716-446655440402',
  'F&M FC vs Keystone Elite',
  NULL,
  '2025-09-14 17:00:00',
  NULL,
  NULL,
  false,
  NULL,
  NULL
)
ON CONFLICT (id) DO UPDATE SET
  title = EXCLUDED.title,
  updated_at = EXCLUDED.updated_at;

INSERT INTO matches (id, home_team_id, away_team_id, home_away_status_id, home_team_score, away_team_score, match_status, competition_name, competition_round)
VALUES (
  '7dbf50e1-dc5f-45a8-895f-962cc2187b96',
  '1b742914-50d5-4105-81b9-f980ec0fb53e',
  '9dbe9c4a-6108-44fc-898d-33defc0155da',
  '550e8400-e29b-41d4-a716-446655440801',
  NULL,
  NULL,
  'scheduled',
  'Lancaster Liga 1',
  NULL
)
ON CONFLICT (id) DO UPDATE SET
  home_team_score = EXCLUDED.home_team_score,
  away_team_score = EXCLUDED.away_team_score,
  match_status = EXCLUDED.match_status;

INSERT INTO event_participants (id, event_id, team_id, participation_status_id)
VALUES 
  ('e9cd2214-45ba-456a-919b-f1395a118423', '7dbf50e1-dc5f-45a8-895f-962cc2187b96', '1b742914-50d5-4105-81b9-f980ec0fb53e', '550e8400-e29b-41d4-a716-446655440701'),
  ('a6997035-72c3-4822-b2b0-e009a104c97d', '7dbf50e1-dc5f-45a8-895f-962cc2187b96', '9dbe9c4a-6108-44fc-898d-33defc0155da', '550e8400-e29b-41d4-a716-446655440701')
ON CONFLICT (id) DO NOTHING;
INSERT INTO events (id, created_by, event_type_id, title, description, event_date, venue_id, duration_minutes, cancelled, cancellation_reason, external_event_id)
VALUES (
  'b249c4dc-4ba3-42f5-8281-5819e4dc67a7',
  '77d77471-1250-47e0-81ab-d4626595d63c',
  '550e8400-e29b-41d4-a716-446655440402',
  'Alloy Soccer Club Reserves vs Lancaster City FC',
  NULL,
  '2025-09-14 20:00:00',
  NULL,
  NULL,
  false,
  NULL,
  NULL
)
ON CONFLICT (id) DO UPDATE SET
  title = EXCLUDED.title,
  updated_at = EXCLUDED.updated_at;

INSERT INTO matches (id, home_team_id, away_team_id, home_away_status_id, home_team_score, away_team_score, match_status, competition_name, competition_round)
VALUES (
  'b249c4dc-4ba3-42f5-8281-5819e4dc67a7',
  'c3bfdfa9-ce51-4af4-8c64-778323eff661',
  '525d469e-dbdf-475c-8bb3-ecddc849cfe0',
  '550e8400-e29b-41d4-a716-446655440801',
  NULL,
  NULL,
  'scheduled',
  'Lancaster Liga 1',
  NULL
)
ON CONFLICT (id) DO UPDATE SET
  home_team_score = EXCLUDED.home_team_score,
  away_team_score = EXCLUDED.away_team_score,
  match_status = EXCLUDED.match_status;

INSERT INTO event_participants (id, event_id, team_id, participation_status_id)
VALUES 
  ('7521a1fd-ac75-4eb1-9c46-17c6c6c93231', 'b249c4dc-4ba3-42f5-8281-5819e4dc67a7', 'c3bfdfa9-ce51-4af4-8c64-778323eff661', '550e8400-e29b-41d4-a716-446655440701'),
  ('a138dbef-7ed7-4bfd-9cff-c56f8accb213', 'b249c4dc-4ba3-42f5-8281-5819e4dc67a7', '525d469e-dbdf-475c-8bb3-ecddc849cfe0', '550e8400-e29b-41d4-a716-446655440701')
ON CONFLICT (id) DO NOTHING;
INSERT INTO events (id, created_by, event_type_id, title, description, event_date, venue_id, duration_minutes, cancelled, cancellation_reason, external_event_id)
VALUES (
  'e97dd3af-d2fe-4679-810a-2b5758f7b6e2',
  '77d77471-1250-47e0-81ab-d4626595d63c',
  '550e8400-e29b-41d4-a716-446655440402',
  'Lancaster City FC vs Keystone Elite',
  NULL,
  '2025-09-20 19:00:00',
  NULL,
  NULL,
  false,
  NULL,
  NULL
)
ON CONFLICT (id) DO UPDATE SET
  title = EXCLUDED.title,
  updated_at = EXCLUDED.updated_at;

INSERT INTO matches (id, home_team_id, away_team_id, home_away_status_id, home_team_score, away_team_score, match_status, competition_name, competition_round)
VALUES (
  'e97dd3af-d2fe-4679-810a-2b5758f7b6e2',
  '525d469e-dbdf-475c-8bb3-ecddc849cfe0',
  '9dbe9c4a-6108-44fc-898d-33defc0155da',
  '550e8400-e29b-41d4-a716-446655440801',
  NULL,
  NULL,
  'scheduled',
  'Lancaster Liga 1',
  NULL
)
ON CONFLICT (id) DO UPDATE SET
  home_team_score = EXCLUDED.home_team_score,
  away_team_score = EXCLUDED.away_team_score,
  match_status = EXCLUDED.match_status;

INSERT INTO event_participants (id, event_id, team_id, participation_status_id)
VALUES 
  ('c2461084-906b-4ec9-ad18-daa36118be9a', 'e97dd3af-d2fe-4679-810a-2b5758f7b6e2', '525d469e-dbdf-475c-8bb3-ecddc849cfe0', '550e8400-e29b-41d4-a716-446655440701'),
  ('5c9fb7b6-4228-4fbf-95b3-8f04563f2686', 'e97dd3af-d2fe-4679-810a-2b5758f7b6e2', '9dbe9c4a-6108-44fc-898d-33defc0155da', '550e8400-e29b-41d4-a716-446655440701')
ON CONFLICT (id) DO NOTHING;
INSERT INTO events (id, created_by, event_type_id, title, description, event_date, venue_id, duration_minutes, cancelled, cancellation_reason, external_event_id)
VALUES (
  '41ccaddc-8057-4d9a-8821-ad5657d9b6a9',
  '77d77471-1250-47e0-81ab-d4626595d63c',
  '550e8400-e29b-41d4-a716-446655440402',
  'Kutztown Men''s Soccer vs Alloy Soccer Club Reserves',
  NULL,
  '2025-09-21 17:00:00',
  NULL,
  NULL,
  false,
  NULL,
  NULL
)
ON CONFLICT (id) DO UPDATE SET
  title = EXCLUDED.title,
  updated_at = EXCLUDED.updated_at;

INSERT INTO matches (id, home_team_id, away_team_id, home_away_status_id, home_team_score, away_team_score, match_status, competition_name, competition_round)
VALUES (
  '41ccaddc-8057-4d9a-8821-ad5657d9b6a9',
  '5541a60c-6517-4e66-8c25-a513298fd487',
  'c3bfdfa9-ce51-4af4-8c64-778323eff661',
  '550e8400-e29b-41d4-a716-446655440801',
  NULL,
  NULL,
  'scheduled',
  'Lancaster Liga 1',
  NULL
)
ON CONFLICT (id) DO UPDATE SET
  home_team_score = EXCLUDED.home_team_score,
  away_team_score = EXCLUDED.away_team_score,
  match_status = EXCLUDED.match_status;

INSERT INTO event_participants (id, event_id, team_id, participation_status_id)
VALUES 
  ('fddf63ca-051e-4144-89cf-c55d4148071e', '41ccaddc-8057-4d9a-8821-ad5657d9b6a9', '5541a60c-6517-4e66-8c25-a513298fd487', '550e8400-e29b-41d4-a716-446655440701'),
  ('618b0ad5-6a5b-42de-b4e7-ce14906d6171', '41ccaddc-8057-4d9a-8821-ad5657d9b6a9', 'c3bfdfa9-ce51-4af4-8c64-778323eff661', '550e8400-e29b-41d4-a716-446655440701')
ON CONFLICT (id) DO NOTHING;
INSERT INTO events (id, created_by, event_type_id, title, description, event_date, venue_id, duration_minutes, cancelled, cancellation_reason, external_event_id)
VALUES (
  '29641fce-744f-48b2-8102-d1f234d2dddc',
  '77d77471-1250-47e0-81ab-d4626595d63c',
  '550e8400-e29b-41d4-a716-446655440402',
  'F&M FC vs Kutztown Men''s Soccer',
  NULL,
  '2025-09-28 17:15:00',
  NULL,
  NULL,
  false,
  NULL,
  NULL
)
ON CONFLICT (id) DO UPDATE SET
  title = EXCLUDED.title,
  updated_at = EXCLUDED.updated_at;

INSERT INTO matches (id, home_team_id, away_team_id, home_away_status_id, home_team_score, away_team_score, match_status, competition_name, competition_round)
VALUES (
  '29641fce-744f-48b2-8102-d1f234d2dddc',
  '1b742914-50d5-4105-81b9-f980ec0fb53e',
  '5541a60c-6517-4e66-8c25-a513298fd487',
  '550e8400-e29b-41d4-a716-446655440801',
  NULL,
  NULL,
  'scheduled',
  'Lancaster Liga 1',
  NULL
)
ON CONFLICT (id) DO UPDATE SET
  home_team_score = EXCLUDED.home_team_score,
  away_team_score = EXCLUDED.away_team_score,
  match_status = EXCLUDED.match_status;

INSERT INTO event_participants (id, event_id, team_id, participation_status_id)
VALUES 
  ('3b23a003-9d3a-4f13-9ec5-6deafd94eebd', '29641fce-744f-48b2-8102-d1f234d2dddc', '1b742914-50d5-4105-81b9-f980ec0fb53e', '550e8400-e29b-41d4-a716-446655440701'),
  ('a606ee7f-5702-4d33-b0b7-39105969d1ef', '29641fce-744f-48b2-8102-d1f234d2dddc', '5541a60c-6517-4e66-8c25-a513298fd487', '550e8400-e29b-41d4-a716-446655440701')
ON CONFLICT (id) DO NOTHING;
INSERT INTO events (id, created_by, event_type_id, title, description, event_date, venue_id, duration_minutes, cancelled, cancellation_reason, external_event_id)
VALUES (
  '96a1189e-373f-4de5-81f7-3869b7486f77',
  '77d77471-1250-47e0-81ab-d4626595d63c',
  '550e8400-e29b-41d4-a716-446655440402',
  'Alloy Soccer Club Reserves vs Keystone Elite',
  NULL,
  '2025-09-28 20:00:00',
  NULL,
  NULL,
  false,
  NULL,
  NULL
)
ON CONFLICT (id) DO UPDATE SET
  title = EXCLUDED.title,
  updated_at = EXCLUDED.updated_at;

INSERT INTO matches (id, home_team_id, away_team_id, home_away_status_id, home_team_score, away_team_score, match_status, competition_name, competition_round)
VALUES (
  '96a1189e-373f-4de5-81f7-3869b7486f77',
  'c3bfdfa9-ce51-4af4-8c64-778323eff661',
  '9dbe9c4a-6108-44fc-898d-33defc0155da',
  '550e8400-e29b-41d4-a716-446655440801',
  NULL,
  NULL,
  'scheduled',
  'Lancaster Liga 1',
  NULL
)
ON CONFLICT (id) DO UPDATE SET
  home_team_score = EXCLUDED.home_team_score,
  away_team_score = EXCLUDED.away_team_score,
  match_status = EXCLUDED.match_status;

INSERT INTO event_participants (id, event_id, team_id, participation_status_id)
VALUES 
  ('1b4a94e1-c833-4874-871d-17faef064fee', '96a1189e-373f-4de5-81f7-3869b7486f77', 'c3bfdfa9-ce51-4af4-8c64-778323eff661', '550e8400-e29b-41d4-a716-446655440701'),
  ('67bf7b5c-d2f1-4293-b33f-07d5cc110ee6', '96a1189e-373f-4de5-81f7-3869b7486f77', '9dbe9c4a-6108-44fc-898d-33defc0155da', '550e8400-e29b-41d4-a716-446655440701')
ON CONFLICT (id) DO NOTHING;
INSERT INTO events (id, created_by, event_type_id, title, description, event_date, venue_id, duration_minutes, cancelled, cancellation_reason, external_event_id)
VALUES (
  '471ee4f9-72a6-4432-8aa5-a3740830921f',
  '77d77471-1250-47e0-81ab-d4626595d63c',
  '550e8400-e29b-41d4-a716-446655440402',
  'Lancaster City FC vs Kutztown Men''s Soccer',
  NULL,
  '2025-10-05 15:00:00',
  NULL,
  NULL,
  false,
  NULL,
  NULL
)
ON CONFLICT (id) DO UPDATE SET
  title = EXCLUDED.title,
  updated_at = EXCLUDED.updated_at;

INSERT INTO matches (id, home_team_id, away_team_id, home_away_status_id, home_team_score, away_team_score, match_status, competition_name, competition_round)
VALUES (
  '471ee4f9-72a6-4432-8aa5-a3740830921f',
  '525d469e-dbdf-475c-8bb3-ecddc849cfe0',
  '5541a60c-6517-4e66-8c25-a513298fd487',
  '550e8400-e29b-41d4-a716-446655440801',
  NULL,
  NULL,
  'scheduled',
  'Lancaster Liga 1',
  NULL
)
ON CONFLICT (id) DO UPDATE SET
  home_team_score = EXCLUDED.home_team_score,
  away_team_score = EXCLUDED.away_team_score,
  match_status = EXCLUDED.match_status;

INSERT INTO event_participants (id, event_id, team_id, participation_status_id)
VALUES 
  ('d2eb3ddc-b155-40c1-8706-78c66cc3a45f', '471ee4f9-72a6-4432-8aa5-a3740830921f', '525d469e-dbdf-475c-8bb3-ecddc849cfe0', '550e8400-e29b-41d4-a716-446655440701'),
  ('864f7230-8237-45f2-99d9-a5accfc210d0', '471ee4f9-72a6-4432-8aa5-a3740830921f', '5541a60c-6517-4e66-8c25-a513298fd487', '550e8400-e29b-41d4-a716-446655440701')
ON CONFLICT (id) DO NOTHING;
INSERT INTO events (id, created_by, event_type_id, title, description, event_date, venue_id, duration_minutes, cancelled, cancellation_reason, external_event_id)
VALUES (
  '6a283f17-da54-4e7b-812c-3299d4d9eeb8',
  '77d77471-1250-47e0-81ab-d4626595d63c',
  '550e8400-e29b-41d4-a716-446655440402',
  'F&M FC vs Alloy Soccer Club Reserves',
  NULL,
  '2025-10-05 21:00:00',
  NULL,
  NULL,
  false,
  NULL,
  NULL
)
ON CONFLICT (id) DO UPDATE SET
  title = EXCLUDED.title,
  updated_at = EXCLUDED.updated_at;

INSERT INTO matches (id, home_team_id, away_team_id, home_away_status_id, home_team_score, away_team_score, match_status, competition_name, competition_round)
VALUES (
  '6a283f17-da54-4e7b-812c-3299d4d9eeb8',
  '1b742914-50d5-4105-81b9-f980ec0fb53e',
  'c3bfdfa9-ce51-4af4-8c64-778323eff661',
  '550e8400-e29b-41d4-a716-446655440801',
  NULL,
  NULL,
  'scheduled',
  'Lancaster Liga 1',
  NULL
)
ON CONFLICT (id) DO UPDATE SET
  home_team_score = EXCLUDED.home_team_score,
  away_team_score = EXCLUDED.away_team_score,
  match_status = EXCLUDED.match_status;

INSERT INTO event_participants (id, event_id, team_id, participation_status_id)
VALUES 
  ('eb540fe2-c184-4ff1-8ac1-801547162ee6', '6a283f17-da54-4e7b-812c-3299d4d9eeb8', '1b742914-50d5-4105-81b9-f980ec0fb53e', '550e8400-e29b-41d4-a716-446655440701'),
  ('810f6e33-7c12-4ab7-aefe-14728ea9c309', '6a283f17-da54-4e7b-812c-3299d4d9eeb8', 'c3bfdfa9-ce51-4af4-8c64-778323eff661', '550e8400-e29b-41d4-a716-446655440701')
ON CONFLICT (id) DO NOTHING;
INSERT INTO events (id, created_by, event_type_id, title, description, event_date, venue_id, duration_minutes, cancelled, cancellation_reason, external_event_id)
VALUES (
  'c6e5a74c-05c9-4ddf-893c-79eeae92b9a3',
  '77d77471-1250-47e0-81ab-d4626595d63c',
  '550e8400-e29b-41d4-a716-446655440402',
  'Jersey Shore Boca Reserves vs Milan Football Club',
  NULL,
  '2025-11-09 23:30:00',
  NULL,
  NULL,
  false,
  NULL,
  NULL
)
ON CONFLICT (id) DO UPDATE SET
  title = EXCLUDED.title,
  updated_at = EXCLUDED.updated_at;

INSERT INTO matches (id, home_team_id, away_team_id, home_away_status_id, home_team_score, away_team_score, match_status, competition_name, competition_round)
VALUES (
  'c6e5a74c-05c9-4ddf-893c-79eeae92b9a3',
  '2da3f1d4-be7f-4cff-89d8-fea82a640d06',
  'cc98cc5e-8b54-4c55-8564-a7ebeaccc68b',
  '550e8400-e29b-41d4-a716-446655440801',
  NULL,
  NULL,
  'scheduled',
  'Central NJ Liga 1',
  NULL
)
ON CONFLICT (id) DO UPDATE SET
  home_team_score = EXCLUDED.home_team_score,
  away_team_score = EXCLUDED.away_team_score,
  match_status = EXCLUDED.match_status;

INSERT INTO event_participants (id, event_id, team_id, participation_status_id)
VALUES 
  ('15d3c416-1f24-4638-9db5-c957a245fb34', 'c6e5a74c-05c9-4ddf-893c-79eeae92b9a3', '2da3f1d4-be7f-4cff-89d8-fea82a640d06', '550e8400-e29b-41d4-a716-446655440701'),
  ('803ec212-97a0-44bc-9a17-bc38b72a3eac', 'c6e5a74c-05c9-4ddf-893c-79eeae92b9a3', 'cc98cc5e-8b54-4c55-8564-a7ebeaccc68b', '550e8400-e29b-41d4-a716-446655440701')
ON CONFLICT (id) DO NOTHING;
INSERT INTO events (id, created_by, event_type_id, title, description, event_date, venue_id, duration_minutes, cancelled, cancellation_reason, external_event_id)
VALUES (
  'fee5ff6c-fa94-46f2-87ed-014d3f9d164b',
  '77d77471-1250-47e0-81ab-d4626595d63c',
  '550e8400-e29b-41d4-a716-446655440402',
  'Monmouth Light FC vs Jersey Shore Hounds',
  NULL,
  '2025-11-09 14:00:00',
  NULL,
  NULL,
  false,
  NULL,
  NULL
)
ON CONFLICT (id) DO UPDATE SET
  title = EXCLUDED.title,
  updated_at = EXCLUDED.updated_at;

INSERT INTO matches (id, home_team_id, away_team_id, home_away_status_id, home_team_score, away_team_score, match_status, competition_name, competition_round)
VALUES (
  'fee5ff6c-fa94-46f2-87ed-014d3f9d164b',
  'd9b9ff4c-052c-4c9f-8d2d-483f66125de4',
  'eb1511a3-cc96-4387-80c1-c8e470338ddc',
  '550e8400-e29b-41d4-a716-446655440801',
  NULL,
  NULL,
  'scheduled',
  'Central NJ Liga 1',
  NULL
)
ON CONFLICT (id) DO UPDATE SET
  home_team_score = EXCLUDED.home_team_score,
  away_team_score = EXCLUDED.away_team_score,
  match_status = EXCLUDED.match_status;

INSERT INTO event_participants (id, event_id, team_id, participation_status_id)
VALUES 
  ('e426b971-08f8-4ac6-bbf5-c55bd78476cf', 'fee5ff6c-fa94-46f2-87ed-014d3f9d164b', 'd9b9ff4c-052c-4c9f-8d2d-483f66125de4', '550e8400-e29b-41d4-a716-446655440701'),
  ('5e339a4d-e37c-43e6-861d-2de97fcafca2', 'fee5ff6c-fa94-46f2-87ed-014d3f9d164b', 'eb1511a3-cc96-4387-80c1-c8e470338ddc', '550e8400-e29b-41d4-a716-446655440701')
ON CONFLICT (id) DO NOTHING;
INSERT INTO events (id, created_by, event_type_id, title, description, event_date, venue_id, duration_minutes, cancelled, cancellation_reason, external_event_id)
VALUES (
  'a9299cdb-4795-4ae2-8563-c3b062d9aa9b',
  '77d77471-1250-47e0-81ab-d4626595d63c',
  '550e8400-e29b-41d4-a716-446655440402',
  'Rondo Football Club vs Alaso FC',
  NULL,
  '2025-11-09 14:00:00',
  NULL,
  NULL,
  false,
  NULL,
  NULL
)
ON CONFLICT (id) DO UPDATE SET
  title = EXCLUDED.title,
  updated_at = EXCLUDED.updated_at;

INSERT INTO matches (id, home_team_id, away_team_id, home_away_status_id, home_team_score, away_team_score, match_status, competition_name, competition_round)
VALUES (
  'a9299cdb-4795-4ae2-8563-c3b062d9aa9b',
  '5e07fe31-75ac-4d95-8224-c762b2411566',
  'dda012cd-f081-48df-8903-d997d9fa6f96',
  '550e8400-e29b-41d4-a716-446655440801',
  NULL,
  NULL,
  'scheduled',
  'Central NJ Liga 1',
  NULL
)
ON CONFLICT (id) DO UPDATE SET
  home_team_score = EXCLUDED.home_team_score,
  away_team_score = EXCLUDED.away_team_score,
  match_status = EXCLUDED.match_status;

INSERT INTO event_participants (id, event_id, team_id, participation_status_id)
VALUES 
  ('be8bba72-989c-470e-9830-f2b96b316cd4', 'a9299cdb-4795-4ae2-8563-c3b062d9aa9b', '5e07fe31-75ac-4d95-8224-c762b2411566', '550e8400-e29b-41d4-a716-446655440701'),
  ('c9778ae7-34b7-42ae-a56f-0ead8e75cd50', 'a9299cdb-4795-4ae2-8563-c3b062d9aa9b', 'dda012cd-f081-48df-8903-d997d9fa6f96', '550e8400-e29b-41d4-a716-446655440701')
ON CONFLICT (id) DO NOTHING;
INSERT INTO events (id, created_by, event_type_id, title, description, event_date, venue_id, duration_minutes, cancelled, cancellation_reason, external_event_id)
VALUES (
  'c888f4f9-395d-4d8f-8ee4-39e99c27ae7b',
  '77d77471-1250-47e0-81ab-d4626595d63c',
  '550e8400-e29b-41d4-a716-446655440402',
  'FeelsGood FC vs Milan Football Club',
  NULL,
  '2025-11-08 15:00:00',
  NULL,
  NULL,
  false,
  NULL,
  NULL
)
ON CONFLICT (id) DO UPDATE SET
  title = EXCLUDED.title,
  updated_at = EXCLUDED.updated_at;

INSERT INTO matches (id, home_team_id, away_team_id, home_away_status_id, home_team_score, away_team_score, match_status, competition_name, competition_round)
VALUES (
  'c888f4f9-395d-4d8f-8ee4-39e99c27ae7b',
  'a3120f9e-c8ef-4cd8-8014-92f5e67fbfbc',
  'cc98cc5e-8b54-4c55-8564-a7ebeaccc68b',
  '550e8400-e29b-41d4-a716-446655440801',
  NULL,
  NULL,
  'scheduled',
  'Central NJ Liga 1',
  NULL
)
ON CONFLICT (id) DO UPDATE SET
  home_team_score = EXCLUDED.home_team_score,
  away_team_score = EXCLUDED.away_team_score,
  match_status = EXCLUDED.match_status;

INSERT INTO event_participants (id, event_id, team_id, participation_status_id)
VALUES 
  ('a83e991c-41db-4bd3-98d5-d4803ada0dc0', 'c888f4f9-395d-4d8f-8ee4-39e99c27ae7b', 'a3120f9e-c8ef-4cd8-8014-92f5e67fbfbc', '550e8400-e29b-41d4-a716-446655440701'),
  ('3ccf6e8a-f94a-44cb-9115-6f6928f91861', 'c888f4f9-395d-4d8f-8ee4-39e99c27ae7b', 'cc98cc5e-8b54-4c55-8564-a7ebeaccc68b', '550e8400-e29b-41d4-a716-446655440701')
ON CONFLICT (id) DO NOTHING;
INSERT INTO events (id, created_by, event_type_id, title, description, event_date, venue_id, duration_minutes, cancelled, cancellation_reason, external_event_id)
VALUES (
  'd3d06a09-4ace-4176-8e9c-8a2aedad2ce0',
  '77d77471-1250-47e0-81ab-d4626595d63c',
  '550e8400-e29b-41d4-a716-446655440402',
  'Princeton International FC vs Jersey Shore Boca Reserves',
  NULL,
  '2025-11-06 01:30:00',
  NULL,
  NULL,
  false,
  NULL,
  NULL
)
ON CONFLICT (id) DO UPDATE SET
  title = EXCLUDED.title,
  updated_at = EXCLUDED.updated_at;

INSERT INTO matches (id, home_team_id, away_team_id, home_away_status_id, home_team_score, away_team_score, match_status, competition_name, competition_round)
VALUES (
  'd3d06a09-4ace-4176-8e9c-8a2aedad2ce0',
  '7708a49e-8512-43b2-8b85-13e98a4af318',
  '2da3f1d4-be7f-4cff-89d8-fea82a640d06',
  '550e8400-e29b-41d4-a716-446655440801',
  NULL,
  NULL,
  'scheduled',
  'Central NJ Liga 1',
  NULL
)
ON CONFLICT (id) DO UPDATE SET
  home_team_score = EXCLUDED.home_team_score,
  away_team_score = EXCLUDED.away_team_score,
  match_status = EXCLUDED.match_status;

INSERT INTO event_participants (id, event_id, team_id, participation_status_id)
VALUES 
  ('d20e1692-9daa-404e-bbf2-e49e974fe747', 'd3d06a09-4ace-4176-8e9c-8a2aedad2ce0', '7708a49e-8512-43b2-8b85-13e98a4af318', '550e8400-e29b-41d4-a716-446655440701'),
  ('658fd801-7f7c-4f2c-b117-110132374f4c', 'd3d06a09-4ace-4176-8e9c-8a2aedad2ce0', '2da3f1d4-be7f-4cff-89d8-fea82a640d06', '550e8400-e29b-41d4-a716-446655440701')
ON CONFLICT (id) DO NOTHING;
INSERT INTO events (id, created_by, event_type_id, title, description, event_date, venue_id, duration_minutes, cancelled, cancellation_reason, external_event_id)
VALUES (
  '13ae55a8-01d6-4849-8327-bcbea6d52cfb',
  '77d77471-1250-47e0-81ab-d4626595d63c',
  '550e8400-e29b-41d4-a716-446655440402',
  'Alaso FC vs Real Central NJ II',
  NULL,
  '2025-11-03 00:00:00',
  NULL,
  NULL,
  false,
  NULL,
  NULL
)
ON CONFLICT (id) DO UPDATE SET
  title = EXCLUDED.title,
  updated_at = EXCLUDED.updated_at;

INSERT INTO matches (id, home_team_id, away_team_id, home_away_status_id, home_team_score, away_team_score, match_status, competition_name, competition_round)
VALUES (
  '13ae55a8-01d6-4849-8327-bcbea6d52cfb',
  'dda012cd-f081-48df-8903-d997d9fa6f96',
  'bb5768e2-fac3-42e0-8d07-f18a63fb2278',
  '550e8400-e29b-41d4-a716-446655440801',
  NULL,
  NULL,
  'scheduled',
  'Central NJ Liga 1',
  NULL
)
ON CONFLICT (id) DO UPDATE SET
  home_team_score = EXCLUDED.home_team_score,
  away_team_score = EXCLUDED.away_team_score,
  match_status = EXCLUDED.match_status;

INSERT INTO event_participants (id, event_id, team_id, participation_status_id)
VALUES 
  ('d3117329-73d0-4b2d-a749-3c6af10938cc', '13ae55a8-01d6-4849-8327-bcbea6d52cfb', 'dda012cd-f081-48df-8903-d997d9fa6f96', '550e8400-e29b-41d4-a716-446655440701'),
  ('dc1d209c-5442-43f0-bc75-315968de2ff8', '13ae55a8-01d6-4849-8327-bcbea6d52cfb', 'bb5768e2-fac3-42e0-8d07-f18a63fb2278', '550e8400-e29b-41d4-a716-446655440701')
ON CONFLICT (id) DO NOTHING;
INSERT INTO events (id, created_by, event_type_id, title, description, event_date, venue_id, duration_minutes, cancelled, cancellation_reason, external_event_id)
VALUES (
  '0cf035b4-2b92-4468-8cd4-cb30251db88d',
  '77d77471-1250-47e0-81ab-d4626595d63c',
  '550e8400-e29b-41d4-a716-446655440402',
  'Rondo Football Club vs MFC Stars',
  NULL,
  '2025-11-02 14:00:00',
  NULL,
  NULL,
  false,
  NULL,
  NULL
)
ON CONFLICT (id) DO UPDATE SET
  title = EXCLUDED.title,
  updated_at = EXCLUDED.updated_at;

INSERT INTO matches (id, home_team_id, away_team_id, home_away_status_id, home_team_score, away_team_score, match_status, competition_name, competition_round)
VALUES (
  '0cf035b4-2b92-4468-8cd4-cb30251db88d',
  '5e07fe31-75ac-4d95-8224-c762b2411566',
  '3e87d61d-3093-41a0-888a-83f66923a34b',
  '550e8400-e29b-41d4-a716-446655440801',
  NULL,
  NULL,
  'scheduled',
  'Central NJ Liga 1',
  NULL
)
ON CONFLICT (id) DO UPDATE SET
  home_team_score = EXCLUDED.home_team_score,
  away_team_score = EXCLUDED.away_team_score,
  match_status = EXCLUDED.match_status;

INSERT INTO event_participants (id, event_id, team_id, participation_status_id)
VALUES 
  ('fc4baadc-fe0c-4183-b92d-f766f7e813e1', '0cf035b4-2b92-4468-8cd4-cb30251db88d', '5e07fe31-75ac-4d95-8224-c762b2411566', '550e8400-e29b-41d4-a716-446655440701'),
  ('dd46bb42-a5ef-4ba8-b76b-ab14ba450144', '0cf035b4-2b92-4468-8cd4-cb30251db88d', '3e87d61d-3093-41a0-888a-83f66923a34b', '550e8400-e29b-41d4-a716-446655440701')
ON CONFLICT (id) DO NOTHING;
INSERT INTO events (id, created_by, event_type_id, title, description, event_date, venue_id, duration_minutes, cancelled, cancellation_reason, external_event_id)
VALUES (
  '8a557316-f880-44f0-8028-97b52d290cae',
  '77d77471-1250-47e0-81ab-d4626595d63c',
  '550e8400-e29b-41d4-a716-446655440402',
  'Jersey Shore Hounds vs Real Central NJ II',
  NULL,
  '2025-09-07 13:30:00',
  NULL,
  NULL,
  false,
  NULL,
  NULL
)
ON CONFLICT (id) DO UPDATE SET
  title = EXCLUDED.title,
  updated_at = EXCLUDED.updated_at;

INSERT INTO matches (id, home_team_id, away_team_id, home_away_status_id, home_team_score, away_team_score, match_status, competition_name, competition_round)
VALUES (
  '8a557316-f880-44f0-8028-97b52d290cae',
  'eb1511a3-cc96-4387-80c1-c8e470338ddc',
  'bb5768e2-fac3-42e0-8d07-f18a63fb2278',
  '550e8400-e29b-41d4-a716-446655440801',
  NULL,
  NULL,
  'scheduled',
  'Central NJ Liga 1',
  NULL
)
ON CONFLICT (id) DO UPDATE SET
  home_team_score = EXCLUDED.home_team_score,
  away_team_score = EXCLUDED.away_team_score,
  match_status = EXCLUDED.match_status;

INSERT INTO event_participants (id, event_id, team_id, participation_status_id)
VALUES 
  ('0b9697d1-76c6-4e2e-8d1d-ed8821faeeec', '8a557316-f880-44f0-8028-97b52d290cae', 'eb1511a3-cc96-4387-80c1-c8e470338ddc', '550e8400-e29b-41d4-a716-446655440701'),
  ('4d952a2f-2912-4cbe-9c68-8f97b4c7072b', '8a557316-f880-44f0-8028-97b52d290cae', 'bb5768e2-fac3-42e0-8d07-f18a63fb2278', '550e8400-e29b-41d4-a716-446655440701')
ON CONFLICT (id) DO NOTHING;
INSERT INTO events (id, created_by, event_type_id, title, description, event_date, venue_id, duration_minutes, cancelled, cancellation_reason, external_event_id)
VALUES (
  '9cc8bfe7-2df1-434e-8313-3e592dfc9d53',
  '77d77471-1250-47e0-81ab-d4626595d63c',
  '550e8400-e29b-41d4-a716-446655440402',
  'Milan Football Club vs Rondo Football Club',
  NULL,
  '2025-09-07 14:00:00',
  NULL,
  NULL,
  false,
  NULL,
  NULL
)
ON CONFLICT (id) DO UPDATE SET
  title = EXCLUDED.title,
  updated_at = EXCLUDED.updated_at;

INSERT INTO matches (id, home_team_id, away_team_id, home_away_status_id, home_team_score, away_team_score, match_status, competition_name, competition_round)
VALUES (
  '9cc8bfe7-2df1-434e-8313-3e592dfc9d53',
  'cc98cc5e-8b54-4c55-8564-a7ebeaccc68b',
  '5e07fe31-75ac-4d95-8224-c762b2411566',
  '550e8400-e29b-41d4-a716-446655440801',
  NULL,
  NULL,
  'scheduled',
  'Central NJ Liga 1',
  NULL
)
ON CONFLICT (id) DO UPDATE SET
  home_team_score = EXCLUDED.home_team_score,
  away_team_score = EXCLUDED.away_team_score,
  match_status = EXCLUDED.match_status;

INSERT INTO event_participants (id, event_id, team_id, participation_status_id)
VALUES 
  ('25856b10-a5af-4657-a057-f8aba5eb3486', '9cc8bfe7-2df1-434e-8313-3e592dfc9d53', 'cc98cc5e-8b54-4c55-8564-a7ebeaccc68b', '550e8400-e29b-41d4-a716-446655440701'),
  ('c39b9eb0-cc75-4068-99a7-7bcda9973db9', '9cc8bfe7-2df1-434e-8313-3e592dfc9d53', '5e07fe31-75ac-4d95-8224-c762b2411566', '550e8400-e29b-41d4-a716-446655440701')
ON CONFLICT (id) DO NOTHING;
INSERT INTO events (id, created_by, event_type_id, title, description, event_date, venue_id, duration_minutes, cancelled, cancellation_reason, external_event_id)
VALUES (
  '44687709-00cd-4828-8492-eb117a75be45',
  '77d77471-1250-47e0-81ab-d4626595d63c',
  '550e8400-e29b-41d4-a716-446655440402',
  'Princeton International FC vs FeelsGood FC',
  NULL,
  '2025-09-07 14:30:00',
  NULL,
  NULL,
  false,
  NULL,
  NULL
)
ON CONFLICT (id) DO UPDATE SET
  title = EXCLUDED.title,
  updated_at = EXCLUDED.updated_at;

INSERT INTO matches (id, home_team_id, away_team_id, home_away_status_id, home_team_score, away_team_score, match_status, competition_name, competition_round)
VALUES (
  '44687709-00cd-4828-8492-eb117a75be45',
  '7708a49e-8512-43b2-8b85-13e98a4af318',
  'a3120f9e-c8ef-4cd8-8014-92f5e67fbfbc',
  '550e8400-e29b-41d4-a716-446655440801',
  NULL,
  NULL,
  'scheduled',
  'Central NJ Liga 1',
  NULL
)
ON CONFLICT (id) DO UPDATE SET
  home_team_score = EXCLUDED.home_team_score,
  away_team_score = EXCLUDED.away_team_score,
  match_status = EXCLUDED.match_status;

INSERT INTO event_participants (id, event_id, team_id, participation_status_id)
VALUES 
  ('38f65591-26c7-41cf-a494-2bcdf2bdaafa', '44687709-00cd-4828-8492-eb117a75be45', '7708a49e-8512-43b2-8b85-13e98a4af318', '550e8400-e29b-41d4-a716-446655440701'),
  ('fc1fce5c-fba4-483a-a0a9-d886e2be2117', '44687709-00cd-4828-8492-eb117a75be45', 'a3120f9e-c8ef-4cd8-8014-92f5e67fbfbc', '550e8400-e29b-41d4-a716-446655440701')
ON CONFLICT (id) DO NOTHING;
INSERT INTO events (id, created_by, event_type_id, title, description, event_date, venue_id, duration_minutes, cancelled, cancellation_reason, external_event_id)
VALUES (
  'da8d12b0-afd7-4b1f-8f5b-63620db06ff2',
  '77d77471-1250-47e0-81ab-d4626595d63c',
  '550e8400-e29b-41d4-a716-446655440402',
  'Jersey Shore Boca Reserves vs Monmouth Light FC',
  NULL,
  '2025-09-07 22:30:00',
  NULL,
  NULL,
  false,
  NULL,
  NULL
)
ON CONFLICT (id) DO UPDATE SET
  title = EXCLUDED.title,
  updated_at = EXCLUDED.updated_at;

INSERT INTO matches (id, home_team_id, away_team_id, home_away_status_id, home_team_score, away_team_score, match_status, competition_name, competition_round)
VALUES (
  'da8d12b0-afd7-4b1f-8f5b-63620db06ff2',
  '2da3f1d4-be7f-4cff-89d8-fea82a640d06',
  'd9b9ff4c-052c-4c9f-8d2d-483f66125de4',
  '550e8400-e29b-41d4-a716-446655440801',
  NULL,
  NULL,
  'scheduled',
  'Central NJ Liga 1',
  NULL
)
ON CONFLICT (id) DO UPDATE SET
  home_team_score = EXCLUDED.home_team_score,
  away_team_score = EXCLUDED.away_team_score,
  match_status = EXCLUDED.match_status;

INSERT INTO event_participants (id, event_id, team_id, participation_status_id)
VALUES 
  ('a8c000ed-b06c-4238-bcc8-ae0a39c53b50', 'da8d12b0-afd7-4b1f-8f5b-63620db06ff2', '2da3f1d4-be7f-4cff-89d8-fea82a640d06', '550e8400-e29b-41d4-a716-446655440701'),
  ('6c76c66c-b45f-4a94-8d4f-d910124fdcda', 'da8d12b0-afd7-4b1f-8f5b-63620db06ff2', 'd9b9ff4c-052c-4c9f-8d2d-483f66125de4', '550e8400-e29b-41d4-a716-446655440701')
ON CONFLICT (id) DO NOTHING;
INSERT INTO events (id, created_by, event_type_id, title, description, event_date, venue_id, duration_minutes, cancelled, cancellation_reason, external_event_id)
VALUES (
  '8e018dcd-a2a5-4f4d-8cad-9406b56458b6',
  '77d77471-1250-47e0-81ab-d4626595d63c',
  '550e8400-e29b-41d4-a716-446655440402',
  'Alaso FC vs MFC Stars',
  NULL,
  '2025-09-07 23:00:00',
  NULL,
  NULL,
  false,
  NULL,
  NULL
)
ON CONFLICT (id) DO UPDATE SET
  title = EXCLUDED.title,
  updated_at = EXCLUDED.updated_at;

INSERT INTO matches (id, home_team_id, away_team_id, home_away_status_id, home_team_score, away_team_score, match_status, competition_name, competition_round)
VALUES (
  '8e018dcd-a2a5-4f4d-8cad-9406b56458b6',
  'dda012cd-f081-48df-8903-d997d9fa6f96',
  '3e87d61d-3093-41a0-888a-83f66923a34b',
  '550e8400-e29b-41d4-a716-446655440801',
  NULL,
  NULL,
  'scheduled',
  'Central NJ Liga 1',
  NULL
)
ON CONFLICT (id) DO UPDATE SET
  home_team_score = EXCLUDED.home_team_score,
  away_team_score = EXCLUDED.away_team_score,
  match_status = EXCLUDED.match_status;

INSERT INTO event_participants (id, event_id, team_id, participation_status_id)
VALUES 
  ('d312bfc3-590d-4578-8ba2-b22a712f3657', '8e018dcd-a2a5-4f4d-8cad-9406b56458b6', 'dda012cd-f081-48df-8903-d997d9fa6f96', '550e8400-e29b-41d4-a716-446655440701'),
  ('c521c2e9-a41e-4a80-8d18-50bdd08c3021', '8e018dcd-a2a5-4f4d-8cad-9406b56458b6', '3e87d61d-3093-41a0-888a-83f66923a34b', '550e8400-e29b-41d4-a716-446655440701')
ON CONFLICT (id) DO NOTHING;
INSERT INTO events (id, created_by, event_type_id, title, description, event_date, venue_id, duration_minutes, cancelled, cancellation_reason, external_event_id)
VALUES (
  'bbb552d5-3241-4dca-8824-69be1f232855',
  '77d77471-1250-47e0-81ab-d4626595d63c',
  '550e8400-e29b-41d4-a716-446655440402',
  'Rondo Football Club vs Monmouth Light FC',
  NULL,
  '2025-09-14 12:00:00',
  NULL,
  NULL,
  false,
  NULL,
  NULL
)
ON CONFLICT (id) DO UPDATE SET
  title = EXCLUDED.title,
  updated_at = EXCLUDED.updated_at;

INSERT INTO matches (id, home_team_id, away_team_id, home_away_status_id, home_team_score, away_team_score, match_status, competition_name, competition_round)
VALUES (
  'bbb552d5-3241-4dca-8824-69be1f232855',
  '5e07fe31-75ac-4d95-8224-c762b2411566',
  'd9b9ff4c-052c-4c9f-8d2d-483f66125de4',
  '550e8400-e29b-41d4-a716-446655440801',
  NULL,
  NULL,
  'scheduled',
  'Central NJ Liga 1',
  NULL
)
ON CONFLICT (id) DO UPDATE SET
  home_team_score = EXCLUDED.home_team_score,
  away_team_score = EXCLUDED.away_team_score,
  match_status = EXCLUDED.match_status;

INSERT INTO event_participants (id, event_id, team_id, participation_status_id)
VALUES 
  ('9db6cd12-5b95-48b1-9ecb-0ca0d58cf4b1', 'bbb552d5-3241-4dca-8824-69be1f232855', '5e07fe31-75ac-4d95-8224-c762b2411566', '550e8400-e29b-41d4-a716-446655440701'),
  ('4fe4ce90-a9e4-4cb7-b0e7-ae3b106d8dcf', 'bbb552d5-3241-4dca-8824-69be1f232855', 'd9b9ff4c-052c-4c9f-8d2d-483f66125de4', '550e8400-e29b-41d4-a716-446655440701')
ON CONFLICT (id) DO NOTHING;
INSERT INTO events (id, created_by, event_type_id, title, description, event_date, venue_id, duration_minutes, cancelled, cancellation_reason, external_event_id)
VALUES (
  '54e7ac62-60c6-4da1-8ca0-48e735edd4d6',
  '77d77471-1250-47e0-81ab-d4626595d63c',
  '550e8400-e29b-41d4-a716-446655440402',
  'Jersey Shore Hounds vs Jersey Shore Boca Reserves',
  NULL,
  '2025-09-14 13:30:00',
  NULL,
  NULL,
  false,
  NULL,
  NULL
)
ON CONFLICT (id) DO UPDATE SET
  title = EXCLUDED.title,
  updated_at = EXCLUDED.updated_at;

INSERT INTO matches (id, home_team_id, away_team_id, home_away_status_id, home_team_score, away_team_score, match_status, competition_name, competition_round)
VALUES (
  '54e7ac62-60c6-4da1-8ca0-48e735edd4d6',
  'eb1511a3-cc96-4387-80c1-c8e470338ddc',
  '2da3f1d4-be7f-4cff-89d8-fea82a640d06',
  '550e8400-e29b-41d4-a716-446655440801',
  NULL,
  NULL,
  'scheduled',
  'Central NJ Liga 1',
  NULL
)
ON CONFLICT (id) DO UPDATE SET
  home_team_score = EXCLUDED.home_team_score,
  away_team_score = EXCLUDED.away_team_score,
  match_status = EXCLUDED.match_status;

INSERT INTO event_participants (id, event_id, team_id, participation_status_id)
VALUES 
  ('441026a6-1d34-4293-9f15-5f9db42582ab', '54e7ac62-60c6-4da1-8ca0-48e735edd4d6', 'eb1511a3-cc96-4387-80c1-c8e470338ddc', '550e8400-e29b-41d4-a716-446655440701'),
  ('393d262d-afef-4460-8e8a-97bf0cf69fda', '54e7ac62-60c6-4da1-8ca0-48e735edd4d6', '2da3f1d4-be7f-4cff-89d8-fea82a640d06', '550e8400-e29b-41d4-a716-446655440701')
ON CONFLICT (id) DO NOTHING;
INSERT INTO events (id, created_by, event_type_id, title, description, event_date, venue_id, duration_minutes, cancelled, cancellation_reason, external_event_id)
VALUES (
  '628a1237-b966-42f2-8927-678809d67be4',
  '77d77471-1250-47e0-81ab-d4626595d63c',
  '550e8400-e29b-41d4-a716-446655440402',
  'Milan Football Club vs Real Central NJ II',
  NULL,
  '2025-09-14 14:00:00',
  NULL,
  NULL,
  false,
  NULL,
  NULL
)
ON CONFLICT (id) DO UPDATE SET
  title = EXCLUDED.title,
  updated_at = EXCLUDED.updated_at;

INSERT INTO matches (id, home_team_id, away_team_id, home_away_status_id, home_team_score, away_team_score, match_status, competition_name, competition_round)
VALUES (
  '628a1237-b966-42f2-8927-678809d67be4',
  'cc98cc5e-8b54-4c55-8564-a7ebeaccc68b',
  'bb5768e2-fac3-42e0-8d07-f18a63fb2278',
  '550e8400-e29b-41d4-a716-446655440801',
  NULL,
  NULL,
  'scheduled',
  'Central NJ Liga 1',
  NULL
)
ON CONFLICT (id) DO UPDATE SET
  home_team_score = EXCLUDED.home_team_score,
  away_team_score = EXCLUDED.away_team_score,
  match_status = EXCLUDED.match_status;

INSERT INTO event_participants (id, event_id, team_id, participation_status_id)
VALUES 
  ('85a81d08-6a1d-45ab-87d8-111db2d61a60', '628a1237-b966-42f2-8927-678809d67be4', 'cc98cc5e-8b54-4c55-8564-a7ebeaccc68b', '550e8400-e29b-41d4-a716-446655440701'),
  ('859d107c-d153-4d76-84e2-7a42e2eb5dce', '628a1237-b966-42f2-8927-678809d67be4', 'bb5768e2-fac3-42e0-8d07-f18a63fb2278', '550e8400-e29b-41d4-a716-446655440701')
ON CONFLICT (id) DO NOTHING;
INSERT INTO events (id, created_by, event_type_id, title, description, event_date, venue_id, duration_minutes, cancelled, cancellation_reason, external_event_id)
VALUES (
  'cfe2ecfa-b9b4-4f2c-8baf-25cd902551e9',
  '77d77471-1250-47e0-81ab-d4626595d63c',
  '550e8400-e29b-41d4-a716-446655440402',
  'MFC Stars vs Princeton International FC',
  NULL,
  '2025-09-14 20:00:00',
  NULL,
  NULL,
  false,
  NULL,
  NULL
)
ON CONFLICT (id) DO UPDATE SET
  title = EXCLUDED.title,
  updated_at = EXCLUDED.updated_at;

INSERT INTO matches (id, home_team_id, away_team_id, home_away_status_id, home_team_score, away_team_score, match_status, competition_name, competition_round)
VALUES (
  'cfe2ecfa-b9b4-4f2c-8baf-25cd902551e9',
  '3e87d61d-3093-41a0-888a-83f66923a34b',
  '7708a49e-8512-43b2-8b85-13e98a4af318',
  '550e8400-e29b-41d4-a716-446655440801',
  NULL,
  NULL,
  'scheduled',
  'Central NJ Liga 1',
  NULL
)
ON CONFLICT (id) DO UPDATE SET
  home_team_score = EXCLUDED.home_team_score,
  away_team_score = EXCLUDED.away_team_score,
  match_status = EXCLUDED.match_status;

INSERT INTO event_participants (id, event_id, team_id, participation_status_id)
VALUES 
  ('65dd0d0e-6517-410c-ad9f-ee1d9b5616f1', 'cfe2ecfa-b9b4-4f2c-8baf-25cd902551e9', '3e87d61d-3093-41a0-888a-83f66923a34b', '550e8400-e29b-41d4-a716-446655440701'),
  ('1909952f-b0aa-41e1-874d-0cf199487349', 'cfe2ecfa-b9b4-4f2c-8baf-25cd902551e9', '7708a49e-8512-43b2-8b85-13e98a4af318', '550e8400-e29b-41d4-a716-446655440701')
ON CONFLICT (id) DO NOTHING;
INSERT INTO events (id, created_by, event_type_id, title, description, event_date, venue_id, duration_minutes, cancelled, cancellation_reason, external_event_id)
VALUES (
  'b0dfa54d-7374-4e08-8840-cafe6aa4b951',
  '77d77471-1250-47e0-81ab-d4626595d63c',
  '550e8400-e29b-41d4-a716-446655440402',
  'Princeton International FC vs Monmouth Light FC',
  NULL,
  '2025-09-21 14:00:00',
  NULL,
  NULL,
  false,
  NULL,
  NULL
)
ON CONFLICT (id) DO UPDATE SET
  title = EXCLUDED.title,
  updated_at = EXCLUDED.updated_at;

INSERT INTO matches (id, home_team_id, away_team_id, home_away_status_id, home_team_score, away_team_score, match_status, competition_name, competition_round)
VALUES (
  'b0dfa54d-7374-4e08-8840-cafe6aa4b951',
  '7708a49e-8512-43b2-8b85-13e98a4af318',
  'd9b9ff4c-052c-4c9f-8d2d-483f66125de4',
  '550e8400-e29b-41d4-a716-446655440801',
  NULL,
  NULL,
  'scheduled',
  'Central NJ Liga 1',
  NULL
)
ON CONFLICT (id) DO UPDATE SET
  home_team_score = EXCLUDED.home_team_score,
  away_team_score = EXCLUDED.away_team_score,
  match_status = EXCLUDED.match_status;

INSERT INTO event_participants (id, event_id, team_id, participation_status_id)
VALUES 
  ('944dcc6a-5de0-452f-afcd-f42b362876ac', 'b0dfa54d-7374-4e08-8840-cafe6aa4b951', '7708a49e-8512-43b2-8b85-13e98a4af318', '550e8400-e29b-41d4-a716-446655440701'),
  ('317a08cf-9874-4f2b-b0bd-b86a82b559f5', 'b0dfa54d-7374-4e08-8840-cafe6aa4b951', 'd9b9ff4c-052c-4c9f-8d2d-483f66125de4', '550e8400-e29b-41d4-a716-446655440701')
ON CONFLICT (id) DO NOTHING;
