-- CASA Match Schedule

INSERT INTO events (id, created_by, event_type_id, title, description, event_date, venue_id, duration_minutes, cancelled, cancellation_reason, external_event_id)
VALUES (
  '62d30cd4-fb69-4a97-84bd-0e506564c188',
  '77d77471-1250-47e0-81ab-d4626595d63c',
  '550e8400-e29b-41d4-a716-446655440402',
  'Lighthouse Boys Club vs Illyrians FC',
  NULL,
  '2025-11-09 20:00:00',
  NULL,
  NULL,
  false,
  NULL,
  NULL
)
ON CONFLICT (id) DO UPDATE SET
  title = EXCLUDED.title,
  updated_at = EXCLUDED.updated_at;

INSERT INTO matches (id, home_team_id, away_team_id, home_away_status_id, home_team_score, away_team_score, match_status, competition_name, competition_round)
VALUES (
  '62d30cd4-fb69-4a97-84bd-0e506564c188',
  '57d88568-993d-4411-8aa3-6244ca7ff704',
  '28134f76-23f8-4e68-80ce-9f9ab2a3942f',
  '550e8400-e29b-41d4-a716-446655440801',
  NULL,
  NULL,
  'scheduled',
  'Philadelphia Liga 1',
  NULL
)
ON CONFLICT (id) DO UPDATE SET
  home_team_score = EXCLUDED.home_team_score,
  away_team_score = EXCLUDED.away_team_score,
  match_status = EXCLUDED.match_status;

INSERT INTO event_participants (id, event_id, team_id, participation_status_id)
VALUES 
  ('89caef3c-0f26-4a1a-b641-997d9b496b90', '62d30cd4-fb69-4a97-84bd-0e506564c188', '57d88568-993d-4411-8aa3-6244ca7ff704', '550e8400-e29b-41d4-a716-446655440701'),
  ('a538eee3-bc1d-4e28-92e2-91651b91d3fd', '62d30cd4-fb69-4a97-84bd-0e506564c188', '28134f76-23f8-4e68-80ce-9f9ab2a3942f', '550e8400-e29b-41d4-a716-446655440701')
ON CONFLICT (id) DO NOTHING;
INSERT INTO events (id, created_by, event_type_id, title, description, event_date, venue_id, duration_minutes, cancelled, cancellation_reason, external_event_id)
VALUES (
  '2537da99-8f86-4c23-81f7-b0ea2621bb05',
  '77d77471-1250-47e0-81ab-d4626595d63c',
  '550e8400-e29b-41d4-a716-446655440402',
  'Phoenix SCM vs Oaklyn United FC II',
  NULL,
  '2025-11-09 19:30:00',
  NULL,
  NULL,
  false,
  NULL,
  NULL
)
ON CONFLICT (id) DO UPDATE SET
  title = EXCLUDED.title,
  updated_at = EXCLUDED.updated_at;

INSERT INTO matches (id, home_team_id, away_team_id, home_away_status_id, home_team_score, away_team_score, match_status, competition_name, competition_round)
VALUES (
  '2537da99-8f86-4c23-81f7-b0ea2621bb05',
  'aad58707-7310-4751-86c5-e403a28757f4',
  '158e321e-2dd5-4926-82ce-c31822bde965',
  '550e8400-e29b-41d4-a716-446655440801',
  NULL,
  NULL,
  'scheduled',
  'Philadelphia Liga 1',
  NULL
)
ON CONFLICT (id) DO UPDATE SET
  home_team_score = EXCLUDED.home_team_score,
  away_team_score = EXCLUDED.away_team_score,
  match_status = EXCLUDED.match_status;

INSERT INTO event_participants (id, event_id, team_id, participation_status_id)
VALUES 
  ('d4841623-37ae-49e8-ae9d-98dbdd8b5128', '2537da99-8f86-4c23-81f7-b0ea2621bb05', 'aad58707-7310-4751-86c5-e403a28757f4', '550e8400-e29b-41d4-a716-446655440701'),
  ('ad22944b-c571-4655-b242-59ddafc6966d', '2537da99-8f86-4c23-81f7-b0ea2621bb05', '158e321e-2dd5-4926-82ce-c31822bde965', '550e8400-e29b-41d4-a716-446655440701')
ON CONFLICT (id) DO NOTHING;
INSERT INTO events (id, created_by, event_type_id, title, description, event_date, venue_id, duration_minutes, cancelled, cancellation_reason, external_event_id)
VALUES (
  '49f8304b-9d17-4990-82c5-c29a7fa32ac5',
  '77d77471-1250-47e0-81ab-d4626595d63c',
  '550e8400-e29b-41d4-a716-446655440402',
  'Philadelphia Sierra Stars vs Adé United FC',
  NULL,
  '2025-11-09 18:30:00',
  NULL,
  NULL,
  false,
  NULL,
  NULL
)
ON CONFLICT (id) DO UPDATE SET
  title = EXCLUDED.title,
  updated_at = EXCLUDED.updated_at;

INSERT INTO matches (id, home_team_id, away_team_id, home_away_status_id, home_team_score, away_team_score, match_status, competition_name, competition_round)
VALUES (
  '49f8304b-9d17-4990-82c5-c29a7fa32ac5',
  '3a2468dd-a31c-456a-88a9-fe7699d2b079',
  'da9e701d-7752-495a-8145-fe967b40c0d3',
  '550e8400-e29b-41d4-a716-446655440801',
  NULL,
  NULL,
  'scheduled',
  'Philadelphia Liga 1',
  NULL
)
ON CONFLICT (id) DO UPDATE SET
  home_team_score = EXCLUDED.home_team_score,
  away_team_score = EXCLUDED.away_team_score,
  match_status = EXCLUDED.match_status;

INSERT INTO event_participants (id, event_id, team_id, participation_status_id)
VALUES 
  ('410ba6ce-5b7f-4e07-853f-bff76b02bae6', '49f8304b-9d17-4990-82c5-c29a7fa32ac5', '3a2468dd-a31c-456a-88a9-fe7699d2b079', '550e8400-e29b-41d4-a716-446655440701'),
  ('d95382b9-a9c5-4ab4-bbe2-966485168614', '49f8304b-9d17-4990-82c5-c29a7fa32ac5', 'da9e701d-7752-495a-8145-fe967b40c0d3', '550e8400-e29b-41d4-a716-446655440701')
ON CONFLICT (id) DO NOTHING;
INSERT INTO events (id, created_by, event_type_id, title, description, event_date, venue_id, duration_minutes, cancelled, cancellation_reason, external_event_id)
VALUES (
  '4d734c38-ec21-47a9-8b6a-1e8395f2afc1',
  '77d77471-1250-47e0-81ab-d4626595d63c',
  '550e8400-e29b-41d4-a716-446655440402',
  'Phoenix Reserves vs Persepolis FC',
  NULL,
  '2025-11-09 16:45:00',
  NULL,
  NULL,
  false,
  NULL,
  NULL
)
ON CONFLICT (id) DO UPDATE SET
  title = EXCLUDED.title,
  updated_at = EXCLUDED.updated_at;

INSERT INTO matches (id, home_team_id, away_team_id, home_away_status_id, home_team_score, away_team_score, match_status, competition_name, competition_round)
VALUES (
  '4d734c38-ec21-47a9-8b6a-1e8395f2afc1',
  NULL,
  'e1fe8b60-1ff9-46ae-8274-feccfd31eb8c',
  '550e8400-e29b-41d4-a716-446655440801',
  NULL,
  NULL,
  'scheduled',
  'Philadelphia Liga 1',
  NULL
)
ON CONFLICT (id) DO UPDATE SET
  home_team_score = EXCLUDED.home_team_score,
  away_team_score = EXCLUDED.away_team_score,
  match_status = EXCLUDED.match_status;

INSERT INTO event_participants (id, event_id, team_id, participation_status_id)
VALUES 
  ('84cd4e79-89c8-45f6-ae46-b5ebfdd8f703', '4d734c38-ec21-47a9-8b6a-1e8395f2afc1', 'e1fe8b60-1ff9-46ae-8274-feccfd31eb8c', '550e8400-e29b-41d4-a716-446655440701')
ON CONFLICT (id) DO NOTHING;
INSERT INTO events (id, created_by, event_type_id, title, description, event_date, venue_id, duration_minutes, cancelled, cancellation_reason, external_event_id)
VALUES (
  'a2da5631-8d20-47c6-8c65-e39aa953fd8c',
  '77d77471-1250-47e0-81ab-d4626595d63c',
  '550e8400-e29b-41d4-a716-446655440402',
  'Lighthouse Old Timers Club vs Philly BlackStars',
  NULL,
  '2025-11-09 14:00:00',
  NULL,
  NULL,
  false,
  NULL,
  NULL
)
ON CONFLICT (id) DO UPDATE SET
  title = EXCLUDED.title,
  updated_at = EXCLUDED.updated_at;

INSERT INTO matches (id, home_team_id, away_team_id, home_away_status_id, home_team_score, away_team_score, match_status, competition_name, competition_round)
VALUES (
  'a2da5631-8d20-47c6-8c65-e39aa953fd8c',
  'da5e129e-1d82-4c59-85f9-1f5efd3d6c11',
  'bbef7779-4ba7-4939-891e-6d6f96a34577',
  '550e8400-e29b-41d4-a716-446655440801',
  NULL,
  NULL,
  'scheduled',
  'Philadelphia Liga 2',
  NULL
)
ON CONFLICT (id) DO UPDATE SET
  home_team_score = EXCLUDED.home_team_score,
  away_team_score = EXCLUDED.away_team_score,
  match_status = EXCLUDED.match_status;

INSERT INTO event_participants (id, event_id, team_id, participation_status_id)
VALUES 
  ('29397d23-f75f-4b4e-afb1-e73b6b14e762', 'a2da5631-8d20-47c6-8c65-e39aa953fd8c', 'da5e129e-1d82-4c59-85f9-1f5efd3d6c11', '550e8400-e29b-41d4-a716-446655440701'),
  ('505807ab-bb25-4044-b7ec-c952ba7580b7', 'a2da5631-8d20-47c6-8c65-e39aa953fd8c', 'bbef7779-4ba7-4939-891e-6d6f96a34577', '550e8400-e29b-41d4-a716-446655440701')
ON CONFLICT (id) DO NOTHING;
INSERT INTO events (id, created_by, event_type_id, title, description, event_date, venue_id, duration_minutes, cancelled, cancellation_reason, external_event_id)
VALUES (
  '4d524c17-9d79-4153-8a04-7aeab379e450',
  '77d77471-1250-47e0-81ab-d4626595d63c',
  '550e8400-e29b-41d4-a716-446655440402',
  'Philadelphia SC II vs Oaklyn United FC II',
  NULL,
  '2025-11-07 01:45:00',
  NULL,
  NULL,
  false,
  NULL,
  NULL
)
ON CONFLICT (id) DO UPDATE SET
  title = EXCLUDED.title,
  updated_at = EXCLUDED.updated_at;

INSERT INTO matches (id, home_team_id, away_team_id, home_away_status_id, home_team_score, away_team_score, match_status, competition_name, competition_round)
VALUES (
  '4d524c17-9d79-4153-8a04-7aeab379e450',
  NULL,
  '158e321e-2dd5-4926-82ce-c31822bde965',
  '550e8400-e29b-41d4-a716-446655440801',
  NULL,
  NULL,
  'scheduled',
  'Philadelphia Liga 1',
  NULL
)
ON CONFLICT (id) DO UPDATE SET
  home_team_score = EXCLUDED.home_team_score,
  away_team_score = EXCLUDED.away_team_score,
  match_status = EXCLUDED.match_status;

INSERT INTO event_participants (id, event_id, team_id, participation_status_id)
VALUES 
  ('6b5ea90d-51d8-4dc3-8c5e-ad1343e2cf11', '4d524c17-9d79-4153-8a04-7aeab379e450', '158e321e-2dd5-4926-82ce-c31822bde965', '550e8400-e29b-41d4-a716-446655440701')
ON CONFLICT (id) DO NOTHING;
INSERT INTO events (id, created_by, event_type_id, title, description, event_date, venue_id, duration_minutes, cancelled, cancellation_reason, external_event_id)
VALUES (
  '83d619c8-bca1-42a1-8b4f-096d80083a5c',
  '77d77471-1250-47e0-81ab-d4626595d63c',
  '550e8400-e29b-41d4-a716-446655440402',
  'Illyrians FC vs Adé United FC',
  NULL,
  '2025-11-07 00:00:00',
  NULL,
  NULL,
  false,
  NULL,
  NULL
)
ON CONFLICT (id) DO UPDATE SET
  title = EXCLUDED.title,
  updated_at = EXCLUDED.updated_at;

INSERT INTO matches (id, home_team_id, away_team_id, home_away_status_id, home_team_score, away_team_score, match_status, competition_name, competition_round)
VALUES (
  '83d619c8-bca1-42a1-8b4f-096d80083a5c',
  '28134f76-23f8-4e68-80ce-9f9ab2a3942f',
  'da9e701d-7752-495a-8145-fe967b40c0d3',
  '550e8400-e29b-41d4-a716-446655440801',
  NULL,
  NULL,
  'scheduled',
  'Philadelphia Liga 1',
  NULL
)
ON CONFLICT (id) DO UPDATE SET
  home_team_score = EXCLUDED.home_team_score,
  away_team_score = EXCLUDED.away_team_score,
  match_status = EXCLUDED.match_status;

INSERT INTO event_participants (id, event_id, team_id, participation_status_id)
VALUES 
  ('6e83c5e0-4ff2-4b1d-9a95-661fc07e2d61', '83d619c8-bca1-42a1-8b4f-096d80083a5c', '28134f76-23f8-4e68-80ce-9f9ab2a3942f', '550e8400-e29b-41d4-a716-446655440701'),
  ('e575d2e4-49d4-4927-9dbf-f51a5afc3a2b', '83d619c8-bca1-42a1-8b4f-096d80083a5c', 'da9e701d-7752-495a-8145-fe967b40c0d3', '550e8400-e29b-41d4-a716-446655440701')
ON CONFLICT (id) DO NOTHING;
INSERT INTO events (id, created_by, event_type_id, title, description, event_date, venue_id, duration_minutes, cancelled, cancellation_reason, external_event_id)
VALUES (
  'fc19745e-b7ac-4b64-8731-a256613e1534',
  '77d77471-1250-47e0-81ab-d4626595d63c',
  '550e8400-e29b-41d4-a716-446655440402',
  'Philadelphia Sierra Stars vs Philly BlackStars',
  NULL,
  '2025-11-06 01:45:00',
  NULL,
  NULL,
  false,
  NULL,
  NULL
)
ON CONFLICT (id) DO UPDATE SET
  title = EXCLUDED.title,
  updated_at = EXCLUDED.updated_at;

INSERT INTO matches (id, home_team_id, away_team_id, home_away_status_id, home_team_score, away_team_score, match_status, competition_name, competition_round)
VALUES (
  'fc19745e-b7ac-4b64-8731-a256613e1534',
  '3a2468dd-a31c-456a-88a9-fe7699d2b079',
  'bbef7779-4ba7-4939-891e-6d6f96a34577',
  '550e8400-e29b-41d4-a716-446655440801',
  NULL,
  NULL,
  'scheduled',
  'Philadelphia Liga 1',
  NULL
)
ON CONFLICT (id) DO UPDATE SET
  home_team_score = EXCLUDED.home_team_score,
  away_team_score = EXCLUDED.away_team_score,
  match_status = EXCLUDED.match_status;

INSERT INTO event_participants (id, event_id, team_id, participation_status_id)
VALUES 
  ('3d0cf1b7-9dce-4914-8520-8df1ba2c0f6f', 'fc19745e-b7ac-4b64-8731-a256613e1534', '3a2468dd-a31c-456a-88a9-fe7699d2b079', '550e8400-e29b-41d4-a716-446655440701'),
  ('739b58cb-1dfe-43d0-901f-c9aefad242d7', 'fc19745e-b7ac-4b64-8731-a256613e1534', 'bbef7779-4ba7-4939-891e-6d6f96a34577', '550e8400-e29b-41d4-a716-446655440701')
ON CONFLICT (id) DO NOTHING;
INSERT INTO events (id, created_by, event_type_id, title, description, event_date, venue_id, duration_minutes, cancelled, cancellation_reason, external_event_id)
VALUES (
  'eca34b29-7579-4b19-8833-5f5acf847b86',
  '77d77471-1250-47e0-81ab-d4626595d63c',
  '550e8400-e29b-41d4-a716-446655440402',
  'Phoenix SCM vs Persepolis FC',
  NULL,
  '2025-11-06 01:00:00',
  NULL,
  NULL,
  false,
  NULL,
  NULL
)
ON CONFLICT (id) DO UPDATE SET
  title = EXCLUDED.title,
  updated_at = EXCLUDED.updated_at;

INSERT INTO matches (id, home_team_id, away_team_id, home_away_status_id, home_team_score, away_team_score, match_status, competition_name, competition_round)
VALUES (
  'eca34b29-7579-4b19-8833-5f5acf847b86',
  'aad58707-7310-4751-86c5-e403a28757f4',
  'e1fe8b60-1ff9-46ae-8274-feccfd31eb8c',
  '550e8400-e29b-41d4-a716-446655440801',
  NULL,
  NULL,
  'scheduled',
  'Philadelphia Liga 1',
  NULL
)
ON CONFLICT (id) DO UPDATE SET
  home_team_score = EXCLUDED.home_team_score,
  away_team_score = EXCLUDED.away_team_score,
  match_status = EXCLUDED.match_status;

INSERT INTO event_participants (id, event_id, team_id, participation_status_id)
VALUES 
  ('0b35c8e2-7462-49d7-b5b4-a92e8f2c9555', 'eca34b29-7579-4b19-8833-5f5acf847b86', 'aad58707-7310-4751-86c5-e403a28757f4', '550e8400-e29b-41d4-a716-446655440701'),
  ('1d69b83e-3cff-448b-a52e-c603357de701', 'eca34b29-7579-4b19-8833-5f5acf847b86', 'e1fe8b60-1ff9-46ae-8274-feccfd31eb8c', '550e8400-e29b-41d4-a716-446655440701')
ON CONFLICT (id) DO NOTHING;
INSERT INTO events (id, created_by, event_type_id, title, description, event_date, venue_id, duration_minutes, cancelled, cancellation_reason, external_event_id)
VALUES (
  'd21597c2-6129-466a-8e93-2ac187d2fd9e',
  '77d77471-1250-47e0-81ab-d4626595d63c',
  '550e8400-e29b-41d4-a716-446655440402',
  'Lighthouse Old Timers Club vs Persepolis FC',
  NULL,
  '2025-11-02 20:00:00',
  NULL,
  NULL,
  false,
  NULL,
  NULL
)
ON CONFLICT (id) DO UPDATE SET
  title = EXCLUDED.title,
  updated_at = EXCLUDED.updated_at;

INSERT INTO matches (id, home_team_id, away_team_id, home_away_status_id, home_team_score, away_team_score, match_status, competition_name, competition_round)
VALUES (
  'd21597c2-6129-466a-8e93-2ac187d2fd9e',
  'da5e129e-1d82-4c59-85f9-1f5efd3d6c11',
  'e1fe8b60-1ff9-46ae-8274-feccfd31eb8c',
  '550e8400-e29b-41d4-a716-446655440801',
  NULL,
  NULL,
  'scheduled',
  'Philadelphia Liga 2',
  NULL
)
ON CONFLICT (id) DO UPDATE SET
  home_team_score = EXCLUDED.home_team_score,
  away_team_score = EXCLUDED.away_team_score,
  match_status = EXCLUDED.match_status;

INSERT INTO event_participants (id, event_id, team_id, participation_status_id)
VALUES 
  ('65a0a629-3fd3-4c8b-a2e5-21590685ca08', 'd21597c2-6129-466a-8e93-2ac187d2fd9e', 'da5e129e-1d82-4c59-85f9-1f5efd3d6c11', '550e8400-e29b-41d4-a716-446655440701'),
  ('6d848276-441b-49f5-8e46-c6cbd07732ef', 'd21597c2-6129-466a-8e93-2ac187d2fd9e', 'e1fe8b60-1ff9-46ae-8274-feccfd31eb8c', '550e8400-e29b-41d4-a716-446655440701')
ON CONFLICT (id) DO NOTHING;
INSERT INTO events (id, created_by, event_type_id, title, description, event_date, venue_id, duration_minutes, cancelled, cancellation_reason, external_event_id)
VALUES (
  '3a2d7ecc-fa9b-4169-874b-72b07ddf204f',
  '77d77471-1250-47e0-81ab-d4626595d63c',
  '550e8400-e29b-41d4-a716-446655440402',
  'Philly BlackStars vs Illyrians FC',
  NULL,
  '2025-09-07 16:45:00',
  NULL,
  NULL,
  false,
  NULL,
  NULL
)
ON CONFLICT (id) DO UPDATE SET
  title = EXCLUDED.title,
  updated_at = EXCLUDED.updated_at;

INSERT INTO matches (id, home_team_id, away_team_id, home_away_status_id, home_team_score, away_team_score, match_status, competition_name, competition_round)
VALUES (
  '3a2d7ecc-fa9b-4169-874b-72b07ddf204f',
  'bbef7779-4ba7-4939-891e-6d6f96a34577',
  '28134f76-23f8-4e68-80ce-9f9ab2a3942f',
  '550e8400-e29b-41d4-a716-446655440801',
  NULL,
  NULL,
  'scheduled',
  'Philadelphia Liga 1',
  NULL
)
ON CONFLICT (id) DO UPDATE SET
  home_team_score = EXCLUDED.home_team_score,
  away_team_score = EXCLUDED.away_team_score,
  match_status = EXCLUDED.match_status;

INSERT INTO event_participants (id, event_id, team_id, participation_status_id)
VALUES 
  ('919e1a4b-49e1-46de-b53a-60bb7734e83b', '3a2d7ecc-fa9b-4169-874b-72b07ddf204f', 'bbef7779-4ba7-4939-891e-6d6f96a34577', '550e8400-e29b-41d4-a716-446655440701'),
  ('37e8fdb8-37c7-44b9-b944-e5d0b1740c19', '3a2d7ecc-fa9b-4169-874b-72b07ddf204f', '28134f76-23f8-4e68-80ce-9f9ab2a3942f', '550e8400-e29b-41d4-a716-446655440701')
ON CONFLICT (id) DO NOTHING;
INSERT INTO events (id, created_by, event_type_id, title, description, event_date, venue_id, duration_minutes, cancelled, cancellation_reason, external_event_id)
VALUES (
  '3ad04f53-81ed-43b8-8b7e-fc544d239d67',
  '77d77471-1250-47e0-81ab-d4626595d63c',
  '550e8400-e29b-41d4-a716-446655440402',
  'Lighthouse Boys Club vs Oaklyn United FC II',
  NULL,
  '2025-09-07 17:30:00',
  NULL,
  NULL,
  false,
  NULL,
  NULL
)
ON CONFLICT (id) DO UPDATE SET
  title = EXCLUDED.title,
  updated_at = EXCLUDED.updated_at;

INSERT INTO matches (id, home_team_id, away_team_id, home_away_status_id, home_team_score, away_team_score, match_status, competition_name, competition_round)
VALUES (
  '3ad04f53-81ed-43b8-8b7e-fc544d239d67',
  '57d88568-993d-4411-8aa3-6244ca7ff704',
  '158e321e-2dd5-4926-82ce-c31822bde965',
  '550e8400-e29b-41d4-a716-446655440801',
  NULL,
  NULL,
  'scheduled',
  'Philadelphia Liga 1',
  NULL
)
ON CONFLICT (id) DO UPDATE SET
  home_team_score = EXCLUDED.home_team_score,
  away_team_score = EXCLUDED.away_team_score,
  match_status = EXCLUDED.match_status;

INSERT INTO event_participants (id, event_id, team_id, participation_status_id)
VALUES 
  ('ebd85d6b-582e-48b8-b4fb-edae3d8aa729', '3ad04f53-81ed-43b8-8b7e-fc544d239d67', '57d88568-993d-4411-8aa3-6244ca7ff704', '550e8400-e29b-41d4-a716-446655440701'),
  ('a9c1576f-365d-4da7-8745-3490b064de2f', '3ad04f53-81ed-43b8-8b7e-fc544d239d67', '158e321e-2dd5-4926-82ce-c31822bde965', '550e8400-e29b-41d4-a716-446655440701')
ON CONFLICT (id) DO NOTHING;
INSERT INTO events (id, created_by, event_type_id, title, description, event_date, venue_id, duration_minutes, cancelled, cancellation_reason, external_event_id)
VALUES (
  'a652c999-a49e-4a94-8cd9-1d098cf426f9',
  '77d77471-1250-47e0-81ab-d4626595d63c',
  '550e8400-e29b-41d4-a716-446655440402',
  'Phoenix SCM vs Adé United FC',
  NULL,
  '2025-09-07 18:30:00',
  NULL,
  NULL,
  false,
  NULL,
  NULL
)
ON CONFLICT (id) DO UPDATE SET
  title = EXCLUDED.title,
  updated_at = EXCLUDED.updated_at;

INSERT INTO matches (id, home_team_id, away_team_id, home_away_status_id, home_team_score, away_team_score, match_status, competition_name, competition_round)
VALUES (
  'a652c999-a49e-4a94-8cd9-1d098cf426f9',
  'aad58707-7310-4751-86c5-e403a28757f4',
  'da9e701d-7752-495a-8145-fe967b40c0d3',
  '550e8400-e29b-41d4-a716-446655440801',
  NULL,
  NULL,
  'scheduled',
  'Philadelphia Liga 1',
  NULL
)
ON CONFLICT (id) DO UPDATE SET
  home_team_score = EXCLUDED.home_team_score,
  away_team_score = EXCLUDED.away_team_score,
  match_status = EXCLUDED.match_status;

INSERT INTO event_participants (id, event_id, team_id, participation_status_id)
VALUES 
  ('62cd8773-add9-4c30-8fa2-2bc19e01c426', 'a652c999-a49e-4a94-8cd9-1d098cf426f9', 'aad58707-7310-4751-86c5-e403a28757f4', '550e8400-e29b-41d4-a716-446655440701'),
  ('f24f4718-7f50-45f3-9ce7-b3f7948ce2ad', 'a652c999-a49e-4a94-8cd9-1d098cf426f9', 'da9e701d-7752-495a-8145-fe967b40c0d3', '550e8400-e29b-41d4-a716-446655440701')
ON CONFLICT (id) DO NOTHING;
INSERT INTO events (id, created_by, event_type_id, title, description, event_date, venue_id, duration_minutes, cancelled, cancellation_reason, external_event_id)
VALUES (
  '8165bc74-cfe4-495b-86e4-86702b0dbf41',
  '77d77471-1250-47e0-81ab-d4626595d63c',
  '550e8400-e29b-41d4-a716-446655440402',
  'Philadelphia Sierra Stars vs Persepolis FC',
  NULL,
  '2025-09-07 18:30:00',
  NULL,
  NULL,
  false,
  NULL,
  NULL
)
ON CONFLICT (id) DO UPDATE SET
  title = EXCLUDED.title,
  updated_at = EXCLUDED.updated_at;

INSERT INTO matches (id, home_team_id, away_team_id, home_away_status_id, home_team_score, away_team_score, match_status, competition_name, competition_round)
VALUES (
  '8165bc74-cfe4-495b-86e4-86702b0dbf41',
  '3a2468dd-a31c-456a-88a9-fe7699d2b079',
  'e1fe8b60-1ff9-46ae-8274-feccfd31eb8c',
  '550e8400-e29b-41d4-a716-446655440801',
  NULL,
  NULL,
  'scheduled',
  'Philadelphia Liga 1',
  NULL
)
ON CONFLICT (id) DO UPDATE SET
  home_team_score = EXCLUDED.home_team_score,
  away_team_score = EXCLUDED.away_team_score,
  match_status = EXCLUDED.match_status;

INSERT INTO event_participants (id, event_id, team_id, participation_status_id)
VALUES 
  ('5141aee4-e89a-4166-af97-90760bc47374', '8165bc74-cfe4-495b-86e4-86702b0dbf41', '3a2468dd-a31c-456a-88a9-fe7699d2b079', '550e8400-e29b-41d4-a716-446655440701'),
  ('91c7a3ce-0a07-46a4-8c06-9c7d81d5cebe', '8165bc74-cfe4-495b-86e4-86702b0dbf41', 'e1fe8b60-1ff9-46ae-8274-feccfd31eb8c', '550e8400-e29b-41d4-a716-446655440701')
ON CONFLICT (id) DO NOTHING;
INSERT INTO events (id, created_by, event_type_id, title, description, event_date, venue_id, duration_minutes, cancelled, cancellation_reason, external_event_id)
VALUES (
  '2517d2fd-90c5-471a-84de-4f7d3ec058ec',
  '77d77471-1250-47e0-81ab-d4626595d63c',
  '550e8400-e29b-41d4-a716-446655440402',
  'Persepolis FC vs Philly BlackStars',
  NULL,
  '2025-09-14 16:30:00',
  NULL,
  NULL,
  false,
  NULL,
  NULL
)
ON CONFLICT (id) DO UPDATE SET
  title = EXCLUDED.title,
  updated_at = EXCLUDED.updated_at;

INSERT INTO matches (id, home_team_id, away_team_id, home_away_status_id, home_team_score, away_team_score, match_status, competition_name, competition_round)
VALUES (
  '2517d2fd-90c5-471a-84de-4f7d3ec058ec',
  'e1fe8b60-1ff9-46ae-8274-feccfd31eb8c',
  'bbef7779-4ba7-4939-891e-6d6f96a34577',
  '550e8400-e29b-41d4-a716-446655440801',
  NULL,
  NULL,
  'scheduled',
  'Philadelphia Liga 1',
  NULL
)
ON CONFLICT (id) DO UPDATE SET
  home_team_score = EXCLUDED.home_team_score,
  away_team_score = EXCLUDED.away_team_score,
  match_status = EXCLUDED.match_status;

INSERT INTO event_participants (id, event_id, team_id, participation_status_id)
VALUES 
  ('5bd348bc-8431-4160-9fdc-4953fda25de4', '2517d2fd-90c5-471a-84de-4f7d3ec058ec', 'e1fe8b60-1ff9-46ae-8274-feccfd31eb8c', '550e8400-e29b-41d4-a716-446655440701'),
  ('3dfae303-86d8-445b-a9a1-d4898a4450fd', '2517d2fd-90c5-471a-84de-4f7d3ec058ec', 'bbef7779-4ba7-4939-891e-6d6f96a34577', '550e8400-e29b-41d4-a716-446655440701')
ON CONFLICT (id) DO NOTHING;
INSERT INTO events (id, created_by, event_type_id, title, description, event_date, venue_id, duration_minutes, cancelled, cancellation_reason, external_event_id)
VALUES (
  '91a9c8b7-406d-41de-8df6-8607f59396cf',
  '77d77471-1250-47e0-81ab-d4626595d63c',
  '550e8400-e29b-41d4-a716-446655440402',
  'Oaklyn United FC II vs Adé United FC',
  NULL,
  '2025-09-14 17:00:00',
  NULL,
  NULL,
  false,
  NULL,
  NULL
)
ON CONFLICT (id) DO UPDATE SET
  title = EXCLUDED.title,
  updated_at = EXCLUDED.updated_at;

INSERT INTO matches (id, home_team_id, away_team_id, home_away_status_id, home_team_score, away_team_score, match_status, competition_name, competition_round)
VALUES (
  '91a9c8b7-406d-41de-8df6-8607f59396cf',
  '158e321e-2dd5-4926-82ce-c31822bde965',
  'da9e701d-7752-495a-8145-fe967b40c0d3',
  '550e8400-e29b-41d4-a716-446655440801',
  NULL,
  NULL,
  'scheduled',
  'Philadelphia Liga 1',
  NULL
)
ON CONFLICT (id) DO UPDATE SET
  home_team_score = EXCLUDED.home_team_score,
  away_team_score = EXCLUDED.away_team_score,
  match_status = EXCLUDED.match_status;

INSERT INTO event_participants (id, event_id, team_id, participation_status_id)
VALUES 
  ('bfba9f53-ad9d-4540-aaa8-fde005eeec6d', '91a9c8b7-406d-41de-8df6-8607f59396cf', '158e321e-2dd5-4926-82ce-c31822bde965', '550e8400-e29b-41d4-a716-446655440701'),
  ('e96065be-6c58-420a-8670-735ef3b3ca36', '91a9c8b7-406d-41de-8df6-8607f59396cf', 'da9e701d-7752-495a-8145-fe967b40c0d3', '550e8400-e29b-41d4-a716-446655440701')
ON CONFLICT (id) DO NOTHING;
INSERT INTO events (id, created_by, event_type_id, title, description, event_date, venue_id, duration_minutes, cancelled, cancellation_reason, external_event_id)
VALUES (
  '52f4814d-e1a3-468f-89bd-6e02155b6129',
  '77d77471-1250-47e0-81ab-d4626595d63c',
  '550e8400-e29b-41d4-a716-446655440402',
  'Phoenix SCM vs Philadelphia SC II',
  NULL,
  '2025-09-14 18:30:00',
  NULL,
  NULL,
  false,
  NULL,
  NULL
)
ON CONFLICT (id) DO UPDATE SET
  title = EXCLUDED.title,
  updated_at = EXCLUDED.updated_at;

INSERT INTO matches (id, home_team_id, away_team_id, home_away_status_id, home_team_score, away_team_score, match_status, competition_name, competition_round)
VALUES (
  '52f4814d-e1a3-468f-89bd-6e02155b6129',
  'aad58707-7310-4751-86c5-e403a28757f4',
  NULL,
  '550e8400-e29b-41d4-a716-446655440801',
  NULL,
  NULL,
  'scheduled',
  'Philadelphia Liga 1',
  NULL
)
ON CONFLICT (id) DO UPDATE SET
  home_team_score = EXCLUDED.home_team_score,
  away_team_score = EXCLUDED.away_team_score,
  match_status = EXCLUDED.match_status;

INSERT INTO event_participants (id, event_id, team_id, participation_status_id)
VALUES 
  ('73391af0-9c0d-407a-b901-27c5ae9d715c', '52f4814d-e1a3-468f-89bd-6e02155b6129', 'aad58707-7310-4751-86c5-e403a28757f4', '550e8400-e29b-41d4-a716-446655440701')
ON CONFLICT (id) DO NOTHING;
INSERT INTO events (id, created_by, event_type_id, title, description, event_date, venue_id, duration_minutes, cancelled, cancellation_reason, external_event_id)
VALUES (
  '4705a186-2ec4-4a63-8c68-f2921e2bc16f',
  '77d77471-1250-47e0-81ab-d4626595d63c',
  '550e8400-e29b-41d4-a716-446655440402',
  'Illyrians FC vs Lighthouse Boys Club',
  NULL,
  '2025-09-14 18:45:00',
  NULL,
  NULL,
  false,
  NULL,
  NULL
)
ON CONFLICT (id) DO UPDATE SET
  title = EXCLUDED.title,
  updated_at = EXCLUDED.updated_at;

INSERT INTO matches (id, home_team_id, away_team_id, home_away_status_id, home_team_score, away_team_score, match_status, competition_name, competition_round)
VALUES (
  '4705a186-2ec4-4a63-8c68-f2921e2bc16f',
  '28134f76-23f8-4e68-80ce-9f9ab2a3942f',
  '57d88568-993d-4411-8aa3-6244ca7ff704',
  '550e8400-e29b-41d4-a716-446655440801',
  NULL,
  NULL,
  'scheduled',
  'Philadelphia Liga 1',
  NULL
)
ON CONFLICT (id) DO UPDATE SET
  home_team_score = EXCLUDED.home_team_score,
  away_team_score = EXCLUDED.away_team_score,
  match_status = EXCLUDED.match_status;

INSERT INTO event_participants (id, event_id, team_id, participation_status_id)
VALUES 
  ('a5e50d94-c6c5-461b-9b1c-20c0b2a41c46', '4705a186-2ec4-4a63-8c68-f2921e2bc16f', '28134f76-23f8-4e68-80ce-9f9ab2a3942f', '550e8400-e29b-41d4-a716-446655440701'),
  ('94453e7f-61db-46c4-a0f4-7df228ed54c8', '4705a186-2ec4-4a63-8c68-f2921e2bc16f', '57d88568-993d-4411-8aa3-6244ca7ff704', '550e8400-e29b-41d4-a716-446655440701')
ON CONFLICT (id) DO NOTHING;
INSERT INTO events (id, created_by, event_type_id, title, description, event_date, venue_id, duration_minutes, cancelled, cancellation_reason, external_event_id)
VALUES (
  '55b1a2da-7521-4691-82ae-831d929ec711',
  '77d77471-1250-47e0-81ab-d4626595d63c',
  '550e8400-e29b-41d4-a716-446655440402',
  'Adé United FC vs Illyrians FC',
  NULL,
  '2025-09-21 15:45:00',
  NULL,
  NULL,
  false,
  NULL,
  NULL
)
ON CONFLICT (id) DO UPDATE SET
  title = EXCLUDED.title,
  updated_at = EXCLUDED.updated_at;

INSERT INTO matches (id, home_team_id, away_team_id, home_away_status_id, home_team_score, away_team_score, match_status, competition_name, competition_round)
VALUES (
  '55b1a2da-7521-4691-82ae-831d929ec711',
  'da9e701d-7752-495a-8145-fe967b40c0d3',
  '28134f76-23f8-4e68-80ce-9f9ab2a3942f',
  '550e8400-e29b-41d4-a716-446655440801',
  NULL,
  NULL,
  'scheduled',
  'Philadelphia Liga 1',
  NULL
)
ON CONFLICT (id) DO UPDATE SET
  home_team_score = EXCLUDED.home_team_score,
  away_team_score = EXCLUDED.away_team_score,
  match_status = EXCLUDED.match_status;

INSERT INTO event_participants (id, event_id, team_id, participation_status_id)
VALUES 
  ('48bdc60e-7c75-49b9-93d3-de96aad9bb4e', '55b1a2da-7521-4691-82ae-831d929ec711', 'da9e701d-7752-495a-8145-fe967b40c0d3', '550e8400-e29b-41d4-a716-446655440701'),
  ('b58292ff-6c88-4112-ad02-df9a83500f45', '55b1a2da-7521-4691-82ae-831d929ec711', '28134f76-23f8-4e68-80ce-9f9ab2a3942f', '550e8400-e29b-41d4-a716-446655440701')
ON CONFLICT (id) DO NOTHING;
INSERT INTO events (id, created_by, event_type_id, title, description, event_date, venue_id, duration_minutes, cancelled, cancellation_reason, external_event_id)
VALUES (
  '34bb814d-67bc-489f-8c94-2198057fb592',
  '77d77471-1250-47e0-81ab-d4626595d63c',
  '550e8400-e29b-41d4-a716-446655440402',
  'Lighthouse Boys Club vs Phoenix Reserves',
  NULL,
  '2025-09-21 15:45:00',
  NULL,
  NULL,
  false,
  NULL,
  NULL
)
ON CONFLICT (id) DO UPDATE SET
  title = EXCLUDED.title,
  updated_at = EXCLUDED.updated_at;

INSERT INTO matches (id, home_team_id, away_team_id, home_away_status_id, home_team_score, away_team_score, match_status, competition_name, competition_round)
VALUES (
  '34bb814d-67bc-489f-8c94-2198057fb592',
  '57d88568-993d-4411-8aa3-6244ca7ff704',
  NULL,
  '550e8400-e29b-41d4-a716-446655440801',
  NULL,
  NULL,
  'scheduled',
  'Philadelphia Liga 1',
  NULL
)
ON CONFLICT (id) DO UPDATE SET
  home_team_score = EXCLUDED.home_team_score,
  away_team_score = EXCLUDED.away_team_score,
  match_status = EXCLUDED.match_status;

INSERT INTO event_participants (id, event_id, team_id, participation_status_id)
VALUES 
  ('2e502da4-f502-4080-970a-91f221fa71dc', '34bb814d-67bc-489f-8c94-2198057fb592', '57d88568-993d-4411-8aa3-6244ca7ff704', '550e8400-e29b-41d4-a716-446655440701')
ON CONFLICT (id) DO NOTHING;
INSERT INTO events (id, created_by, event_type_id, title, description, event_date, venue_id, duration_minutes, cancelled, cancellation_reason, external_event_id)
VALUES (
  '69b364be-8f29-4a83-8fb9-69c70a476f67',
  '77d77471-1250-47e0-81ab-d4626595d63c',
  '550e8400-e29b-41d4-a716-446655440402',
  'Lighthouse Old Timers Club vs Phoenix SCM',
  NULL,
  '2025-11-16 18:30:00',
  NULL,
  NULL,
  false,
  NULL,
  NULL
)
ON CONFLICT (id) DO UPDATE SET
  title = EXCLUDED.title,
  updated_at = EXCLUDED.updated_at;

INSERT INTO matches (id, home_team_id, away_team_id, home_away_status_id, home_team_score, away_team_score, match_status, competition_name, competition_round)
VALUES (
  '69b364be-8f29-4a83-8fb9-69c70a476f67',
  'da5e129e-1d82-4c59-85f9-1f5efd3d6c11',
  'aad58707-7310-4751-86c5-e403a28757f4',
  '550e8400-e29b-41d4-a716-446655440801',
  NULL,
  NULL,
  'scheduled',
  'Philadelphia Liga 2',
  NULL
)
ON CONFLICT (id) DO UPDATE SET
  home_team_score = EXCLUDED.home_team_score,
  away_team_score = EXCLUDED.away_team_score,
  match_status = EXCLUDED.match_status;

INSERT INTO event_participants (id, event_id, team_id, participation_status_id)
VALUES 
  ('e708a1bb-e09e-4c20-b9a6-a2781239a75c', '69b364be-8f29-4a83-8fb9-69c70a476f67', 'da5e129e-1d82-4c59-85f9-1f5efd3d6c11', '550e8400-e29b-41d4-a716-446655440701'),
  ('c0273a2c-cd55-49b7-9804-59f7fc9b984f', '69b364be-8f29-4a83-8fb9-69c70a476f67', 'aad58707-7310-4751-86c5-e403a28757f4', '550e8400-e29b-41d4-a716-446655440701')
ON CONFLICT (id) DO NOTHING;
INSERT INTO events (id, created_by, event_type_id, title, description, event_date, venue_id, duration_minutes, cancelled, cancellation_reason, external_event_id)
VALUES (
  '09e2955e-5f2f-441b-8fb0-d033f67dc791',
  '77d77471-1250-47e0-81ab-d4626595d63c',
  '550e8400-e29b-41d4-a716-446655440402',
  'Phoenix SCM vs Persepolis FC',
  NULL,
  '2025-11-09 16:45:00',
  NULL,
  NULL,
  false,
  NULL,
  NULL
)
ON CONFLICT (id) DO UPDATE SET
  title = EXCLUDED.title,
  updated_at = EXCLUDED.updated_at;

INSERT INTO matches (id, home_team_id, away_team_id, home_away_status_id, home_team_score, away_team_score, match_status, competition_name, competition_round)
VALUES (
  '09e2955e-5f2f-441b-8fb0-d033f67dc791',
  'aad58707-7310-4751-86c5-e403a28757f4',
  'e1fe8b60-1ff9-46ae-8274-feccfd31eb8c',
  '550e8400-e29b-41d4-a716-446655440801',
  NULL,
  NULL,
  'scheduled',
  'Philadelphia Liga 2',
  NULL
)
ON CONFLICT (id) DO UPDATE SET
  home_team_score = EXCLUDED.home_team_score,
  away_team_score = EXCLUDED.away_team_score,
  match_status = EXCLUDED.match_status;

INSERT INTO event_participants (id, event_id, team_id, participation_status_id)
VALUES 
  ('0dd17f88-4989-443b-9d10-fe011a0c988a', '09e2955e-5f2f-441b-8fb0-d033f67dc791', 'aad58707-7310-4751-86c5-e403a28757f4', '550e8400-e29b-41d4-a716-446655440701'),
  ('0d830d0a-f015-4007-8fad-113ec6f68c38', '09e2955e-5f2f-441b-8fb0-d033f67dc791', 'e1fe8b60-1ff9-46ae-8274-feccfd31eb8c', '550e8400-e29b-41d4-a716-446655440701')
ON CONFLICT (id) DO NOTHING;
INSERT INTO events (id, created_by, event_type_id, title, description, event_date, venue_id, duration_minutes, cancelled, cancellation_reason, external_event_id)
VALUES (
  'e082a5b2-71e3-474a-8256-16ce76e60795',
  '77d77471-1250-47e0-81ab-d4626595d63c',
  '550e8400-e29b-41d4-a716-446655440402',
  'Philadelphia SC II vs Oaklyn United Nor’Easters II',
  NULL,
  '2025-11-07 01:45:00',
  NULL,
  NULL,
  false,
  NULL,
  NULL
)
ON CONFLICT (id) DO UPDATE SET
  title = EXCLUDED.title,
  updated_at = EXCLUDED.updated_at;

INSERT INTO matches (id, home_team_id, away_team_id, home_away_status_id, home_team_score, away_team_score, match_status, competition_name, competition_round)
VALUES (
  'e082a5b2-71e3-474a-8256-16ce76e60795',
  '0033b87c-9650-4c9d-80b3-69ec4751c7cc',
  NULL,
  '550e8400-e29b-41d4-a716-446655440801',
  NULL,
  NULL,
  'scheduled',
  'Philadelphia Liga 2',
  NULL
)
ON CONFLICT (id) DO UPDATE SET
  home_team_score = EXCLUDED.home_team_score,
  away_team_score = EXCLUDED.away_team_score,
  match_status = EXCLUDED.match_status;

INSERT INTO event_participants (id, event_id, team_id, participation_status_id)
VALUES 
  ('752c3b59-dc9f-4369-ad3e-dae6644c50ca', 'e082a5b2-71e3-474a-8256-16ce76e60795', '0033b87c-9650-4c9d-80b3-69ec4751c7cc', '550e8400-e29b-41d4-a716-446655440701')
ON CONFLICT (id) DO NOTHING;
INSERT INTO events (id, created_by, event_type_id, title, description, event_date, venue_id, duration_minutes, cancelled, cancellation_reason, external_event_id)
VALUES (
  '91ebabec-ce77-47e8-832e-99263cba41e6',
  '77d77471-1250-47e0-81ab-d4626595d63c',
  '550e8400-e29b-41d4-a716-446655440402',
  'Philadelphia SC II vs Phoenix SCM',
  NULL,
  '2025-11-02 19:45:00',
  NULL,
  NULL,
  false,
  NULL,
  NULL
)
ON CONFLICT (id) DO UPDATE SET
  title = EXCLUDED.title,
  updated_at = EXCLUDED.updated_at;

INSERT INTO matches (id, home_team_id, away_team_id, home_away_status_id, home_team_score, away_team_score, match_status, competition_name, competition_round)
VALUES (
  '91ebabec-ce77-47e8-832e-99263cba41e6',
  '0033b87c-9650-4c9d-80b3-69ec4751c7cc',
  'aad58707-7310-4751-86c5-e403a28757f4',
  '550e8400-e29b-41d4-a716-446655440801',
  NULL,
  NULL,
  'scheduled',
  'Philadelphia Liga 2',
  NULL
)
ON CONFLICT (id) DO UPDATE SET
  home_team_score = EXCLUDED.home_team_score,
  away_team_score = EXCLUDED.away_team_score,
  match_status = EXCLUDED.match_status;

INSERT INTO event_participants (id, event_id, team_id, participation_status_id)
VALUES 
  ('574879e3-ec93-4773-ae09-58a59e8e67d4', '91ebabec-ce77-47e8-832e-99263cba41e6', '0033b87c-9650-4c9d-80b3-69ec4751c7cc', '550e8400-e29b-41d4-a716-446655440701'),
  ('c9c966f2-aefe-4ff6-93ff-076f96d7ef9f', '91ebabec-ce77-47e8-832e-99263cba41e6', 'aad58707-7310-4751-86c5-e403a28757f4', '550e8400-e29b-41d4-a716-446655440701')
ON CONFLICT (id) DO NOTHING;
INSERT INTO events (id, created_by, event_type_id, title, description, event_date, venue_id, duration_minutes, cancelled, cancellation_reason, external_event_id)
VALUES (
  '65ba7c5f-18c6-4fb1-8eca-963156acf6f3',
  '77d77471-1250-47e0-81ab-d4626595d63c',
  '550e8400-e29b-41d4-a716-446655440402',
  'Philadelphia SC II vs Persepolis FC',
  NULL,
  '2025-10-31 00:45:00',
  NULL,
  NULL,
  false,
  NULL,
  NULL
)
ON CONFLICT (id) DO UPDATE SET
  title = EXCLUDED.title,
  updated_at = EXCLUDED.updated_at;

INSERT INTO matches (id, home_team_id, away_team_id, home_away_status_id, home_team_score, away_team_score, match_status, competition_name, competition_round)
VALUES (
  '65ba7c5f-18c6-4fb1-8eca-963156acf6f3',
  '0033b87c-9650-4c9d-80b3-69ec4751c7cc',
  'e1fe8b60-1ff9-46ae-8274-feccfd31eb8c',
  '550e8400-e29b-41d4-a716-446655440801',
  NULL,
  NULL,
  'scheduled',
  'Philadelphia Liga 2',
  NULL
)
ON CONFLICT (id) DO UPDATE SET
  home_team_score = EXCLUDED.home_team_score,
  away_team_score = EXCLUDED.away_team_score,
  match_status = EXCLUDED.match_status;

INSERT INTO event_participants (id, event_id, team_id, participation_status_id)
VALUES 
  ('5ea5d2d2-f085-44f0-bc96-654d1d560b26', '65ba7c5f-18c6-4fb1-8eca-963156acf6f3', '0033b87c-9650-4c9d-80b3-69ec4751c7cc', '550e8400-e29b-41d4-a716-446655440701'),
  ('c6bdad90-cbf6-477b-86e6-4438dd236916', '65ba7c5f-18c6-4fb1-8eca-963156acf6f3', 'e1fe8b60-1ff9-46ae-8274-feccfd31eb8c', '550e8400-e29b-41d4-a716-446655440701')
ON CONFLICT (id) DO NOTHING;
INSERT INTO events (id, created_by, event_type_id, title, description, event_date, venue_id, duration_minutes, cancelled, cancellation_reason, external_event_id)
VALUES (
  'abcbff6c-c508-4198-86c6-d093e886f9d7',
  '77d77471-1250-47e0-81ab-d4626595d63c',
  '550e8400-e29b-41d4-a716-446655440402',
  'Illyrians FC vs Phoenix SCM',
  NULL,
  '2025-10-29 23:30:00',
  NULL,
  NULL,
  false,
  NULL,
  NULL
)
ON CONFLICT (id) DO UPDATE SET
  title = EXCLUDED.title,
  updated_at = EXCLUDED.updated_at;

INSERT INTO matches (id, home_team_id, away_team_id, home_away_status_id, home_team_score, away_team_score, match_status, competition_name, competition_round)
VALUES (
  'abcbff6c-c508-4198-86c6-d093e886f9d7',
  '28134f76-23f8-4e68-80ce-9f9ab2a3942f',
  'aad58707-7310-4751-86c5-e403a28757f4',
  '550e8400-e29b-41d4-a716-446655440801',
  NULL,
  NULL,
  'scheduled',
  'Philadelphia Liga 2',
  NULL
)
ON CONFLICT (id) DO UPDATE SET
  home_team_score = EXCLUDED.home_team_score,
  away_team_score = EXCLUDED.away_team_score,
  match_status = EXCLUDED.match_status;

INSERT INTO event_participants (id, event_id, team_id, participation_status_id)
VALUES 
  ('1e785ff2-3538-4c8d-952b-53ddb3435745', 'abcbff6c-c508-4198-86c6-d093e886f9d7', '28134f76-23f8-4e68-80ce-9f9ab2a3942f', '550e8400-e29b-41d4-a716-446655440701'),
  ('d53c1ef9-50c1-490f-ab82-83afdb5319bd', 'abcbff6c-c508-4198-86c6-d093e886f9d7', 'aad58707-7310-4751-86c5-e403a28757f4', '550e8400-e29b-41d4-a716-446655440701')
ON CONFLICT (id) DO NOTHING;
INSERT INTO events (id, created_by, event_type_id, title, description, event_date, venue_id, duration_minutes, cancelled, cancellation_reason, external_event_id)
VALUES (
  '81da90ed-f792-4c81-8f6b-4e74349bea1d',
  '77d77471-1250-47e0-81ab-d4626595d63c',
  '550e8400-e29b-41d4-a716-446655440402',
  'Persepolis FC vs Lighthouse Old Timers Club',
  NULL,
  '2025-10-12 18:45:00',
  NULL,
  NULL,
  false,
  NULL,
  NULL
)
ON CONFLICT (id) DO UPDATE SET
  title = EXCLUDED.title,
  updated_at = EXCLUDED.updated_at;

INSERT INTO matches (id, home_team_id, away_team_id, home_away_status_id, home_team_score, away_team_score, match_status, competition_name, competition_round)
VALUES (
  '81da90ed-f792-4c81-8f6b-4e74349bea1d',
  'e1fe8b60-1ff9-46ae-8274-feccfd31eb8c',
  'da5e129e-1d82-4c59-85f9-1f5efd3d6c11',
  '550e8400-e29b-41d4-a716-446655440801',
  NULL,
  NULL,
  'scheduled',
  'Philadelphia Liga 2',
  NULL
)
ON CONFLICT (id) DO UPDATE SET
  home_team_score = EXCLUDED.home_team_score,
  away_team_score = EXCLUDED.away_team_score,
  match_status = EXCLUDED.match_status;

INSERT INTO event_participants (id, event_id, team_id, participation_status_id)
VALUES 
  ('9987be84-fa3e-4c17-931a-56784a1d3183', '81da90ed-f792-4c81-8f6b-4e74349bea1d', 'e1fe8b60-1ff9-46ae-8274-feccfd31eb8c', '550e8400-e29b-41d4-a716-446655440701'),
  ('9944cc9a-63e4-42ea-aeb4-bcff2fdeb6ec', '81da90ed-f792-4c81-8f6b-4e74349bea1d', 'da5e129e-1d82-4c59-85f9-1f5efd3d6c11', '550e8400-e29b-41d4-a716-446655440701')
ON CONFLICT (id) DO NOTHING;
INSERT INTO events (id, created_by, event_type_id, title, description, event_date, venue_id, duration_minutes, cancelled, cancellation_reason, external_event_id)
VALUES (
  'afafacd7-d142-4996-881f-cbade4ac2ca9',
  '77d77471-1250-47e0-81ab-d4626595d63c',
  '550e8400-e29b-41d4-a716-446655440402',
  'Philadelphia SC II vs Philly BlackStars',
  NULL,
  '2025-10-12 18:45:00',
  NULL,
  NULL,
  false,
  NULL,
  NULL
)
ON CONFLICT (id) DO UPDATE SET
  title = EXCLUDED.title,
  updated_at = EXCLUDED.updated_at;

INSERT INTO matches (id, home_team_id, away_team_id, home_away_status_id, home_team_score, away_team_score, match_status, competition_name, competition_round)
VALUES (
  'afafacd7-d142-4996-881f-cbade4ac2ca9',
  '0033b87c-9650-4c9d-80b3-69ec4751c7cc',
  'bbef7779-4ba7-4939-891e-6d6f96a34577',
  '550e8400-e29b-41d4-a716-446655440801',
  NULL,
  NULL,
  'scheduled',
  'Philadelphia Liga 2',
  NULL
)
ON CONFLICT (id) DO UPDATE SET
  home_team_score = EXCLUDED.home_team_score,
  away_team_score = EXCLUDED.away_team_score,
  match_status = EXCLUDED.match_status;

INSERT INTO event_participants (id, event_id, team_id, participation_status_id)
VALUES 
  ('6f290174-1941-4023-b815-e9865a3e2ca3', 'afafacd7-d142-4996-881f-cbade4ac2ca9', '0033b87c-9650-4c9d-80b3-69ec4751c7cc', '550e8400-e29b-41d4-a716-446655440701'),
  ('e986a035-eef3-472e-b2c0-17329cec8bd0', 'afafacd7-d142-4996-881f-cbade4ac2ca9', 'bbef7779-4ba7-4939-891e-6d6f96a34577', '550e8400-e29b-41d4-a716-446655440701')
ON CONFLICT (id) DO NOTHING;
INSERT INTO events (id, created_by, event_type_id, title, description, event_date, venue_id, duration_minutes, cancelled, cancellation_reason, external_event_id)
VALUES (
  '1ef4683f-b4d8-41d6-8c35-21df11a48cff',
  '77d77471-1250-47e0-81ab-d4626595d63c',
  '550e8400-e29b-41d4-a716-446655440402',
  'Phoenix SCM vs Philadelphia SC II',
  NULL,
  '2025-09-07 16:00:00',
  NULL,
  NULL,
  false,
  NULL,
  NULL
)
ON CONFLICT (id) DO UPDATE SET
  title = EXCLUDED.title,
  updated_at = EXCLUDED.updated_at;

INSERT INTO matches (id, home_team_id, away_team_id, home_away_status_id, home_team_score, away_team_score, match_status, competition_name, competition_round)
VALUES (
  '1ef4683f-b4d8-41d6-8c35-21df11a48cff',
  'aad58707-7310-4751-86c5-e403a28757f4',
  '0033b87c-9650-4c9d-80b3-69ec4751c7cc',
  '550e8400-e29b-41d4-a716-446655440801',
  NULL,
  NULL,
  'scheduled',
  'Philadelphia Liga 2',
  NULL
)
ON CONFLICT (id) DO UPDATE SET
  home_team_score = EXCLUDED.home_team_score,
  away_team_score = EXCLUDED.away_team_score,
  match_status = EXCLUDED.match_status;

INSERT INTO event_participants (id, event_id, team_id, participation_status_id)
VALUES 
  ('b86c2c1a-cdd4-4df2-b37f-5fad91faf4ce', '1ef4683f-b4d8-41d6-8c35-21df11a48cff', 'aad58707-7310-4751-86c5-e403a28757f4', '550e8400-e29b-41d4-a716-446655440701'),
  ('583cd3d7-20c1-420c-8f00-6cb83f235e7a', '1ef4683f-b4d8-41d6-8c35-21df11a48cff', '0033b87c-9650-4c9d-80b3-69ec4751c7cc', '550e8400-e29b-41d4-a716-446655440701')
ON CONFLICT (id) DO NOTHING;
INSERT INTO events (id, created_by, event_type_id, title, description, event_date, venue_id, duration_minutes, cancelled, cancellation_reason, external_event_id)
VALUES (
  '65f7a58b-d5f2-4aff-842b-49089f156b53',
  '77d77471-1250-47e0-81ab-d4626595d63c',
  '550e8400-e29b-41d4-a716-446655440402',
  'Phoenix SCM vs Lighthouse Old Timers Club',
  NULL,
  '2025-09-14 16:00:00',
  NULL,
  NULL,
  false,
  NULL,
  NULL
)
ON CONFLICT (id) DO UPDATE SET
  title = EXCLUDED.title,
  updated_at = EXCLUDED.updated_at;

INSERT INTO matches (id, home_team_id, away_team_id, home_away_status_id, home_team_score, away_team_score, match_status, competition_name, competition_round)
VALUES (
  '65f7a58b-d5f2-4aff-842b-49089f156b53',
  'aad58707-7310-4751-86c5-e403a28757f4',
  'da5e129e-1d82-4c59-85f9-1f5efd3d6c11',
  '550e8400-e29b-41d4-a716-446655440801',
  NULL,
  NULL,
  'scheduled',
  'Philadelphia Liga 2',
  NULL
)
ON CONFLICT (id) DO UPDATE SET
  home_team_score = EXCLUDED.home_team_score,
  away_team_score = EXCLUDED.away_team_score,
  match_status = EXCLUDED.match_status;

INSERT INTO event_participants (id, event_id, team_id, participation_status_id)
VALUES 
  ('07c32da0-684a-47d2-b952-e5f6d738efde', '65f7a58b-d5f2-4aff-842b-49089f156b53', 'aad58707-7310-4751-86c5-e403a28757f4', '550e8400-e29b-41d4-a716-446655440701'),
  ('62b580c0-84fc-4ca0-84c6-ca6652b7a428', '65f7a58b-d5f2-4aff-842b-49089f156b53', 'da5e129e-1d82-4c59-85f9-1f5efd3d6c11', '550e8400-e29b-41d4-a716-446655440701')
ON CONFLICT (id) DO NOTHING;
INSERT INTO events (id, created_by, event_type_id, title, description, event_date, venue_id, duration_minutes, cancelled, cancellation_reason, external_event_id)
VALUES (
  'd5e6fbec-5173-4a03-83ad-97f5620f579e',
  '77d77471-1250-47e0-81ab-d4626595d63c',
  '550e8400-e29b-41d4-a716-446655440402',
  'Philadelphia SC II vs Phoenix Majors',
  NULL,
  '2025-09-14 18:45:00',
  NULL,
  NULL,
  false,
  NULL,
  NULL
)
ON CONFLICT (id) DO UPDATE SET
  title = EXCLUDED.title,
  updated_at = EXCLUDED.updated_at;

INSERT INTO matches (id, home_team_id, away_team_id, home_away_status_id, home_team_score, away_team_score, match_status, competition_name, competition_round)
VALUES (
  'd5e6fbec-5173-4a03-83ad-97f5620f579e',
  '0033b87c-9650-4c9d-80b3-69ec4751c7cc',
  NULL,
  '550e8400-e29b-41d4-a716-446655440801',
  NULL,
  NULL,
  'scheduled',
  'Philadelphia Liga 2',
  NULL
)
ON CONFLICT (id) DO UPDATE SET
  home_team_score = EXCLUDED.home_team_score,
  away_team_score = EXCLUDED.away_team_score,
  match_status = EXCLUDED.match_status;

INSERT INTO event_participants (id, event_id, team_id, participation_status_id)
VALUES 
  ('1a969a0e-2256-4b13-85d8-987b5adf6323', 'd5e6fbec-5173-4a03-83ad-97f5620f579e', '0033b87c-9650-4c9d-80b3-69ec4751c7cc', '550e8400-e29b-41d4-a716-446655440701')
ON CONFLICT (id) DO NOTHING;
INSERT INTO events (id, created_by, event_type_id, title, description, event_date, venue_id, duration_minutes, cancelled, cancellation_reason, external_event_id)
VALUES (
  '1a769bff-9ff3-447b-85c7-d57d62d5dcfd',
  '77d77471-1250-47e0-81ab-d4626595d63c',
  '550e8400-e29b-41d4-a716-446655440402',
  'Lighthouse Boys Club vs Phoenix SCM',
  NULL,
  '2025-09-21 15:45:00',
  NULL,
  NULL,
  false,
  NULL,
  NULL
)
ON CONFLICT (id) DO UPDATE SET
  title = EXCLUDED.title,
  updated_at = EXCLUDED.updated_at;

INSERT INTO matches (id, home_team_id, away_team_id, home_away_status_id, home_team_score, away_team_score, match_status, competition_name, competition_round)
VALUES (
  '1a769bff-9ff3-447b-85c7-d57d62d5dcfd',
  '57d88568-993d-4411-8aa3-6244ca7ff704',
  'aad58707-7310-4751-86c5-e403a28757f4',
  '550e8400-e29b-41d4-a716-446655440801',
  NULL,
  NULL,
  'scheduled',
  'Philadelphia Liga 2',
  NULL
)
ON CONFLICT (id) DO UPDATE SET
  home_team_score = EXCLUDED.home_team_score,
  away_team_score = EXCLUDED.away_team_score,
  match_status = EXCLUDED.match_status;

INSERT INTO event_participants (id, event_id, team_id, participation_status_id)
VALUES 
  ('ec8edbee-3cf7-47cb-af86-09a406f1e314', '1a769bff-9ff3-447b-85c7-d57d62d5dcfd', '57d88568-993d-4411-8aa3-6244ca7ff704', '550e8400-e29b-41d4-a716-446655440701'),
  ('4d98635f-ffac-40c6-a736-44e4280a4af2', '1a769bff-9ff3-447b-85c7-d57d62d5dcfd', 'aad58707-7310-4751-86c5-e403a28757f4', '550e8400-e29b-41d4-a716-446655440701')
ON CONFLICT (id) DO NOTHING;
INSERT INTO events (id, created_by, event_type_id, title, description, event_date, venue_id, duration_minutes, cancelled, cancellation_reason, external_event_id)
VALUES (
  '9885c815-fde9-407e-861c-06510f86d8df',
  '77d77471-1250-47e0-81ab-d4626595d63c',
  '550e8400-e29b-41d4-a716-446655440402',
  'Philadelphia SC II vs Lighthouse Old Timers Club',
  NULL,
  '2025-09-21 18:45:00',
  NULL,
  NULL,
  false,
  NULL,
  NULL
)
ON CONFLICT (id) DO UPDATE SET
  title = EXCLUDED.title,
  updated_at = EXCLUDED.updated_at;

INSERT INTO matches (id, home_team_id, away_team_id, home_away_status_id, home_team_score, away_team_score, match_status, competition_name, competition_round)
VALUES (
  '9885c815-fde9-407e-861c-06510f86d8df',
  '0033b87c-9650-4c9d-80b3-69ec4751c7cc',
  'da5e129e-1d82-4c59-85f9-1f5efd3d6c11',
  '550e8400-e29b-41d4-a716-446655440801',
  NULL,
  NULL,
  'scheduled',
  'Philadelphia Liga 2',
  NULL
)
ON CONFLICT (id) DO UPDATE SET
  home_team_score = EXCLUDED.home_team_score,
  away_team_score = EXCLUDED.away_team_score,
  match_status = EXCLUDED.match_status;

INSERT INTO event_participants (id, event_id, team_id, participation_status_id)
VALUES 
  ('22d75c63-0f5e-4ec9-b1ea-eab44451cefd', '9885c815-fde9-407e-861c-06510f86d8df', '0033b87c-9650-4c9d-80b3-69ec4751c7cc', '550e8400-e29b-41d4-a716-446655440701'),
  ('b1f2b27a-de76-4023-9f08-66b40fac6385', '9885c815-fde9-407e-861c-06510f86d8df', 'da5e129e-1d82-4c59-85f9-1f5efd3d6c11', '550e8400-e29b-41d4-a716-446655440701')
ON CONFLICT (id) DO NOTHING;
INSERT INTO events (id, created_by, event_type_id, title, description, event_date, venue_id, duration_minutes, cancelled, cancellation_reason, external_event_id)
VALUES (
  'ce16612f-bb54-4993-875f-e511bac9c82d',
  '77d77471-1250-47e0-81ab-d4626595d63c',
  '550e8400-e29b-41d4-a716-446655440402',
  'Phoenix SCM vs Persepolis FC',
  NULL,
  '2025-09-28 16:00:00',
  NULL,
  NULL,
  false,
  NULL,
  NULL
)
ON CONFLICT (id) DO UPDATE SET
  title = EXCLUDED.title,
  updated_at = EXCLUDED.updated_at;

INSERT INTO matches (id, home_team_id, away_team_id, home_away_status_id, home_team_score, away_team_score, match_status, competition_name, competition_round)
VALUES (
  'ce16612f-bb54-4993-875f-e511bac9c82d',
  'aad58707-7310-4751-86c5-e403a28757f4',
  'e1fe8b60-1ff9-46ae-8274-feccfd31eb8c',
  '550e8400-e29b-41d4-a716-446655440801',
  NULL,
  NULL,
  'scheduled',
  'Philadelphia Liga 2',
  NULL
)
ON CONFLICT (id) DO UPDATE SET
  home_team_score = EXCLUDED.home_team_score,
  away_team_score = EXCLUDED.away_team_score,
  match_status = EXCLUDED.match_status;

INSERT INTO event_participants (id, event_id, team_id, participation_status_id)
VALUES 
  ('d63cf676-4852-4580-a43f-dd006224e8bd', 'ce16612f-bb54-4993-875f-e511bac9c82d', 'aad58707-7310-4751-86c5-e403a28757f4', '550e8400-e29b-41d4-a716-446655440701'),
  ('6464ca0b-1cec-40b3-a754-583b8ea52a02', 'ce16612f-bb54-4993-875f-e511bac9c82d', 'e1fe8b60-1ff9-46ae-8274-feccfd31eb8c', '550e8400-e29b-41d4-a716-446655440701')
ON CONFLICT (id) DO NOTHING;
INSERT INTO events (id, created_by, event_type_id, title, description, event_date, venue_id, duration_minutes, cancelled, cancellation_reason, external_event_id)
VALUES (
  '3ac0f639-cef4-4ab4-8eee-8818085b4cae',
  '77d77471-1250-47e0-81ab-d4626595d63c',
  '550e8400-e29b-41d4-a716-446655440402',
  'Adé United FC vs Lighthouse Old Timers Club',
  NULL,
  '2025-09-28 16:30:00',
  NULL,
  NULL,
  false,
  NULL,
  NULL
)
ON CONFLICT (id) DO UPDATE SET
  title = EXCLUDED.title,
  updated_at = EXCLUDED.updated_at;

INSERT INTO matches (id, home_team_id, away_team_id, home_away_status_id, home_team_score, away_team_score, match_status, competition_name, competition_round)
VALUES (
  '3ac0f639-cef4-4ab4-8eee-8818085b4cae',
  'da9e701d-7752-495a-8145-fe967b40c0d3',
  'da5e129e-1d82-4c59-85f9-1f5efd3d6c11',
  '550e8400-e29b-41d4-a716-446655440801',
  NULL,
  NULL,
  'scheduled',
  'Philadelphia Liga 2',
  NULL
)
ON CONFLICT (id) DO UPDATE SET
  home_team_score = EXCLUDED.home_team_score,
  away_team_score = EXCLUDED.away_team_score,
  match_status = EXCLUDED.match_status;

INSERT INTO event_participants (id, event_id, team_id, participation_status_id)
VALUES 
  ('2cbb798e-58d6-4ead-89f3-4c13fc60a7db', '3ac0f639-cef4-4ab4-8eee-8818085b4cae', 'da9e701d-7752-495a-8145-fe967b40c0d3', '550e8400-e29b-41d4-a716-446655440701'),
  ('3eaf2cd2-91b9-4f26-aae3-29322b40ad50', '3ac0f639-cef4-4ab4-8eee-8818085b4cae', 'da5e129e-1d82-4c59-85f9-1f5efd3d6c11', '550e8400-e29b-41d4-a716-446655440701')
ON CONFLICT (id) DO NOTHING;
INSERT INTO events (id, created_by, event_type_id, title, description, event_date, venue_id, duration_minutes, cancelled, cancellation_reason, external_event_id)
VALUES (
  '9577b205-2607-4ba5-80c6-494adbbfeea4',
  '77d77471-1250-47e0-81ab-d4626595d63c',
  '550e8400-e29b-41d4-a716-446655440402',
  'Lighthouse Old Timers Club vs Lighthouse Boys Club',
  NULL,
  '2025-10-05 15:00:00',
  NULL,
  NULL,
  false,
  NULL,
  NULL
)
ON CONFLICT (id) DO UPDATE SET
  title = EXCLUDED.title,
  updated_at = EXCLUDED.updated_at;

INSERT INTO matches (id, home_team_id, away_team_id, home_away_status_id, home_team_score, away_team_score, match_status, competition_name, competition_round)
VALUES (
  '9577b205-2607-4ba5-80c6-494adbbfeea4',
  'da5e129e-1d82-4c59-85f9-1f5efd3d6c11',
  '57d88568-993d-4411-8aa3-6244ca7ff704',
  '550e8400-e29b-41d4-a716-446655440801',
  NULL,
  NULL,
  'scheduled',
  'Philadelphia Liga 2',
  NULL
)
ON CONFLICT (id) DO UPDATE SET
  home_team_score = EXCLUDED.home_team_score,
  away_team_score = EXCLUDED.away_team_score,
  match_status = EXCLUDED.match_status;

INSERT INTO event_participants (id, event_id, team_id, participation_status_id)
VALUES 
  ('ac6a7e59-ac1b-4b23-befc-4ed1638367fd', '9577b205-2607-4ba5-80c6-494adbbfeea4', 'da5e129e-1d82-4c59-85f9-1f5efd3d6c11', '550e8400-e29b-41d4-a716-446655440701'),
  ('5d15601a-5e92-4bb7-ad01-24fde4130f84', '9577b205-2607-4ba5-80c6-494adbbfeea4', '57d88568-993d-4411-8aa3-6244ca7ff704', '550e8400-e29b-41d4-a716-446655440701')
ON CONFLICT (id) DO NOTHING;
INSERT INTO events (id, created_by, event_type_id, title, description, event_date, venue_id, duration_minutes, cancelled, cancellation_reason, external_event_id)
VALUES (
  'f887a773-2b54-4713-8b04-8ca7a7721cce',
  '77d77471-1250-47e0-81ab-d4626595d63c',
  '550e8400-e29b-41d4-a716-446655440402',
  'Philadelphia SC II vs Persepolis FC',
  NULL,
  '2025-10-05 18:45:00',
  NULL,
  NULL,
  false,
  NULL,
  NULL
)
ON CONFLICT (id) DO UPDATE SET
  title = EXCLUDED.title,
  updated_at = EXCLUDED.updated_at;

INSERT INTO matches (id, home_team_id, away_team_id, home_away_status_id, home_team_score, away_team_score, match_status, competition_name, competition_round)
VALUES (
  'f887a773-2b54-4713-8b04-8ca7a7721cce',
  '0033b87c-9650-4c9d-80b3-69ec4751c7cc',
  'e1fe8b60-1ff9-46ae-8274-feccfd31eb8c',
  '550e8400-e29b-41d4-a716-446655440801',
  NULL,
  NULL,
  'scheduled',
  'Philadelphia Liga 2',
  NULL
)
ON CONFLICT (id) DO UPDATE SET
  home_team_score = EXCLUDED.home_team_score,
  away_team_score = EXCLUDED.away_team_score,
  match_status = EXCLUDED.match_status;

INSERT INTO event_participants (id, event_id, team_id, participation_status_id)
VALUES 
  ('fa42d5c9-17ba-4809-8ffe-e6a9f8244f40', 'f887a773-2b54-4713-8b04-8ca7a7721cce', '0033b87c-9650-4c9d-80b3-69ec4751c7cc', '550e8400-e29b-41d4-a716-446655440701'),
  ('989a134e-d00e-45f5-8b60-e44ec6bc28b8', 'f887a773-2b54-4713-8b04-8ca7a7721cce', 'e1fe8b60-1ff9-46ae-8274-feccfd31eb8c', '550e8400-e29b-41d4-a716-446655440701')
ON CONFLICT (id) DO NOTHING;
INSERT INTO events (id, created_by, event_type_id, title, description, event_date, venue_id, duration_minutes, cancelled, cancellation_reason, external_event_id)
VALUES (
  '581c00d7-bf32-4533-8032-a953bf35aba8',
  '77d77471-1250-47e0-81ab-d4626595d63c',
  '550e8400-e29b-41d4-a716-446655440402',
  'South Shore FC vs Strictly Nos Fc',
  NULL,
  '2025-12-31 05:00:00',
  NULL,
  NULL,
  false,
  NULL,
  NULL
)
ON CONFLICT (id) DO UPDATE SET
  title = EXCLUDED.title,
  updated_at = EXCLUDED.updated_at;

INSERT INTO matches (id, home_team_id, away_team_id, home_away_status_id, home_team_score, away_team_score, match_status, competition_name, competition_round)
VALUES (
  '581c00d7-bf32-4533-8032-a953bf35aba8',
  '895ff6df-959f-4a46-80c9-fbef6eed5b78',
  '16b6860e-6657-4bc8-87a5-9b35d0bcb2a7',
  '550e8400-e29b-41d4-a716-446655440801',
  NULL,
  NULL,
  'scheduled',
  'Boston Liga 1',
  NULL
)
ON CONFLICT (id) DO UPDATE SET
  home_team_score = EXCLUDED.home_team_score,
  away_team_score = EXCLUDED.away_team_score,
  match_status = EXCLUDED.match_status;

INSERT INTO event_participants (id, event_id, team_id, participation_status_id)
VALUES 
  ('7f185dd6-b108-4fc0-b86f-4b153806e114', '581c00d7-bf32-4533-8032-a953bf35aba8', '895ff6df-959f-4a46-80c9-fbef6eed5b78', '550e8400-e29b-41d4-a716-446655440701'),
  ('2d1bcc99-91fa-47e2-a59a-1c4e8359c5d6', '581c00d7-bf32-4533-8032-a953bf35aba8', '16b6860e-6657-4bc8-87a5-9b35d0bcb2a7', '550e8400-e29b-41d4-a716-446655440701')
ON CONFLICT (id) DO NOTHING;
INSERT INTO events (id, created_by, event_type_id, title, description, event_date, venue_id, duration_minutes, cancelled, cancellation_reason, external_event_id)
VALUES (
  '97175e59-2b10-47ac-8ef7-d276b0aafb77',
  '77d77471-1250-47e0-81ab-d4626595d63c',
  '550e8400-e29b-41d4-a716-446655440402',
  'BCFC All Stars vs Flatley FC',
  NULL,
  '2025-09-07 15:30:00',
  NULL,
  NULL,
  false,
  NULL,
  NULL
)
ON CONFLICT (id) DO UPDATE SET
  title = EXCLUDED.title,
  updated_at = EXCLUDED.updated_at;

INSERT INTO matches (id, home_team_id, away_team_id, home_away_status_id, home_team_score, away_team_score, match_status, competition_name, competition_round)
VALUES (
  '97175e59-2b10-47ac-8ef7-d276b0aafb77',
  '8b6ce6db-f6d5-4e0d-8524-ce184200c6c9',
  '3ded57de-85a3-41e5-8b3e-87ea2a84de13',
  '550e8400-e29b-41d4-a716-446655440801',
  NULL,
  NULL,
  'scheduled',
  'Boston Liga 1',
  NULL
)
ON CONFLICT (id) DO UPDATE SET
  home_team_score = EXCLUDED.home_team_score,
  away_team_score = EXCLUDED.away_team_score,
  match_status = EXCLUDED.match_status;

INSERT INTO event_participants (id, event_id, team_id, participation_status_id)
VALUES 
  ('593cc036-d7ae-4b92-a80c-e6c8e94ae1ff', '97175e59-2b10-47ac-8ef7-d276b0aafb77', '8b6ce6db-f6d5-4e0d-8524-ce184200c6c9', '550e8400-e29b-41d4-a716-446655440701'),
  ('d9ce2351-c961-412d-a56c-67399487d219', '97175e59-2b10-47ac-8ef7-d276b0aafb77', '3ded57de-85a3-41e5-8b3e-87ea2a84de13', '550e8400-e29b-41d4-a716-446655440701')
ON CONFLICT (id) DO NOTHING;
INSERT INTO events (id, created_by, event_type_id, title, description, event_date, venue_id, duration_minutes, cancelled, cancellation_reason, external_event_id)
VALUES (
  '0aaa8905-7f99-4ea2-8829-c4991fcb539f',
  '77d77471-1250-47e0-81ab-d4626595d63c',
  '550e8400-e29b-41d4-a716-446655440402',
  'Strictly Nos Fc vs Jaguars United FC',
  NULL,
  '2025-09-07 17:30:00',
  NULL,
  NULL,
  false,
  NULL,
  NULL
)
ON CONFLICT (id) DO UPDATE SET
  title = EXCLUDED.title,
  updated_at = EXCLUDED.updated_at;

INSERT INTO matches (id, home_team_id, away_team_id, home_away_status_id, home_team_score, away_team_score, match_status, competition_name, competition_round)
VALUES (
  '0aaa8905-7f99-4ea2-8829-c4991fcb539f',
  '16b6860e-6657-4bc8-87a5-9b35d0bcb2a7',
  '9795925d-4af7-449a-86fd-e27cdfe9eced',
  '550e8400-e29b-41d4-a716-446655440801',
  NULL,
  NULL,
  'scheduled',
  'Boston Liga 1',
  NULL
)
ON CONFLICT (id) DO UPDATE SET
  home_team_score = EXCLUDED.home_team_score,
  away_team_score = EXCLUDED.away_team_score,
  match_status = EXCLUDED.match_status;

INSERT INTO event_participants (id, event_id, team_id, participation_status_id)
VALUES 
  ('3f1775c9-bd43-4462-8d2d-f92eb5276ad3', '0aaa8905-7f99-4ea2-8829-c4991fcb539f', '16b6860e-6657-4bc8-87a5-9b35d0bcb2a7', '550e8400-e29b-41d4-a716-446655440701'),
  ('f0bce7c6-7ac5-49f0-afb9-ca836beb690e', '0aaa8905-7f99-4ea2-8829-c4991fcb539f', '9795925d-4af7-449a-86fd-e27cdfe9eced', '550e8400-e29b-41d4-a716-446655440701')
ON CONFLICT (id) DO NOTHING;
INSERT INTO events (id, created_by, event_type_id, title, description, event_date, venue_id, duration_minutes, cancelled, cancellation_reason, external_event_id)
VALUES (
  'b44929d2-3a68-4879-8639-6546d1c9f548',
  '77d77471-1250-47e0-81ab-d4626595d63c',
  '550e8400-e29b-41d4-a716-446655440402',
  'Gambeta FC vs South Shore FC',
  NULL,
  '2025-09-07 21:30:00',
  NULL,
  NULL,
  false,
  NULL,
  NULL
)
ON CONFLICT (id) DO UPDATE SET
  title = EXCLUDED.title,
  updated_at = EXCLUDED.updated_at;

INSERT INTO matches (id, home_team_id, away_team_id, home_away_status_id, home_team_score, away_team_score, match_status, competition_name, competition_round)
VALUES (
  'b44929d2-3a68-4879-8639-6546d1c9f548',
  '2bf2f14b-8e84-44ec-825c-bc6031d385de',
  '895ff6df-959f-4a46-80c9-fbef6eed5b78',
  '550e8400-e29b-41d4-a716-446655440801',
  NULL,
  NULL,
  'scheduled',
  'Boston Liga 1',
  NULL
)
ON CONFLICT (id) DO UPDATE SET
  home_team_score = EXCLUDED.home_team_score,
  away_team_score = EXCLUDED.away_team_score,
  match_status = EXCLUDED.match_status;

INSERT INTO event_participants (id, event_id, team_id, participation_status_id)
VALUES 
  ('4619ca40-0b03-497f-897a-fb83b505bed6', 'b44929d2-3a68-4879-8639-6546d1c9f548', '2bf2f14b-8e84-44ec-825c-bc6031d385de', '550e8400-e29b-41d4-a716-446655440701'),
  ('d9f04a32-4a99-40a2-ab56-13a4dcc2a5e2', 'b44929d2-3a68-4879-8639-6546d1c9f548', '895ff6df-959f-4a46-80c9-fbef6eed5b78', '550e8400-e29b-41d4-a716-446655440701')
ON CONFLICT (id) DO NOTHING;
INSERT INTO events (id, created_by, event_type_id, title, description, event_date, venue_id, duration_minutes, cancelled, cancellation_reason, external_event_id)
VALUES (
  'ce0a90b2-65d2-4ce1-8109-77dfc72d6b7e',
  '77d77471-1250-47e0-81ab-d4626595d63c',
  '550e8400-e29b-41d4-a716-446655440402',
  'BCFC All Stars vs Jaguars United FC',
  NULL,
  '2025-09-13 17:00:00',
  NULL,
  NULL,
  false,
  NULL,
  NULL
)
ON CONFLICT (id) DO UPDATE SET
  title = EXCLUDED.title,
  updated_at = EXCLUDED.updated_at;

INSERT INTO matches (id, home_team_id, away_team_id, home_away_status_id, home_team_score, away_team_score, match_status, competition_name, competition_round)
VALUES (
  'ce0a90b2-65d2-4ce1-8109-77dfc72d6b7e',
  '8b6ce6db-f6d5-4e0d-8524-ce184200c6c9',
  '9795925d-4af7-449a-86fd-e27cdfe9eced',
  '550e8400-e29b-41d4-a716-446655440801',
  NULL,
  NULL,
  'scheduled',
  'Boston Liga 1',
  NULL
)
ON CONFLICT (id) DO UPDATE SET
  home_team_score = EXCLUDED.home_team_score,
  away_team_score = EXCLUDED.away_team_score,
  match_status = EXCLUDED.match_status;

INSERT INTO event_participants (id, event_id, team_id, participation_status_id)
VALUES 
  ('091775b8-3de3-4a95-90cb-a6965b979991', 'ce0a90b2-65d2-4ce1-8109-77dfc72d6b7e', '8b6ce6db-f6d5-4e0d-8524-ce184200c6c9', '550e8400-e29b-41d4-a716-446655440701'),
  ('28f84172-fcf0-4edf-9b35-f4fb527c2afe', 'ce0a90b2-65d2-4ce1-8109-77dfc72d6b7e', '9795925d-4af7-449a-86fd-e27cdfe9eced', '550e8400-e29b-41d4-a716-446655440701')
ON CONFLICT (id) DO NOTHING;
INSERT INTO events (id, created_by, event_type_id, title, description, event_date, venue_id, duration_minutes, cancelled, cancellation_reason, external_event_id)
VALUES (
  '28f04c53-c630-49d1-8af2-f3cde837a516',
  '77d77471-1250-47e0-81ab-d4626595d63c',
  '550e8400-e29b-41d4-a716-446655440402',
  'Flatley FC vs Strictly Nos Fc',
  NULL,
  '2025-09-21 16:15:00',
  NULL,
  NULL,
  false,
  NULL,
  NULL
)
ON CONFLICT (id) DO UPDATE SET
  title = EXCLUDED.title,
  updated_at = EXCLUDED.updated_at;

INSERT INTO matches (id, home_team_id, away_team_id, home_away_status_id, home_team_score, away_team_score, match_status, competition_name, competition_round)
VALUES (
  '28f04c53-c630-49d1-8af2-f3cde837a516',
  '3ded57de-85a3-41e5-8b3e-87ea2a84de13',
  '16b6860e-6657-4bc8-87a5-9b35d0bcb2a7',
  '550e8400-e29b-41d4-a716-446655440801',
  NULL,
  NULL,
  'scheduled',
  'Boston Liga 1',
  NULL
)
ON CONFLICT (id) DO UPDATE SET
  home_team_score = EXCLUDED.home_team_score,
  away_team_score = EXCLUDED.away_team_score,
  match_status = EXCLUDED.match_status;

INSERT INTO event_participants (id, event_id, team_id, participation_status_id)
VALUES 
  ('1e3c4248-dbec-4181-8cba-c6ed3cc40957', '28f04c53-c630-49d1-8af2-f3cde837a516', '3ded57de-85a3-41e5-8b3e-87ea2a84de13', '550e8400-e29b-41d4-a716-446655440701'),
  ('e31e5874-c420-499d-a400-3dd873bba178', '28f04c53-c630-49d1-8af2-f3cde837a516', '16b6860e-6657-4bc8-87a5-9b35d0bcb2a7', '550e8400-e29b-41d4-a716-446655440701')
ON CONFLICT (id) DO NOTHING;
INSERT INTO events (id, created_by, event_type_id, title, description, event_date, venue_id, duration_minutes, cancelled, cancellation_reason, external_event_id)
VALUES (
  '58b9196a-7093-49e8-82f1-6bd71921cc22',
  '77d77471-1250-47e0-81ab-d4626595d63c',
  '550e8400-e29b-41d4-a716-446655440402',
  'Gambeta FC vs BCFC All Stars',
  NULL,
  '2025-09-21 18:30:00',
  NULL,
  NULL,
  false,
  NULL,
  NULL
)
ON CONFLICT (id) DO UPDATE SET
  title = EXCLUDED.title,
  updated_at = EXCLUDED.updated_at;

INSERT INTO matches (id, home_team_id, away_team_id, home_away_status_id, home_team_score, away_team_score, match_status, competition_name, competition_round)
VALUES (
  '58b9196a-7093-49e8-82f1-6bd71921cc22',
  '2bf2f14b-8e84-44ec-825c-bc6031d385de',
  '8b6ce6db-f6d5-4e0d-8524-ce184200c6c9',
  '550e8400-e29b-41d4-a716-446655440801',
  NULL,
  NULL,
  'scheduled',
  'Boston Liga 1',
  NULL
)
ON CONFLICT (id) DO UPDATE SET
  home_team_score = EXCLUDED.home_team_score,
  away_team_score = EXCLUDED.away_team_score,
  match_status = EXCLUDED.match_status;

INSERT INTO event_participants (id, event_id, team_id, participation_status_id)
VALUES 
  ('7d2c426e-032f-4559-9d24-bbec8d5dd143', '58b9196a-7093-49e8-82f1-6bd71921cc22', '2bf2f14b-8e84-44ec-825c-bc6031d385de', '550e8400-e29b-41d4-a716-446655440701'),
  ('640bf4c8-b058-4ae7-95c5-4ecccbaca5ce', '58b9196a-7093-49e8-82f1-6bd71921cc22', '8b6ce6db-f6d5-4e0d-8524-ce184200c6c9', '550e8400-e29b-41d4-a716-446655440701')
ON CONFLICT (id) DO NOTHING;
INSERT INTO events (id, created_by, event_type_id, title, description, event_date, venue_id, duration_minutes, cancelled, cancellation_reason, external_event_id)
VALUES (
  '6bacf64d-c627-48f1-8956-2f9f5476e047',
  '77d77471-1250-47e0-81ab-d4626595d63c',
  '550e8400-e29b-41d4-a716-446655440402',
  'Jaguars United FC vs South Shore FC',
  NULL,
  '2025-09-21 22:00:00',
  NULL,
  NULL,
  false,
  NULL,
  NULL
)
ON CONFLICT (id) DO UPDATE SET
  title = EXCLUDED.title,
  updated_at = EXCLUDED.updated_at;

INSERT INTO matches (id, home_team_id, away_team_id, home_away_status_id, home_team_score, away_team_score, match_status, competition_name, competition_round)
VALUES (
  '6bacf64d-c627-48f1-8956-2f9f5476e047',
  '9795925d-4af7-449a-86fd-e27cdfe9eced',
  '895ff6df-959f-4a46-80c9-fbef6eed5b78',
  '550e8400-e29b-41d4-a716-446655440801',
  NULL,
  NULL,
  'scheduled',
  'Boston Liga 1',
  NULL
)
ON CONFLICT (id) DO UPDATE SET
  home_team_score = EXCLUDED.home_team_score,
  away_team_score = EXCLUDED.away_team_score,
  match_status = EXCLUDED.match_status;

INSERT INTO event_participants (id, event_id, team_id, participation_status_id)
VALUES 
  ('3573b2e0-5f51-4f3d-b505-c1722e8210ea', '6bacf64d-c627-48f1-8956-2f9f5476e047', '9795925d-4af7-449a-86fd-e27cdfe9eced', '550e8400-e29b-41d4-a716-446655440701'),
  ('019502df-49de-467c-ab5e-3e2098b37e70', '6bacf64d-c627-48f1-8956-2f9f5476e047', '895ff6df-959f-4a46-80c9-fbef6eed5b78', '550e8400-e29b-41d4-a716-446655440701')
ON CONFLICT (id) DO NOTHING;
INSERT INTO events (id, created_by, event_type_id, title, description, event_date, venue_id, duration_minutes, cancelled, cancellation_reason, external_event_id)
VALUES (
  '53389dfc-19cd-4eca-811c-61e5f1dff3d0',
  '77d77471-1250-47e0-81ab-d4626595d63c',
  '550e8400-e29b-41d4-a716-446655440402',
  'Strictly Nos Fc vs Gambeta FC',
  NULL,
  '2025-09-27 20:45:00',
  NULL,
  NULL,
  false,
  NULL,
  NULL
)
ON CONFLICT (id) DO UPDATE SET
  title = EXCLUDED.title,
  updated_at = EXCLUDED.updated_at;

INSERT INTO matches (id, home_team_id, away_team_id, home_away_status_id, home_team_score, away_team_score, match_status, competition_name, competition_round)
VALUES (
  '53389dfc-19cd-4eca-811c-61e5f1dff3d0',
  '16b6860e-6657-4bc8-87a5-9b35d0bcb2a7',
  '2bf2f14b-8e84-44ec-825c-bc6031d385de',
  '550e8400-e29b-41d4-a716-446655440801',
  NULL,
  NULL,
  'scheduled',
  'Boston Liga 1',
  NULL
)
ON CONFLICT (id) DO UPDATE SET
  home_team_score = EXCLUDED.home_team_score,
  away_team_score = EXCLUDED.away_team_score,
  match_status = EXCLUDED.match_status;

INSERT INTO event_participants (id, event_id, team_id, participation_status_id)
VALUES 
  ('716b807a-fcf3-4489-b781-2c732ba83598', '53389dfc-19cd-4eca-811c-61e5f1dff3d0', '16b6860e-6657-4bc8-87a5-9b35d0bcb2a7', '550e8400-e29b-41d4-a716-446655440701'),
  ('070dde3a-66f8-4883-8ad6-f6973f3b9d37', '53389dfc-19cd-4eca-811c-61e5f1dff3d0', '2bf2f14b-8e84-44ec-825c-bc6031d385de', '550e8400-e29b-41d4-a716-446655440701')
ON CONFLICT (id) DO NOTHING;
INSERT INTO events (id, created_by, event_type_id, title, description, event_date, venue_id, duration_minutes, cancelled, cancellation_reason, external_event_id)
VALUES (
  'b9402498-7473-457a-8010-50103bb7dc44',
  '77d77471-1250-47e0-81ab-d4626595d63c',
  '550e8400-e29b-41d4-a716-446655440402',
  'South Shore FC vs BCFC All Stars',
  NULL,
  '2025-09-28 18:00:00',
  NULL,
  NULL,
  false,
  NULL,
  NULL
)
ON CONFLICT (id) DO UPDATE SET
  title = EXCLUDED.title,
  updated_at = EXCLUDED.updated_at;

INSERT INTO matches (id, home_team_id, away_team_id, home_away_status_id, home_team_score, away_team_score, match_status, competition_name, competition_round)
VALUES (
  'b9402498-7473-457a-8010-50103bb7dc44',
  '895ff6df-959f-4a46-80c9-fbef6eed5b78',
  '8b6ce6db-f6d5-4e0d-8524-ce184200c6c9',
  '550e8400-e29b-41d4-a716-446655440801',
  NULL,
  NULL,
  'scheduled',
  'Boston Liga 1',
  NULL
)
ON CONFLICT (id) DO UPDATE SET
  home_team_score = EXCLUDED.home_team_score,
  away_team_score = EXCLUDED.away_team_score,
  match_status = EXCLUDED.match_status;

INSERT INTO event_participants (id, event_id, team_id, participation_status_id)
VALUES 
  ('bfb4bfa9-0166-404f-ab7a-bbcdad7626d4', 'b9402498-7473-457a-8010-50103bb7dc44', '895ff6df-959f-4a46-80c9-fbef6eed5b78', '550e8400-e29b-41d4-a716-446655440701'),
  ('34ea74b9-b39d-42dd-98e4-df2b8467848f', 'b9402498-7473-457a-8010-50103bb7dc44', '8b6ce6db-f6d5-4e0d-8524-ce184200c6c9', '550e8400-e29b-41d4-a716-446655440701')
ON CONFLICT (id) DO NOTHING;
INSERT INTO events (id, created_by, event_type_id, title, description, event_date, venue_id, duration_minutes, cancelled, cancellation_reason, external_event_id)
VALUES (
  '7807d12f-bcfc-4391-80b5-8588cee543fb',
  '77d77471-1250-47e0-81ab-d4626595d63c',
  '550e8400-e29b-41d4-a716-446655440402',
  'Flatley FC vs Jaguars United FC',
  NULL,
  '2025-09-28 23:30:00',
  NULL,
  NULL,
  false,
  NULL,
  NULL
)
ON CONFLICT (id) DO UPDATE SET
  title = EXCLUDED.title,
  updated_at = EXCLUDED.updated_at;

INSERT INTO matches (id, home_team_id, away_team_id, home_away_status_id, home_team_score, away_team_score, match_status, competition_name, competition_round)
VALUES (
  '7807d12f-bcfc-4391-80b5-8588cee543fb',
  '3ded57de-85a3-41e5-8b3e-87ea2a84de13',
  '9795925d-4af7-449a-86fd-e27cdfe9eced',
  '550e8400-e29b-41d4-a716-446655440801',
  NULL,
  NULL,
  'scheduled',
  'Boston Liga 1',
  NULL
)
ON CONFLICT (id) DO UPDATE SET
  home_team_score = EXCLUDED.home_team_score,
  away_team_score = EXCLUDED.away_team_score,
  match_status = EXCLUDED.match_status;

INSERT INTO event_participants (id, event_id, team_id, participation_status_id)
VALUES 
  ('4d5ad489-ab8c-4bc6-8c75-f9e2e29c957e', '7807d12f-bcfc-4391-80b5-8588cee543fb', '3ded57de-85a3-41e5-8b3e-87ea2a84de13', '550e8400-e29b-41d4-a716-446655440701'),
  ('ce89bc06-d433-4f88-8ff3-edca601a4339', '7807d12f-bcfc-4391-80b5-8588cee543fb', '9795925d-4af7-449a-86fd-e27cdfe9eced', '550e8400-e29b-41d4-a716-446655440701')
ON CONFLICT (id) DO NOTHING;
INSERT INTO events (id, created_by, event_type_id, title, description, event_date, venue_id, duration_minutes, cancelled, cancellation_reason, external_event_id)
VALUES (
  '345f0215-c3c6-419f-8b1f-5e6d8178af5d',
  '77d77471-1250-47e0-81ab-d4626595d63c',
  '550e8400-e29b-41d4-a716-446655440402',
  'F&M FC vs Lancaster City FC',
  NULL,
  '2025-11-09 18:00:00',
  NULL,
  NULL,
  false,
  NULL,
  NULL
)
ON CONFLICT (id) DO UPDATE SET
  title = EXCLUDED.title,
  updated_at = EXCLUDED.updated_at;

INSERT INTO matches (id, home_team_id, away_team_id, home_away_status_id, home_team_score, away_team_score, match_status, competition_name, competition_round)
VALUES (
  '345f0215-c3c6-419f-8b1f-5e6d8178af5d',
  '1b742914-50d5-4105-81b9-f980ec0fb53e',
  '525d469e-dbdf-475c-8bb3-ecddc849cfe0',
  '550e8400-e29b-41d4-a716-446655440801',
  NULL,
  NULL,
  'scheduled',
  'Lancaster Liga 1',
  NULL
)
ON CONFLICT (id) DO UPDATE SET
  home_team_score = EXCLUDED.home_team_score,
  away_team_score = EXCLUDED.away_team_score,
  match_status = EXCLUDED.match_status;

INSERT INTO event_participants (id, event_id, team_id, participation_status_id)
VALUES 
  ('88270721-54f4-4886-8bb3-9c1d283309e3', '345f0215-c3c6-419f-8b1f-5e6d8178af5d', '1b742914-50d5-4105-81b9-f980ec0fb53e', '550e8400-e29b-41d4-a716-446655440701'),
  ('80b6691b-a2c6-476f-b02d-6471476c494d', '345f0215-c3c6-419f-8b1f-5e6d8178af5d', '525d469e-dbdf-475c-8bb3-ecddc849cfe0', '550e8400-e29b-41d4-a716-446655440701')
ON CONFLICT (id) DO NOTHING;
INSERT INTO events (id, created_by, event_type_id, title, description, event_date, venue_id, duration_minutes, cancelled, cancellation_reason, external_event_id)
VALUES (
  '536c950d-5e71-4511-8e29-39f40af7c7cc',
  '77d77471-1250-47e0-81ab-d4626595d63c',
  '550e8400-e29b-41d4-a716-446655440402',
  'Kutztown Men''s Soccer vs Keystone Elite',
  NULL,
  '2025-11-09 17:00:00',
  NULL,
  NULL,
  false,
  NULL,
  NULL
)
ON CONFLICT (id) DO UPDATE SET
  title = EXCLUDED.title,
  updated_at = EXCLUDED.updated_at;

INSERT INTO matches (id, home_team_id, away_team_id, home_away_status_id, home_team_score, away_team_score, match_status, competition_name, competition_round)
VALUES (
  '536c950d-5e71-4511-8e29-39f40af7c7cc',
  '5541a60c-6517-4e66-8c25-a513298fd487',
  '9dbe9c4a-6108-44fc-898d-33defc0155da',
  '550e8400-e29b-41d4-a716-446655440801',
  NULL,
  NULL,
  'scheduled',
  'Lancaster Liga 1',
  NULL
)
ON CONFLICT (id) DO UPDATE SET
  home_team_score = EXCLUDED.home_team_score,
  away_team_score = EXCLUDED.away_team_score,
  match_status = EXCLUDED.match_status;

INSERT INTO event_participants (id, event_id, team_id, participation_status_id)
VALUES 
  ('f283364c-c93b-4cd2-967a-b07fd2f2ec2d', '536c950d-5e71-4511-8e29-39f40af7c7cc', '5541a60c-6517-4e66-8c25-a513298fd487', '550e8400-e29b-41d4-a716-446655440701'),
  ('835ec758-a568-4a7f-8018-57cc85a01a01', '536c950d-5e71-4511-8e29-39f40af7c7cc', '9dbe9c4a-6108-44fc-898d-33defc0155da', '550e8400-e29b-41d4-a716-446655440701')
ON CONFLICT (id) DO NOTHING;
INSERT INTO events (id, created_by, event_type_id, title, description, event_date, venue_id, duration_minutes, cancelled, cancellation_reason, external_event_id)
VALUES (
  '2752740a-b05a-4c4e-8137-1c7d0a03b5ea',
  '77d77471-1250-47e0-81ab-d4626595d63c',
  '550e8400-e29b-41d4-a716-446655440402',
  'Alloy Soccer Club Reserves vs Kutztown Men''s Soccer',
  NULL,
  '2025-11-02 23:00:00',
  NULL,
  NULL,
  false,
  NULL,
  NULL
)
ON CONFLICT (id) DO UPDATE SET
  title = EXCLUDED.title,
  updated_at = EXCLUDED.updated_at;

INSERT INTO matches (id, home_team_id, away_team_id, home_away_status_id, home_team_score, away_team_score, match_status, competition_name, competition_round)
VALUES (
  '2752740a-b05a-4c4e-8137-1c7d0a03b5ea',
  'c3bfdfa9-ce51-4af4-8c64-778323eff661',
  '5541a60c-6517-4e66-8c25-a513298fd487',
  '550e8400-e29b-41d4-a716-446655440801',
  NULL,
  NULL,
  'scheduled',
  'Lancaster Liga 1',
  NULL
)
ON CONFLICT (id) DO UPDATE SET
  home_team_score = EXCLUDED.home_team_score,
  away_team_score = EXCLUDED.away_team_score,
  match_status = EXCLUDED.match_status;

INSERT INTO event_participants (id, event_id, team_id, participation_status_id)
VALUES 
  ('5d3a3ed8-6d87-41fd-b136-3bffadf957d2', '2752740a-b05a-4c4e-8137-1c7d0a03b5ea', 'c3bfdfa9-ce51-4af4-8c64-778323eff661', '550e8400-e29b-41d4-a716-446655440701'),
  ('c54a8324-328d-4f8b-98d6-bb37511bcadb', '2752740a-b05a-4c4e-8137-1c7d0a03b5ea', '5541a60c-6517-4e66-8c25-a513298fd487', '550e8400-e29b-41d4-a716-446655440701')
ON CONFLICT (id) DO NOTHING;
INSERT INTO events (id, created_by, event_type_id, title, description, event_date, venue_id, duration_minutes, cancelled, cancellation_reason, external_event_id)
VALUES (
  '121331ca-679b-4406-84f7-95ef8f4669d8',
  '77d77471-1250-47e0-81ab-d4626595d63c',
  '550e8400-e29b-41d4-a716-446655440402',
  'Keystone Elite vs F&M FC',
  NULL,
  '2025-11-02 20:00:00',
  NULL,
  NULL,
  false,
  NULL,
  NULL
)
ON CONFLICT (id) DO UPDATE SET
  title = EXCLUDED.title,
  updated_at = EXCLUDED.updated_at;

INSERT INTO matches (id, home_team_id, away_team_id, home_away_status_id, home_team_score, away_team_score, match_status, competition_name, competition_round)
VALUES (
  '121331ca-679b-4406-84f7-95ef8f4669d8',
  '9dbe9c4a-6108-44fc-898d-33defc0155da',
  '1b742914-50d5-4105-81b9-f980ec0fb53e',
  '550e8400-e29b-41d4-a716-446655440801',
  NULL,
  NULL,
  'scheduled',
  'Lancaster Liga 1',
  NULL
)
ON CONFLICT (id) DO UPDATE SET
  home_team_score = EXCLUDED.home_team_score,
  away_team_score = EXCLUDED.away_team_score,
  match_status = EXCLUDED.match_status;

INSERT INTO event_participants (id, event_id, team_id, participation_status_id)
VALUES 
  ('9f9351ea-260a-43a0-9516-9949e148ed03', '121331ca-679b-4406-84f7-95ef8f4669d8', '9dbe9c4a-6108-44fc-898d-33defc0155da', '550e8400-e29b-41d4-a716-446655440701'),
  ('997dfa14-94c2-4729-beec-aba5520bf453', '121331ca-679b-4406-84f7-95ef8f4669d8', '1b742914-50d5-4105-81b9-f980ec0fb53e', '550e8400-e29b-41d4-a716-446655440701')
ON CONFLICT (id) DO NOTHING;
INSERT INTO events (id, created_by, event_type_id, title, description, event_date, venue_id, duration_minutes, cancelled, cancellation_reason, external_event_id)
VALUES (
  '04b6bf56-3721-4e88-81e1-1a9889d75a08',
  '77d77471-1250-47e0-81ab-d4626595d63c',
  '550e8400-e29b-41d4-a716-446655440402',
  'Keystone Elite vs Alloy Soccer Club Reserves',
  NULL,
  '2025-10-26 19:00:00',
  NULL,
  NULL,
  false,
  NULL,
  NULL
)
ON CONFLICT (id) DO UPDATE SET
  title = EXCLUDED.title,
  updated_at = EXCLUDED.updated_at;

INSERT INTO matches (id, home_team_id, away_team_id, home_away_status_id, home_team_score, away_team_score, match_status, competition_name, competition_round)
VALUES (
  '04b6bf56-3721-4e88-81e1-1a9889d75a08',
  '9dbe9c4a-6108-44fc-898d-33defc0155da',
  'c3bfdfa9-ce51-4af4-8c64-778323eff661',
  '550e8400-e29b-41d4-a716-446655440801',
  NULL,
  NULL,
  'scheduled',
  'Lancaster Liga 1',
  NULL
)
ON CONFLICT (id) DO UPDATE SET
  home_team_score = EXCLUDED.home_team_score,
  away_team_score = EXCLUDED.away_team_score,
  match_status = EXCLUDED.match_status;

INSERT INTO event_participants (id, event_id, team_id, participation_status_id)
VALUES 
  ('e82e0c69-aeb8-4a7b-a4fb-ffef26309278', '04b6bf56-3721-4e88-81e1-1a9889d75a08', '9dbe9c4a-6108-44fc-898d-33defc0155da', '550e8400-e29b-41d4-a716-446655440701'),
  ('7c86de89-da17-414f-9ce8-8bff80daab70', '04b6bf56-3721-4e88-81e1-1a9889d75a08', 'c3bfdfa9-ce51-4af4-8c64-778323eff661', '550e8400-e29b-41d4-a716-446655440701')
ON CONFLICT (id) DO NOTHING;
INSERT INTO events (id, created_by, event_type_id, title, description, event_date, venue_id, duration_minutes, cancelled, cancellation_reason, external_event_id)
VALUES (
  '6b61f8ad-b3fe-49b8-8fd5-3f87cf720205',
  '77d77471-1250-47e0-81ab-d4626595d63c',
  '550e8400-e29b-41d4-a716-446655440402',
  'Kutztown Men''s Soccer vs Lancaster City FC',
  NULL,
  '2025-10-26 17:00:00',
  NULL,
  NULL,
  false,
  NULL,
  NULL
)
ON CONFLICT (id) DO UPDATE SET
  title = EXCLUDED.title,
  updated_at = EXCLUDED.updated_at;

INSERT INTO matches (id, home_team_id, away_team_id, home_away_status_id, home_team_score, away_team_score, match_status, competition_name, competition_round)
VALUES (
  '6b61f8ad-b3fe-49b8-8fd5-3f87cf720205',
  '5541a60c-6517-4e66-8c25-a513298fd487',
  '525d469e-dbdf-475c-8bb3-ecddc849cfe0',
  '550e8400-e29b-41d4-a716-446655440801',
  NULL,
  NULL,
  'scheduled',
  'Lancaster Liga 1',
  NULL
)
ON CONFLICT (id) DO UPDATE SET
  home_team_score = EXCLUDED.home_team_score,
  away_team_score = EXCLUDED.away_team_score,
  match_status = EXCLUDED.match_status;

INSERT INTO event_participants (id, event_id, team_id, participation_status_id)
VALUES 
  ('9b15fa03-70f9-4687-90d3-60ddea048c22', '6b61f8ad-b3fe-49b8-8fd5-3f87cf720205', '5541a60c-6517-4e66-8c25-a513298fd487', '550e8400-e29b-41d4-a716-446655440701'),
  ('bc24121c-b22f-4b05-a982-4f8eff08b5d2', '6b61f8ad-b3fe-49b8-8fd5-3f87cf720205', '525d469e-dbdf-475c-8bb3-ecddc849cfe0', '550e8400-e29b-41d4-a716-446655440701')
ON CONFLICT (id) DO NOTHING;
INSERT INTO events (id, created_by, event_type_id, title, description, event_date, venue_id, duration_minutes, cancelled, cancellation_reason, external_event_id)
VALUES (
  'ccdb6d59-c7bb-436d-801c-346952a049df',
  '77d77471-1250-47e0-81ab-d4626595d63c',
  '550e8400-e29b-41d4-a716-446655440402',
  'Lancaster City FC vs Alloy Soccer Club Reserves',
  NULL,
  '2025-10-19 20:00:00',
  NULL,
  NULL,
  false,
  NULL,
  NULL
)
ON CONFLICT (id) DO UPDATE SET
  title = EXCLUDED.title,
  updated_at = EXCLUDED.updated_at;

INSERT INTO matches (id, home_team_id, away_team_id, home_away_status_id, home_team_score, away_team_score, match_status, competition_name, competition_round)
VALUES (
  'ccdb6d59-c7bb-436d-801c-346952a049df',
  '525d469e-dbdf-475c-8bb3-ecddc849cfe0',
  'c3bfdfa9-ce51-4af4-8c64-778323eff661',
  '550e8400-e29b-41d4-a716-446655440801',
  NULL,
  NULL,
  'scheduled',
  'Lancaster Liga 1',
  NULL
)
ON CONFLICT (id) DO UPDATE SET
  home_team_score = EXCLUDED.home_team_score,
  away_team_score = EXCLUDED.away_team_score,
  match_status = EXCLUDED.match_status;

INSERT INTO event_participants (id, event_id, team_id, participation_status_id)
VALUES 
  ('06a833ad-d9e8-4238-9ea3-7914d0be6ef5', 'ccdb6d59-c7bb-436d-801c-346952a049df', '525d469e-dbdf-475c-8bb3-ecddc849cfe0', '550e8400-e29b-41d4-a716-446655440701'),
  ('a93090fc-5493-4dc7-9cb2-c7e6bd597624', 'ccdb6d59-c7bb-436d-801c-346952a049df', 'c3bfdfa9-ce51-4af4-8c64-778323eff661', '550e8400-e29b-41d4-a716-446655440701')
ON CONFLICT (id) DO NOTHING;
INSERT INTO events (id, created_by, event_type_id, title, description, event_date, venue_id, duration_minutes, cancelled, cancellation_reason, external_event_id)
VALUES (
  'd0398281-b2c4-488f-8cf2-9b1a5e52d373',
  '77d77471-1250-47e0-81ab-d4626595d63c',
  '550e8400-e29b-41d4-a716-446655440402',
  'Kutztown Men''s Soccer vs F&M FC',
  NULL,
  '2025-10-19 20:00:00',
  NULL,
  NULL,
  false,
  NULL,
  NULL
)
ON CONFLICT (id) DO UPDATE SET
  title = EXCLUDED.title,
  updated_at = EXCLUDED.updated_at;

INSERT INTO matches (id, home_team_id, away_team_id, home_away_status_id, home_team_score, away_team_score, match_status, competition_name, competition_round)
VALUES (
  'd0398281-b2c4-488f-8cf2-9b1a5e52d373',
  '5541a60c-6517-4e66-8c25-a513298fd487',
  '1b742914-50d5-4105-81b9-f980ec0fb53e',
  '550e8400-e29b-41d4-a716-446655440801',
  NULL,
  NULL,
  'scheduled',
  'Lancaster Liga 1',
  NULL
)
ON CONFLICT (id) DO UPDATE SET
  home_team_score = EXCLUDED.home_team_score,
  away_team_score = EXCLUDED.away_team_score,
  match_status = EXCLUDED.match_status;

INSERT INTO event_participants (id, event_id, team_id, participation_status_id)
VALUES 
  ('9c7ed934-7f76-48c2-a059-1e188e1a6ba0', 'd0398281-b2c4-488f-8cf2-9b1a5e52d373', '5541a60c-6517-4e66-8c25-a513298fd487', '550e8400-e29b-41d4-a716-446655440701'),
  ('174f64c9-e1d4-46d0-a125-e86240f31835', 'd0398281-b2c4-488f-8cf2-9b1a5e52d373', '1b742914-50d5-4105-81b9-f980ec0fb53e', '550e8400-e29b-41d4-a716-446655440701')
ON CONFLICT (id) DO NOTHING;
INSERT INTO events (id, created_by, event_type_id, title, description, event_date, venue_id, duration_minutes, cancelled, cancellation_reason, external_event_id)
VALUES (
  '3166f851-6d5d-4d21-8b24-b4a114a0d7d6',
  '77d77471-1250-47e0-81ab-d4626595d63c',
  '550e8400-e29b-41d4-a716-446655440402',
  'Alloy Soccer Club Reserves vs F&M FC',
  NULL,
  '2025-10-15 23:00:00',
  NULL,
  NULL,
  false,
  NULL,
  NULL
)
ON CONFLICT (id) DO UPDATE SET
  title = EXCLUDED.title,
  updated_at = EXCLUDED.updated_at;

INSERT INTO matches (id, home_team_id, away_team_id, home_away_status_id, home_team_score, away_team_score, match_status, competition_name, competition_round)
VALUES (
  '3166f851-6d5d-4d21-8b24-b4a114a0d7d6',
  'c3bfdfa9-ce51-4af4-8c64-778323eff661',
  '1b742914-50d5-4105-81b9-f980ec0fb53e',
  '550e8400-e29b-41d4-a716-446655440801',
  NULL,
  NULL,
  'scheduled',
  'Lancaster Liga 1',
  NULL
)
ON CONFLICT (id) DO UPDATE SET
  home_team_score = EXCLUDED.home_team_score,
  away_team_score = EXCLUDED.away_team_score,
  match_status = EXCLUDED.match_status;

INSERT INTO event_participants (id, event_id, team_id, participation_status_id)
VALUES 
  ('ec4b30a9-6a4b-4d98-ad3a-a2b4cb4973ff', '3166f851-6d5d-4d21-8b24-b4a114a0d7d6', 'c3bfdfa9-ce51-4af4-8c64-778323eff661', '550e8400-e29b-41d4-a716-446655440701'),
  ('6c2aa7ae-0f9d-4814-a079-c35248835f97', '3166f851-6d5d-4d21-8b24-b4a114a0d7d6', '1b742914-50d5-4105-81b9-f980ec0fb53e', '550e8400-e29b-41d4-a716-446655440701')
ON CONFLICT (id) DO NOTHING;
INSERT INTO events (id, created_by, event_type_id, title, description, event_date, venue_id, duration_minutes, cancelled, cancellation_reason, external_event_id)
VALUES (
  '7d035123-7c88-4349-80a5-fdca105d0c22',
  '77d77471-1250-47e0-81ab-d4626595d63c',
  '550e8400-e29b-41d4-a716-446655440402',
  'Keystone Elite vs Lancaster City FC',
  NULL,
  '2025-10-12 19:00:00',
  NULL,
  NULL,
  false,
  NULL,
  NULL
)
ON CONFLICT (id) DO UPDATE SET
  title = EXCLUDED.title,
  updated_at = EXCLUDED.updated_at;

INSERT INTO matches (id, home_team_id, away_team_id, home_away_status_id, home_team_score, away_team_score, match_status, competition_name, competition_round)
VALUES (
  '7d035123-7c88-4349-80a5-fdca105d0c22',
  '9dbe9c4a-6108-44fc-898d-33defc0155da',
  '525d469e-dbdf-475c-8bb3-ecddc849cfe0',
  '550e8400-e29b-41d4-a716-446655440801',
  NULL,
  NULL,
  'scheduled',
  'Lancaster Liga 1',
  NULL
)
ON CONFLICT (id) DO UPDATE SET
  home_team_score = EXCLUDED.home_team_score,
  away_team_score = EXCLUDED.away_team_score,
  match_status = EXCLUDED.match_status;

INSERT INTO event_participants (id, event_id, team_id, participation_status_id)
VALUES 
  ('85a34cdd-c913-4623-afb7-5d5b8b59a9fc', '7d035123-7c88-4349-80a5-fdca105d0c22', '9dbe9c4a-6108-44fc-898d-33defc0155da', '550e8400-e29b-41d4-a716-446655440701'),
  ('0e8627dc-4ee8-44c0-989d-c73fab4b7b6d', '7d035123-7c88-4349-80a5-fdca105d0c22', '525d469e-dbdf-475c-8bb3-ecddc849cfe0', '550e8400-e29b-41d4-a716-446655440701')
ON CONFLICT (id) DO NOTHING;
INSERT INTO events (id, created_by, event_type_id, title, description, event_date, venue_id, duration_minutes, cancelled, cancellation_reason, external_event_id)
VALUES (
  'ff8f2f8c-4a57-4823-890a-44e19272bac4',
  '77d77471-1250-47e0-81ab-d4626595d63c',
  '550e8400-e29b-41d4-a716-446655440402',
  'Lancaster City FC vs F&M FC',
  NULL,
  '2025-09-07 15:00:00',
  NULL,
  NULL,
  false,
  NULL,
  NULL
)
ON CONFLICT (id) DO UPDATE SET
  title = EXCLUDED.title,
  updated_at = EXCLUDED.updated_at;

INSERT INTO matches (id, home_team_id, away_team_id, home_away_status_id, home_team_score, away_team_score, match_status, competition_name, competition_round)
VALUES (
  'ff8f2f8c-4a57-4823-890a-44e19272bac4',
  '525d469e-dbdf-475c-8bb3-ecddc849cfe0',
  '1b742914-50d5-4105-81b9-f980ec0fb53e',
  '550e8400-e29b-41d4-a716-446655440801',
  NULL,
  NULL,
  'scheduled',
  'Lancaster Liga 1',
  NULL
)
ON CONFLICT (id) DO UPDATE SET
  home_team_score = EXCLUDED.home_team_score,
  away_team_score = EXCLUDED.away_team_score,
  match_status = EXCLUDED.match_status;

INSERT INTO event_participants (id, event_id, team_id, participation_status_id)
VALUES 
  ('2b5c8fe9-70d4-41b0-a602-4e82a97a0495', 'ff8f2f8c-4a57-4823-890a-44e19272bac4', '525d469e-dbdf-475c-8bb3-ecddc849cfe0', '550e8400-e29b-41d4-a716-446655440701'),
  ('ecaef841-3027-4953-a118-f0646aab59a1', 'ff8f2f8c-4a57-4823-890a-44e19272bac4', '1b742914-50d5-4105-81b9-f980ec0fb53e', '550e8400-e29b-41d4-a716-446655440701')
ON CONFLICT (id) DO NOTHING;
INSERT INTO events (id, created_by, event_type_id, title, description, event_date, venue_id, duration_minutes, cancelled, cancellation_reason, external_event_id)
VALUES (
  '7f3c7055-8217-4efe-8b6f-c426f8e4804c',
  '77d77471-1250-47e0-81ab-d4626595d63c',
  '550e8400-e29b-41d4-a716-446655440402',
  'Keystone Elite vs Kutztown Men''s Soccer',
  NULL,
  '2025-09-07 17:00:00',
  NULL,
  NULL,
  false,
  NULL,
  NULL
)
ON CONFLICT (id) DO UPDATE SET
  title = EXCLUDED.title,
  updated_at = EXCLUDED.updated_at;

INSERT INTO matches (id, home_team_id, away_team_id, home_away_status_id, home_team_score, away_team_score, match_status, competition_name, competition_round)
VALUES (
  '7f3c7055-8217-4efe-8b6f-c426f8e4804c',
  '9dbe9c4a-6108-44fc-898d-33defc0155da',
  '5541a60c-6517-4e66-8c25-a513298fd487',
  '550e8400-e29b-41d4-a716-446655440801',
  NULL,
  NULL,
  'scheduled',
  'Lancaster Liga 1',
  NULL
)
ON CONFLICT (id) DO UPDATE SET
  home_team_score = EXCLUDED.home_team_score,
  away_team_score = EXCLUDED.away_team_score,
  match_status = EXCLUDED.match_status;

INSERT INTO event_participants (id, event_id, team_id, participation_status_id)
VALUES 
  ('e36482ea-4d2b-45e7-8cac-665a97cc7038', '7f3c7055-8217-4efe-8b6f-c426f8e4804c', '9dbe9c4a-6108-44fc-898d-33defc0155da', '550e8400-e29b-41d4-a716-446655440701'),
  ('ce70c6ae-3939-482f-bb87-65827bcabcd3', '7f3c7055-8217-4efe-8b6f-c426f8e4804c', '5541a60c-6517-4e66-8c25-a513298fd487', '550e8400-e29b-41d4-a716-446655440701')
ON CONFLICT (id) DO NOTHING;
INSERT INTO events (id, created_by, event_type_id, title, description, event_date, venue_id, duration_minutes, cancelled, cancellation_reason, external_event_id)
VALUES (
  '7dbf50e1-dc5f-45a8-895f-962cc2187b96',
  '77d77471-1250-47e0-81ab-d4626595d63c',
  '550e8400-e29b-41d4-a716-446655440402',
  'F&M FC vs Keystone Elite',
  NULL,
  '2025-09-14 17:00:00',
  NULL,
  NULL,
  false,
  NULL,
  NULL
)
ON CONFLICT (id) DO UPDATE SET
  title = EXCLUDED.title,
  updated_at = EXCLUDED.updated_at;

INSERT INTO matches (id, home_team_id, away_team_id, home_away_status_id, home_team_score, away_team_score, match_status, competition_name, competition_round)
VALUES (
  '7dbf50e1-dc5f-45a8-895f-962cc2187b96',
  '1b742914-50d5-4105-81b9-f980ec0fb53e',
  '9dbe9c4a-6108-44fc-898d-33defc0155da',
  '550e8400-e29b-41d4-a716-446655440801',
  NULL,
  NULL,
  'scheduled',
  'Lancaster Liga 1',
  NULL
)
ON CONFLICT (id) DO UPDATE SET
  home_team_score = EXCLUDED.home_team_score,
  away_team_score = EXCLUDED.away_team_score,
  match_status = EXCLUDED.match_status;

INSERT INTO event_participants (id, event_id, team_id, participation_status_id)
VALUES 
  ('20b918e8-b923-465b-95b4-a4c80d22b058', '7dbf50e1-dc5f-45a8-895f-962cc2187b96', '1b742914-50d5-4105-81b9-f980ec0fb53e', '550e8400-e29b-41d4-a716-446655440701'),
  ('6caf5868-edf5-4599-96f1-04da49e33f6b', '7dbf50e1-dc5f-45a8-895f-962cc2187b96', '9dbe9c4a-6108-44fc-898d-33defc0155da', '550e8400-e29b-41d4-a716-446655440701')
ON CONFLICT (id) DO NOTHING;
INSERT INTO events (id, created_by, event_type_id, title, description, event_date, venue_id, duration_minutes, cancelled, cancellation_reason, external_event_id)
VALUES (
  'b249c4dc-4ba3-42f5-8281-5819e4dc67a7',
  '77d77471-1250-47e0-81ab-d4626595d63c',
  '550e8400-e29b-41d4-a716-446655440402',
  'Alloy Soccer Club Reserves vs Lancaster City FC',
  NULL,
  '2025-09-14 20:00:00',
  NULL,
  NULL,
  false,
  NULL,
  NULL
)
ON CONFLICT (id) DO UPDATE SET
  title = EXCLUDED.title,
  updated_at = EXCLUDED.updated_at;

INSERT INTO matches (id, home_team_id, away_team_id, home_away_status_id, home_team_score, away_team_score, match_status, competition_name, competition_round)
VALUES (
  'b249c4dc-4ba3-42f5-8281-5819e4dc67a7',
  'c3bfdfa9-ce51-4af4-8c64-778323eff661',
  '525d469e-dbdf-475c-8bb3-ecddc849cfe0',
  '550e8400-e29b-41d4-a716-446655440801',
  NULL,
  NULL,
  'scheduled',
  'Lancaster Liga 1',
  NULL
)
ON CONFLICT (id) DO UPDATE SET
  home_team_score = EXCLUDED.home_team_score,
  away_team_score = EXCLUDED.away_team_score,
  match_status = EXCLUDED.match_status;

INSERT INTO event_participants (id, event_id, team_id, participation_status_id)
VALUES 
  ('1d0b09f5-7cc2-4f46-ba8a-e065c0494483', 'b249c4dc-4ba3-42f5-8281-5819e4dc67a7', 'c3bfdfa9-ce51-4af4-8c64-778323eff661', '550e8400-e29b-41d4-a716-446655440701'),
  ('5c231cb3-665d-42fb-8668-55328d53019e', 'b249c4dc-4ba3-42f5-8281-5819e4dc67a7', '525d469e-dbdf-475c-8bb3-ecddc849cfe0', '550e8400-e29b-41d4-a716-446655440701')
ON CONFLICT (id) DO NOTHING;
INSERT INTO events (id, created_by, event_type_id, title, description, event_date, venue_id, duration_minutes, cancelled, cancellation_reason, external_event_id)
VALUES (
  'e97dd3af-d2fe-4679-810a-2b5758f7b6e2',
  '77d77471-1250-47e0-81ab-d4626595d63c',
  '550e8400-e29b-41d4-a716-446655440402',
  'Lancaster City FC vs Keystone Elite',
  NULL,
  '2025-09-20 19:00:00',
  NULL,
  NULL,
  false,
  NULL,
  NULL
)
ON CONFLICT (id) DO UPDATE SET
  title = EXCLUDED.title,
  updated_at = EXCLUDED.updated_at;

INSERT INTO matches (id, home_team_id, away_team_id, home_away_status_id, home_team_score, away_team_score, match_status, competition_name, competition_round)
VALUES (
  'e97dd3af-d2fe-4679-810a-2b5758f7b6e2',
  '525d469e-dbdf-475c-8bb3-ecddc849cfe0',
  '9dbe9c4a-6108-44fc-898d-33defc0155da',
  '550e8400-e29b-41d4-a716-446655440801',
  NULL,
  NULL,
  'scheduled',
  'Lancaster Liga 1',
  NULL
)
ON CONFLICT (id) DO UPDATE SET
  home_team_score = EXCLUDED.home_team_score,
  away_team_score = EXCLUDED.away_team_score,
  match_status = EXCLUDED.match_status;

INSERT INTO event_participants (id, event_id, team_id, participation_status_id)
VALUES 
  ('84f3bd73-e4e9-4f59-adc7-e1b91b4f2414', 'e97dd3af-d2fe-4679-810a-2b5758f7b6e2', '525d469e-dbdf-475c-8bb3-ecddc849cfe0', '550e8400-e29b-41d4-a716-446655440701'),
  ('9bc81acf-806b-49e7-bb33-923177d20ac8', 'e97dd3af-d2fe-4679-810a-2b5758f7b6e2', '9dbe9c4a-6108-44fc-898d-33defc0155da', '550e8400-e29b-41d4-a716-446655440701')
ON CONFLICT (id) DO NOTHING;
INSERT INTO events (id, created_by, event_type_id, title, description, event_date, venue_id, duration_minutes, cancelled, cancellation_reason, external_event_id)
VALUES (
  '41ccaddc-8057-4d9a-8821-ad5657d9b6a9',
  '77d77471-1250-47e0-81ab-d4626595d63c',
  '550e8400-e29b-41d4-a716-446655440402',
  'Kutztown Men''s Soccer vs Alloy Soccer Club Reserves',
  NULL,
  '2025-09-21 17:00:00',
  NULL,
  NULL,
  false,
  NULL,
  NULL
)
ON CONFLICT (id) DO UPDATE SET
  title = EXCLUDED.title,
  updated_at = EXCLUDED.updated_at;

INSERT INTO matches (id, home_team_id, away_team_id, home_away_status_id, home_team_score, away_team_score, match_status, competition_name, competition_round)
VALUES (
  '41ccaddc-8057-4d9a-8821-ad5657d9b6a9',
  '5541a60c-6517-4e66-8c25-a513298fd487',
  'c3bfdfa9-ce51-4af4-8c64-778323eff661',
  '550e8400-e29b-41d4-a716-446655440801',
  NULL,
  NULL,
  'scheduled',
  'Lancaster Liga 1',
  NULL
)
ON CONFLICT (id) DO UPDATE SET
  home_team_score = EXCLUDED.home_team_score,
  away_team_score = EXCLUDED.away_team_score,
  match_status = EXCLUDED.match_status;

INSERT INTO event_participants (id, event_id, team_id, participation_status_id)
VALUES 
  ('bf8de2b7-7c70-4d58-b108-f9eb125e9ce2', '41ccaddc-8057-4d9a-8821-ad5657d9b6a9', '5541a60c-6517-4e66-8c25-a513298fd487', '550e8400-e29b-41d4-a716-446655440701'),
  ('267918c8-9cd3-47f8-9c97-771f57055d1d', '41ccaddc-8057-4d9a-8821-ad5657d9b6a9', 'c3bfdfa9-ce51-4af4-8c64-778323eff661', '550e8400-e29b-41d4-a716-446655440701')
ON CONFLICT (id) DO NOTHING;
INSERT INTO events (id, created_by, event_type_id, title, description, event_date, venue_id, duration_minutes, cancelled, cancellation_reason, external_event_id)
VALUES (
  '29641fce-744f-48b2-8102-d1f234d2dddc',
  '77d77471-1250-47e0-81ab-d4626595d63c',
  '550e8400-e29b-41d4-a716-446655440402',
  'F&M FC vs Kutztown Men''s Soccer',
  NULL,
  '2025-09-28 17:15:00',
  NULL,
  NULL,
  false,
  NULL,
  NULL
)
ON CONFLICT (id) DO UPDATE SET
  title = EXCLUDED.title,
  updated_at = EXCLUDED.updated_at;

INSERT INTO matches (id, home_team_id, away_team_id, home_away_status_id, home_team_score, away_team_score, match_status, competition_name, competition_round)
VALUES (
  '29641fce-744f-48b2-8102-d1f234d2dddc',
  '1b742914-50d5-4105-81b9-f980ec0fb53e',
  '5541a60c-6517-4e66-8c25-a513298fd487',
  '550e8400-e29b-41d4-a716-446655440801',
  NULL,
  NULL,
  'scheduled',
  'Lancaster Liga 1',
  NULL
)
ON CONFLICT (id) DO UPDATE SET
  home_team_score = EXCLUDED.home_team_score,
  away_team_score = EXCLUDED.away_team_score,
  match_status = EXCLUDED.match_status;

INSERT INTO event_participants (id, event_id, team_id, participation_status_id)
VALUES 
  ('4e5d6bb4-3928-4955-9e18-bd3b7a1e7b7e', '29641fce-744f-48b2-8102-d1f234d2dddc', '1b742914-50d5-4105-81b9-f980ec0fb53e', '550e8400-e29b-41d4-a716-446655440701'),
  ('520ecf10-17bd-4da6-93ff-9797213a129a', '29641fce-744f-48b2-8102-d1f234d2dddc', '5541a60c-6517-4e66-8c25-a513298fd487', '550e8400-e29b-41d4-a716-446655440701')
ON CONFLICT (id) DO NOTHING;
INSERT INTO events (id, created_by, event_type_id, title, description, event_date, venue_id, duration_minutes, cancelled, cancellation_reason, external_event_id)
VALUES (
  '96a1189e-373f-4de5-81f7-3869b7486f77',
  '77d77471-1250-47e0-81ab-d4626595d63c',
  '550e8400-e29b-41d4-a716-446655440402',
  'Alloy Soccer Club Reserves vs Keystone Elite',
  NULL,
  '2025-09-28 20:00:00',
  NULL,
  NULL,
  false,
  NULL,
  NULL
)
ON CONFLICT (id) DO UPDATE SET
  title = EXCLUDED.title,
  updated_at = EXCLUDED.updated_at;

INSERT INTO matches (id, home_team_id, away_team_id, home_away_status_id, home_team_score, away_team_score, match_status, competition_name, competition_round)
VALUES (
  '96a1189e-373f-4de5-81f7-3869b7486f77',
  'c3bfdfa9-ce51-4af4-8c64-778323eff661',
  '9dbe9c4a-6108-44fc-898d-33defc0155da',
  '550e8400-e29b-41d4-a716-446655440801',
  NULL,
  NULL,
  'scheduled',
  'Lancaster Liga 1',
  NULL
)
ON CONFLICT (id) DO UPDATE SET
  home_team_score = EXCLUDED.home_team_score,
  away_team_score = EXCLUDED.away_team_score,
  match_status = EXCLUDED.match_status;

INSERT INTO event_participants (id, event_id, team_id, participation_status_id)
VALUES 
  ('467d2c9c-88da-4f63-911c-abb2092284b2', '96a1189e-373f-4de5-81f7-3869b7486f77', 'c3bfdfa9-ce51-4af4-8c64-778323eff661', '550e8400-e29b-41d4-a716-446655440701'),
  ('f067627f-33e4-4fc6-931e-4a41a0803d33', '96a1189e-373f-4de5-81f7-3869b7486f77', '9dbe9c4a-6108-44fc-898d-33defc0155da', '550e8400-e29b-41d4-a716-446655440701')
ON CONFLICT (id) DO NOTHING;
INSERT INTO events (id, created_by, event_type_id, title, description, event_date, venue_id, duration_minutes, cancelled, cancellation_reason, external_event_id)
VALUES (
  '471ee4f9-72a6-4432-8aa5-a3740830921f',
  '77d77471-1250-47e0-81ab-d4626595d63c',
  '550e8400-e29b-41d4-a716-446655440402',
  'Lancaster City FC vs Kutztown Men''s Soccer',
  NULL,
  '2025-10-05 15:00:00',
  NULL,
  NULL,
  false,
  NULL,
  NULL
)
ON CONFLICT (id) DO UPDATE SET
  title = EXCLUDED.title,
  updated_at = EXCLUDED.updated_at;

INSERT INTO matches (id, home_team_id, away_team_id, home_away_status_id, home_team_score, away_team_score, match_status, competition_name, competition_round)
VALUES (
  '471ee4f9-72a6-4432-8aa5-a3740830921f',
  '525d469e-dbdf-475c-8bb3-ecddc849cfe0',
  '5541a60c-6517-4e66-8c25-a513298fd487',
  '550e8400-e29b-41d4-a716-446655440801',
  NULL,
  NULL,
  'scheduled',
  'Lancaster Liga 1',
  NULL
)
ON CONFLICT (id) DO UPDATE SET
  home_team_score = EXCLUDED.home_team_score,
  away_team_score = EXCLUDED.away_team_score,
  match_status = EXCLUDED.match_status;

INSERT INTO event_participants (id, event_id, team_id, participation_status_id)
VALUES 
  ('90f536bd-c814-4f84-9583-cbf042ee35db', '471ee4f9-72a6-4432-8aa5-a3740830921f', '525d469e-dbdf-475c-8bb3-ecddc849cfe0', '550e8400-e29b-41d4-a716-446655440701'),
  ('a68cd8d8-f206-4ea7-b502-6b3ca46d62b6', '471ee4f9-72a6-4432-8aa5-a3740830921f', '5541a60c-6517-4e66-8c25-a513298fd487', '550e8400-e29b-41d4-a716-446655440701')
ON CONFLICT (id) DO NOTHING;
INSERT INTO events (id, created_by, event_type_id, title, description, event_date, venue_id, duration_minutes, cancelled, cancellation_reason, external_event_id)
VALUES (
  '6a283f17-da54-4e7b-812c-3299d4d9eeb8',
  '77d77471-1250-47e0-81ab-d4626595d63c',
  '550e8400-e29b-41d4-a716-446655440402',
  'F&M FC vs Alloy Soccer Club Reserves',
  NULL,
  '2025-10-05 21:00:00',
  NULL,
  NULL,
  false,
  NULL,
  NULL
)
ON CONFLICT (id) DO UPDATE SET
  title = EXCLUDED.title,
  updated_at = EXCLUDED.updated_at;

INSERT INTO matches (id, home_team_id, away_team_id, home_away_status_id, home_team_score, away_team_score, match_status, competition_name, competition_round)
VALUES (
  '6a283f17-da54-4e7b-812c-3299d4d9eeb8',
  '1b742914-50d5-4105-81b9-f980ec0fb53e',
  'c3bfdfa9-ce51-4af4-8c64-778323eff661',
  '550e8400-e29b-41d4-a716-446655440801',
  NULL,
  NULL,
  'scheduled',
  'Lancaster Liga 1',
  NULL
)
ON CONFLICT (id) DO UPDATE SET
  home_team_score = EXCLUDED.home_team_score,
  away_team_score = EXCLUDED.away_team_score,
  match_status = EXCLUDED.match_status;

INSERT INTO event_participants (id, event_id, team_id, participation_status_id)
VALUES 
  ('f7ed6b1a-c4b3-472a-ad24-256b94ea7593', '6a283f17-da54-4e7b-812c-3299d4d9eeb8', '1b742914-50d5-4105-81b9-f980ec0fb53e', '550e8400-e29b-41d4-a716-446655440701'),
  ('5afdbee9-bbd1-4afb-9e61-02e2d3a478f3', '6a283f17-da54-4e7b-812c-3299d4d9eeb8', 'c3bfdfa9-ce51-4af4-8c64-778323eff661', '550e8400-e29b-41d4-a716-446655440701')
ON CONFLICT (id) DO NOTHING;
INSERT INTO events (id, created_by, event_type_id, title, description, event_date, venue_id, duration_minutes, cancelled, cancellation_reason, external_event_id)
VALUES (
  'c6e5a74c-05c9-4ddf-893c-79eeae92b9a3',
  '77d77471-1250-47e0-81ab-d4626595d63c',
  '550e8400-e29b-41d4-a716-446655440402',
  'Jersey Shore Boca Reserves vs Milan Football Club',
  NULL,
  '2025-11-09 23:30:00',
  NULL,
  NULL,
  false,
  NULL,
  NULL
)
ON CONFLICT (id) DO UPDATE SET
  title = EXCLUDED.title,
  updated_at = EXCLUDED.updated_at;

INSERT INTO matches (id, home_team_id, away_team_id, home_away_status_id, home_team_score, away_team_score, match_status, competition_name, competition_round)
VALUES (
  'c6e5a74c-05c9-4ddf-893c-79eeae92b9a3',
  '2da3f1d4-be7f-4cff-89d8-fea82a640d06',
  'cc98cc5e-8b54-4c55-8564-a7ebeaccc68b',
  '550e8400-e29b-41d4-a716-446655440801',
  NULL,
  NULL,
  'scheduled',
  'Central NJ Liga 1',
  NULL
)
ON CONFLICT (id) DO UPDATE SET
  home_team_score = EXCLUDED.home_team_score,
  away_team_score = EXCLUDED.away_team_score,
  match_status = EXCLUDED.match_status;

INSERT INTO event_participants (id, event_id, team_id, participation_status_id)
VALUES 
  ('583c68bb-e3f5-4dd0-b501-42fc16982150', 'c6e5a74c-05c9-4ddf-893c-79eeae92b9a3', '2da3f1d4-be7f-4cff-89d8-fea82a640d06', '550e8400-e29b-41d4-a716-446655440701'),
  ('d5cda968-cb4d-4744-8e97-e13c50e71cd3', 'c6e5a74c-05c9-4ddf-893c-79eeae92b9a3', 'cc98cc5e-8b54-4c55-8564-a7ebeaccc68b', '550e8400-e29b-41d4-a716-446655440701')
ON CONFLICT (id) DO NOTHING;
INSERT INTO events (id, created_by, event_type_id, title, description, event_date, venue_id, duration_minutes, cancelled, cancellation_reason, external_event_id)
VALUES (
  'fee5ff6c-fa94-46f2-87ed-014d3f9d164b',
  '77d77471-1250-47e0-81ab-d4626595d63c',
  '550e8400-e29b-41d4-a716-446655440402',
  'Monmouth Light FC vs Jersey Shore Hounds',
  NULL,
  '2025-11-09 14:00:00',
  NULL,
  NULL,
  false,
  NULL,
  NULL
)
ON CONFLICT (id) DO UPDATE SET
  title = EXCLUDED.title,
  updated_at = EXCLUDED.updated_at;

INSERT INTO matches (id, home_team_id, away_team_id, home_away_status_id, home_team_score, away_team_score, match_status, competition_name, competition_round)
VALUES (
  'fee5ff6c-fa94-46f2-87ed-014d3f9d164b',
  'd9b9ff4c-052c-4c9f-8d2d-483f66125de4',
  'eb1511a3-cc96-4387-80c1-c8e470338ddc',
  '550e8400-e29b-41d4-a716-446655440801',
  NULL,
  NULL,
  'scheduled',
  'Central NJ Liga 1',
  NULL
)
ON CONFLICT (id) DO UPDATE SET
  home_team_score = EXCLUDED.home_team_score,
  away_team_score = EXCLUDED.away_team_score,
  match_status = EXCLUDED.match_status;

INSERT INTO event_participants (id, event_id, team_id, participation_status_id)
VALUES 
  ('ce9f5391-3033-42d8-abdf-63fa7c73f393', 'fee5ff6c-fa94-46f2-87ed-014d3f9d164b', 'd9b9ff4c-052c-4c9f-8d2d-483f66125de4', '550e8400-e29b-41d4-a716-446655440701'),
  ('c73b3cc8-fc23-49d6-8900-4cf8858cd0b1', 'fee5ff6c-fa94-46f2-87ed-014d3f9d164b', 'eb1511a3-cc96-4387-80c1-c8e470338ddc', '550e8400-e29b-41d4-a716-446655440701')
ON CONFLICT (id) DO NOTHING;
INSERT INTO events (id, created_by, event_type_id, title, description, event_date, venue_id, duration_minutes, cancelled, cancellation_reason, external_event_id)
VALUES (
  'a9299cdb-4795-4ae2-8563-c3b062d9aa9b',
  '77d77471-1250-47e0-81ab-d4626595d63c',
  '550e8400-e29b-41d4-a716-446655440402',
  'Rondo Football Club vs Alaso FC',
  NULL,
  '2025-11-09 14:00:00',
  NULL,
  NULL,
  false,
  NULL,
  NULL
)
ON CONFLICT (id) DO UPDATE SET
  title = EXCLUDED.title,
  updated_at = EXCLUDED.updated_at;

INSERT INTO matches (id, home_team_id, away_team_id, home_away_status_id, home_team_score, away_team_score, match_status, competition_name, competition_round)
VALUES (
  'a9299cdb-4795-4ae2-8563-c3b062d9aa9b',
  '5e07fe31-75ac-4d95-8224-c762b2411566',
  'dda012cd-f081-48df-8903-d997d9fa6f96',
  '550e8400-e29b-41d4-a716-446655440801',
  NULL,
  NULL,
  'scheduled',
  'Central NJ Liga 1',
  NULL
)
ON CONFLICT (id) DO UPDATE SET
  home_team_score = EXCLUDED.home_team_score,
  away_team_score = EXCLUDED.away_team_score,
  match_status = EXCLUDED.match_status;

INSERT INTO event_participants (id, event_id, team_id, participation_status_id)
VALUES 
  ('77a64271-b9dd-498e-b744-edd2459da28e', 'a9299cdb-4795-4ae2-8563-c3b062d9aa9b', '5e07fe31-75ac-4d95-8224-c762b2411566', '550e8400-e29b-41d4-a716-446655440701'),
  ('fb9ff305-6eeb-4222-acb0-3b7a954f68c3', 'a9299cdb-4795-4ae2-8563-c3b062d9aa9b', 'dda012cd-f081-48df-8903-d997d9fa6f96', '550e8400-e29b-41d4-a716-446655440701')
ON CONFLICT (id) DO NOTHING;
INSERT INTO events (id, created_by, event_type_id, title, description, event_date, venue_id, duration_minutes, cancelled, cancellation_reason, external_event_id)
VALUES (
  'c888f4f9-395d-4d8f-8ee4-39e99c27ae7b',
  '77d77471-1250-47e0-81ab-d4626595d63c',
  '550e8400-e29b-41d4-a716-446655440402',
  'FeelsGood FC vs Milan Football Club',
  NULL,
  '2025-11-08 15:00:00',
  NULL,
  NULL,
  false,
  NULL,
  NULL
)
ON CONFLICT (id) DO UPDATE SET
  title = EXCLUDED.title,
  updated_at = EXCLUDED.updated_at;

INSERT INTO matches (id, home_team_id, away_team_id, home_away_status_id, home_team_score, away_team_score, match_status, competition_name, competition_round)
VALUES (
  'c888f4f9-395d-4d8f-8ee4-39e99c27ae7b',
  'a3120f9e-c8ef-4cd8-8014-92f5e67fbfbc',
  'cc98cc5e-8b54-4c55-8564-a7ebeaccc68b',
  '550e8400-e29b-41d4-a716-446655440801',
  NULL,
  NULL,
  'scheduled',
  'Central NJ Liga 1',
  NULL
)
ON CONFLICT (id) DO UPDATE SET
  home_team_score = EXCLUDED.home_team_score,
  away_team_score = EXCLUDED.away_team_score,
  match_status = EXCLUDED.match_status;

INSERT INTO event_participants (id, event_id, team_id, participation_status_id)
VALUES 
  ('91e20d39-182f-4618-8026-c47abdbc7b66', 'c888f4f9-395d-4d8f-8ee4-39e99c27ae7b', 'a3120f9e-c8ef-4cd8-8014-92f5e67fbfbc', '550e8400-e29b-41d4-a716-446655440701'),
  ('4a056ebe-5efd-44b1-9e69-b38b401465fa', 'c888f4f9-395d-4d8f-8ee4-39e99c27ae7b', 'cc98cc5e-8b54-4c55-8564-a7ebeaccc68b', '550e8400-e29b-41d4-a716-446655440701')
ON CONFLICT (id) DO NOTHING;
INSERT INTO events (id, created_by, event_type_id, title, description, event_date, venue_id, duration_minutes, cancelled, cancellation_reason, external_event_id)
VALUES (
  'd3d06a09-4ace-4176-8e9c-8a2aedad2ce0',
  '77d77471-1250-47e0-81ab-d4626595d63c',
  '550e8400-e29b-41d4-a716-446655440402',
  'Princeton International FC vs Jersey Shore Boca Reserves',
  NULL,
  '2025-11-06 01:30:00',
  NULL,
  NULL,
  false,
  NULL,
  NULL
)
ON CONFLICT (id) DO UPDATE SET
  title = EXCLUDED.title,
  updated_at = EXCLUDED.updated_at;

INSERT INTO matches (id, home_team_id, away_team_id, home_away_status_id, home_team_score, away_team_score, match_status, competition_name, competition_round)
VALUES (
  'd3d06a09-4ace-4176-8e9c-8a2aedad2ce0',
  '7708a49e-8512-43b2-8b85-13e98a4af318',
  '2da3f1d4-be7f-4cff-89d8-fea82a640d06',
  '550e8400-e29b-41d4-a716-446655440801',
  NULL,
  NULL,
  'scheduled',
  'Central NJ Liga 1',
  NULL
)
ON CONFLICT (id) DO UPDATE SET
  home_team_score = EXCLUDED.home_team_score,
  away_team_score = EXCLUDED.away_team_score,
  match_status = EXCLUDED.match_status;

INSERT INTO event_participants (id, event_id, team_id, participation_status_id)
VALUES 
  ('d0ed7a0d-96a4-46e5-9757-cde415683fda', 'd3d06a09-4ace-4176-8e9c-8a2aedad2ce0', '7708a49e-8512-43b2-8b85-13e98a4af318', '550e8400-e29b-41d4-a716-446655440701'),
  ('df2401be-4009-4294-b1bb-d4fc1d1490ff', 'd3d06a09-4ace-4176-8e9c-8a2aedad2ce0', '2da3f1d4-be7f-4cff-89d8-fea82a640d06', '550e8400-e29b-41d4-a716-446655440701')
ON CONFLICT (id) DO NOTHING;
INSERT INTO events (id, created_by, event_type_id, title, description, event_date, venue_id, duration_minutes, cancelled, cancellation_reason, external_event_id)
VALUES (
  '13ae55a8-01d6-4849-8327-bcbea6d52cfb',
  '77d77471-1250-47e0-81ab-d4626595d63c',
  '550e8400-e29b-41d4-a716-446655440402',
  'Alaso FC vs Real Central NJ II',
  NULL,
  '2025-11-03 00:00:00',
  NULL,
  NULL,
  false,
  NULL,
  NULL
)
ON CONFLICT (id) DO UPDATE SET
  title = EXCLUDED.title,
  updated_at = EXCLUDED.updated_at;

INSERT INTO matches (id, home_team_id, away_team_id, home_away_status_id, home_team_score, away_team_score, match_status, competition_name, competition_round)
VALUES (
  '13ae55a8-01d6-4849-8327-bcbea6d52cfb',
  'dda012cd-f081-48df-8903-d997d9fa6f96',
  'bb5768e2-fac3-42e0-8d07-f18a63fb2278',
  '550e8400-e29b-41d4-a716-446655440801',
  NULL,
  NULL,
  'scheduled',
  'Central NJ Liga 1',
  NULL
)
ON CONFLICT (id) DO UPDATE SET
  home_team_score = EXCLUDED.home_team_score,
  away_team_score = EXCLUDED.away_team_score,
  match_status = EXCLUDED.match_status;

INSERT INTO event_participants (id, event_id, team_id, participation_status_id)
VALUES 
  ('e492bc8b-514f-4adb-af0d-63f046773cad', '13ae55a8-01d6-4849-8327-bcbea6d52cfb', 'dda012cd-f081-48df-8903-d997d9fa6f96', '550e8400-e29b-41d4-a716-446655440701'),
  ('d4d4f965-9b54-44e0-a139-cd13466dd6e0', '13ae55a8-01d6-4849-8327-bcbea6d52cfb', 'bb5768e2-fac3-42e0-8d07-f18a63fb2278', '550e8400-e29b-41d4-a716-446655440701')
ON CONFLICT (id) DO NOTHING;
INSERT INTO events (id, created_by, event_type_id, title, description, event_date, venue_id, duration_minutes, cancelled, cancellation_reason, external_event_id)
VALUES (
  '0cf035b4-2b92-4468-8cd4-cb30251db88d',
  '77d77471-1250-47e0-81ab-d4626595d63c',
  '550e8400-e29b-41d4-a716-446655440402',
  'Rondo Football Club vs MFC Stars',
  NULL,
  '2025-11-02 14:00:00',
  NULL,
  NULL,
  false,
  NULL,
  NULL
)
ON CONFLICT (id) DO UPDATE SET
  title = EXCLUDED.title,
  updated_at = EXCLUDED.updated_at;

INSERT INTO matches (id, home_team_id, away_team_id, home_away_status_id, home_team_score, away_team_score, match_status, competition_name, competition_round)
VALUES (
  '0cf035b4-2b92-4468-8cd4-cb30251db88d',
  '5e07fe31-75ac-4d95-8224-c762b2411566',
  '3e87d61d-3093-41a0-888a-83f66923a34b',
  '550e8400-e29b-41d4-a716-446655440801',
  NULL,
  NULL,
  'scheduled',
  'Central NJ Liga 1',
  NULL
)
ON CONFLICT (id) DO UPDATE SET
  home_team_score = EXCLUDED.home_team_score,
  away_team_score = EXCLUDED.away_team_score,
  match_status = EXCLUDED.match_status;

INSERT INTO event_participants (id, event_id, team_id, participation_status_id)
VALUES 
  ('e1d75f6e-3644-4e83-bcef-206fecf801f9', '0cf035b4-2b92-4468-8cd4-cb30251db88d', '5e07fe31-75ac-4d95-8224-c762b2411566', '550e8400-e29b-41d4-a716-446655440701'),
  ('406ad721-af11-4d23-a3dc-a10ec777e57e', '0cf035b4-2b92-4468-8cd4-cb30251db88d', '3e87d61d-3093-41a0-888a-83f66923a34b', '550e8400-e29b-41d4-a716-446655440701')
ON CONFLICT (id) DO NOTHING;
INSERT INTO events (id, created_by, event_type_id, title, description, event_date, venue_id, duration_minutes, cancelled, cancellation_reason, external_event_id)
VALUES (
  '8a557316-f880-44f0-8028-97b52d290cae',
  '77d77471-1250-47e0-81ab-d4626595d63c',
  '550e8400-e29b-41d4-a716-446655440402',
  'Jersey Shore Hounds vs Real Central NJ II',
  NULL,
  '2025-09-07 13:30:00',
  NULL,
  NULL,
  false,
  NULL,
  NULL
)
ON CONFLICT (id) DO UPDATE SET
  title = EXCLUDED.title,
  updated_at = EXCLUDED.updated_at;

INSERT INTO matches (id, home_team_id, away_team_id, home_away_status_id, home_team_score, away_team_score, match_status, competition_name, competition_round)
VALUES (
  '8a557316-f880-44f0-8028-97b52d290cae',
  'eb1511a3-cc96-4387-80c1-c8e470338ddc',
  'bb5768e2-fac3-42e0-8d07-f18a63fb2278',
  '550e8400-e29b-41d4-a716-446655440801',
  NULL,
  NULL,
  'scheduled',
  'Central NJ Liga 1',
  NULL
)
ON CONFLICT (id) DO UPDATE SET
  home_team_score = EXCLUDED.home_team_score,
  away_team_score = EXCLUDED.away_team_score,
  match_status = EXCLUDED.match_status;

INSERT INTO event_participants (id, event_id, team_id, participation_status_id)
VALUES 
  ('73ef40bd-730e-4570-ada8-07b27325a563', '8a557316-f880-44f0-8028-97b52d290cae', 'eb1511a3-cc96-4387-80c1-c8e470338ddc', '550e8400-e29b-41d4-a716-446655440701'),
  ('4768e3cf-07bb-486e-9b0e-98e1ff37c0a1', '8a557316-f880-44f0-8028-97b52d290cae', 'bb5768e2-fac3-42e0-8d07-f18a63fb2278', '550e8400-e29b-41d4-a716-446655440701')
ON CONFLICT (id) DO NOTHING;
INSERT INTO events (id, created_by, event_type_id, title, description, event_date, venue_id, duration_minutes, cancelled, cancellation_reason, external_event_id)
VALUES (
  '9cc8bfe7-2df1-434e-8313-3e592dfc9d53',
  '77d77471-1250-47e0-81ab-d4626595d63c',
  '550e8400-e29b-41d4-a716-446655440402',
  'Milan Football Club vs Rondo Football Club',
  NULL,
  '2025-09-07 14:00:00',
  NULL,
  NULL,
  false,
  NULL,
  NULL
)
ON CONFLICT (id) DO UPDATE SET
  title = EXCLUDED.title,
  updated_at = EXCLUDED.updated_at;

INSERT INTO matches (id, home_team_id, away_team_id, home_away_status_id, home_team_score, away_team_score, match_status, competition_name, competition_round)
VALUES (
  '9cc8bfe7-2df1-434e-8313-3e592dfc9d53',
  'cc98cc5e-8b54-4c55-8564-a7ebeaccc68b',
  '5e07fe31-75ac-4d95-8224-c762b2411566',
  '550e8400-e29b-41d4-a716-446655440801',
  NULL,
  NULL,
  'scheduled',
  'Central NJ Liga 1',
  NULL
)
ON CONFLICT (id) DO UPDATE SET
  home_team_score = EXCLUDED.home_team_score,
  away_team_score = EXCLUDED.away_team_score,
  match_status = EXCLUDED.match_status;

INSERT INTO event_participants (id, event_id, team_id, participation_status_id)
VALUES 
  ('bcb2ab55-4037-4368-adc9-a4c4d75559a1', '9cc8bfe7-2df1-434e-8313-3e592dfc9d53', 'cc98cc5e-8b54-4c55-8564-a7ebeaccc68b', '550e8400-e29b-41d4-a716-446655440701'),
  ('16008a12-fbd9-40ab-b451-b849c63c068d', '9cc8bfe7-2df1-434e-8313-3e592dfc9d53', '5e07fe31-75ac-4d95-8224-c762b2411566', '550e8400-e29b-41d4-a716-446655440701')
ON CONFLICT (id) DO NOTHING;
INSERT INTO events (id, created_by, event_type_id, title, description, event_date, venue_id, duration_minutes, cancelled, cancellation_reason, external_event_id)
VALUES (
  '44687709-00cd-4828-8492-eb117a75be45',
  '77d77471-1250-47e0-81ab-d4626595d63c',
  '550e8400-e29b-41d4-a716-446655440402',
  'Princeton International FC vs FeelsGood FC',
  NULL,
  '2025-09-07 14:30:00',
  NULL,
  NULL,
  false,
  NULL,
  NULL
)
ON CONFLICT (id) DO UPDATE SET
  title = EXCLUDED.title,
  updated_at = EXCLUDED.updated_at;

INSERT INTO matches (id, home_team_id, away_team_id, home_away_status_id, home_team_score, away_team_score, match_status, competition_name, competition_round)
VALUES (
  '44687709-00cd-4828-8492-eb117a75be45',
  '7708a49e-8512-43b2-8b85-13e98a4af318',
  'a3120f9e-c8ef-4cd8-8014-92f5e67fbfbc',
  '550e8400-e29b-41d4-a716-446655440801',
  NULL,
  NULL,
  'scheduled',
  'Central NJ Liga 1',
  NULL
)
ON CONFLICT (id) DO UPDATE SET
  home_team_score = EXCLUDED.home_team_score,
  away_team_score = EXCLUDED.away_team_score,
  match_status = EXCLUDED.match_status;

INSERT INTO event_participants (id, event_id, team_id, participation_status_id)
VALUES 
  ('5f6a8243-cc34-45cd-b3bf-9da4fc6b1b50', '44687709-00cd-4828-8492-eb117a75be45', '7708a49e-8512-43b2-8b85-13e98a4af318', '550e8400-e29b-41d4-a716-446655440701'),
  ('37bf39fd-0991-45f6-b115-05e33532d251', '44687709-00cd-4828-8492-eb117a75be45', 'a3120f9e-c8ef-4cd8-8014-92f5e67fbfbc', '550e8400-e29b-41d4-a716-446655440701')
ON CONFLICT (id) DO NOTHING;
INSERT INTO events (id, created_by, event_type_id, title, description, event_date, venue_id, duration_minutes, cancelled, cancellation_reason, external_event_id)
VALUES (
  'da8d12b0-afd7-4b1f-8f5b-63620db06ff2',
  '77d77471-1250-47e0-81ab-d4626595d63c',
  '550e8400-e29b-41d4-a716-446655440402',
  'Jersey Shore Boca Reserves vs Monmouth Light FC',
  NULL,
  '2025-09-07 22:30:00',
  NULL,
  NULL,
  false,
  NULL,
  NULL
)
ON CONFLICT (id) DO UPDATE SET
  title = EXCLUDED.title,
  updated_at = EXCLUDED.updated_at;

INSERT INTO matches (id, home_team_id, away_team_id, home_away_status_id, home_team_score, away_team_score, match_status, competition_name, competition_round)
VALUES (
  'da8d12b0-afd7-4b1f-8f5b-63620db06ff2',
  '2da3f1d4-be7f-4cff-89d8-fea82a640d06',
  'd9b9ff4c-052c-4c9f-8d2d-483f66125de4',
  '550e8400-e29b-41d4-a716-446655440801',
  NULL,
  NULL,
  'scheduled',
  'Central NJ Liga 1',
  NULL
)
ON CONFLICT (id) DO UPDATE SET
  home_team_score = EXCLUDED.home_team_score,
  away_team_score = EXCLUDED.away_team_score,
  match_status = EXCLUDED.match_status;

INSERT INTO event_participants (id, event_id, team_id, participation_status_id)
VALUES 
  ('92cee7e9-125e-4b07-ab78-a531dd5dfd6d', 'da8d12b0-afd7-4b1f-8f5b-63620db06ff2', '2da3f1d4-be7f-4cff-89d8-fea82a640d06', '550e8400-e29b-41d4-a716-446655440701'),
  ('06d5a7d7-fdc6-45d3-9b37-5936d662d181', 'da8d12b0-afd7-4b1f-8f5b-63620db06ff2', 'd9b9ff4c-052c-4c9f-8d2d-483f66125de4', '550e8400-e29b-41d4-a716-446655440701')
ON CONFLICT (id) DO NOTHING;
INSERT INTO events (id, created_by, event_type_id, title, description, event_date, venue_id, duration_minutes, cancelled, cancellation_reason, external_event_id)
VALUES (
  '8e018dcd-a2a5-4f4d-8cad-9406b56458b6',
  '77d77471-1250-47e0-81ab-d4626595d63c',
  '550e8400-e29b-41d4-a716-446655440402',
  'Alaso FC vs MFC Stars',
  NULL,
  '2025-09-07 23:00:00',
  NULL,
  NULL,
  false,
  NULL,
  NULL
)
ON CONFLICT (id) DO UPDATE SET
  title = EXCLUDED.title,
  updated_at = EXCLUDED.updated_at;

INSERT INTO matches (id, home_team_id, away_team_id, home_away_status_id, home_team_score, away_team_score, match_status, competition_name, competition_round)
VALUES (
  '8e018dcd-a2a5-4f4d-8cad-9406b56458b6',
  'dda012cd-f081-48df-8903-d997d9fa6f96',
  '3e87d61d-3093-41a0-888a-83f66923a34b',
  '550e8400-e29b-41d4-a716-446655440801',
  NULL,
  NULL,
  'scheduled',
  'Central NJ Liga 1',
  NULL
)
ON CONFLICT (id) DO UPDATE SET
  home_team_score = EXCLUDED.home_team_score,
  away_team_score = EXCLUDED.away_team_score,
  match_status = EXCLUDED.match_status;

INSERT INTO event_participants (id, event_id, team_id, participation_status_id)
VALUES 
  ('0393d42b-93e0-4624-ae39-20753a5f1cd7', '8e018dcd-a2a5-4f4d-8cad-9406b56458b6', 'dda012cd-f081-48df-8903-d997d9fa6f96', '550e8400-e29b-41d4-a716-446655440701'),
  ('34a12a3e-045d-460e-a54b-3dfa9bc88d23', '8e018dcd-a2a5-4f4d-8cad-9406b56458b6', '3e87d61d-3093-41a0-888a-83f66923a34b', '550e8400-e29b-41d4-a716-446655440701')
ON CONFLICT (id) DO NOTHING;
INSERT INTO events (id, created_by, event_type_id, title, description, event_date, venue_id, duration_minutes, cancelled, cancellation_reason, external_event_id)
VALUES (
  'bbb552d5-3241-4dca-8824-69be1f232855',
  '77d77471-1250-47e0-81ab-d4626595d63c',
  '550e8400-e29b-41d4-a716-446655440402',
  'Rondo Football Club vs Monmouth Light FC',
  NULL,
  '2025-09-14 12:00:00',
  NULL,
  NULL,
  false,
  NULL,
  NULL
)
ON CONFLICT (id) DO UPDATE SET
  title = EXCLUDED.title,
  updated_at = EXCLUDED.updated_at;

INSERT INTO matches (id, home_team_id, away_team_id, home_away_status_id, home_team_score, away_team_score, match_status, competition_name, competition_round)
VALUES (
  'bbb552d5-3241-4dca-8824-69be1f232855',
  '5e07fe31-75ac-4d95-8224-c762b2411566',
  'd9b9ff4c-052c-4c9f-8d2d-483f66125de4',
  '550e8400-e29b-41d4-a716-446655440801',
  NULL,
  NULL,
  'scheduled',
  'Central NJ Liga 1',
  NULL
)
ON CONFLICT (id) DO UPDATE SET
  home_team_score = EXCLUDED.home_team_score,
  away_team_score = EXCLUDED.away_team_score,
  match_status = EXCLUDED.match_status;

INSERT INTO event_participants (id, event_id, team_id, participation_status_id)
VALUES 
  ('dc5f5c49-0848-4bb1-a7bd-abd5875e1fff', 'bbb552d5-3241-4dca-8824-69be1f232855', '5e07fe31-75ac-4d95-8224-c762b2411566', '550e8400-e29b-41d4-a716-446655440701'),
  ('83621db8-2238-4b10-ae6e-99f7051cc7bb', 'bbb552d5-3241-4dca-8824-69be1f232855', 'd9b9ff4c-052c-4c9f-8d2d-483f66125de4', '550e8400-e29b-41d4-a716-446655440701')
ON CONFLICT (id) DO NOTHING;
INSERT INTO events (id, created_by, event_type_id, title, description, event_date, venue_id, duration_minutes, cancelled, cancellation_reason, external_event_id)
VALUES (
  '54e7ac62-60c6-4da1-8ca0-48e735edd4d6',
  '77d77471-1250-47e0-81ab-d4626595d63c',
  '550e8400-e29b-41d4-a716-446655440402',
  'Jersey Shore Hounds vs Jersey Shore Boca Reserves',
  NULL,
  '2025-09-14 13:30:00',
  NULL,
  NULL,
  false,
  NULL,
  NULL
)
ON CONFLICT (id) DO UPDATE SET
  title = EXCLUDED.title,
  updated_at = EXCLUDED.updated_at;

INSERT INTO matches (id, home_team_id, away_team_id, home_away_status_id, home_team_score, away_team_score, match_status, competition_name, competition_round)
VALUES (
  '54e7ac62-60c6-4da1-8ca0-48e735edd4d6',
  'eb1511a3-cc96-4387-80c1-c8e470338ddc',
  '2da3f1d4-be7f-4cff-89d8-fea82a640d06',
  '550e8400-e29b-41d4-a716-446655440801',
  NULL,
  NULL,
  'scheduled',
  'Central NJ Liga 1',
  NULL
)
ON CONFLICT (id) DO UPDATE SET
  home_team_score = EXCLUDED.home_team_score,
  away_team_score = EXCLUDED.away_team_score,
  match_status = EXCLUDED.match_status;

INSERT INTO event_participants (id, event_id, team_id, participation_status_id)
VALUES 
  ('02ca898a-3d76-4505-b8a5-b33d8b8b3ad7', '54e7ac62-60c6-4da1-8ca0-48e735edd4d6', 'eb1511a3-cc96-4387-80c1-c8e470338ddc', '550e8400-e29b-41d4-a716-446655440701'),
  ('2d683c08-055b-4881-b4dc-4aae1517ac2a', '54e7ac62-60c6-4da1-8ca0-48e735edd4d6', '2da3f1d4-be7f-4cff-89d8-fea82a640d06', '550e8400-e29b-41d4-a716-446655440701')
ON CONFLICT (id) DO NOTHING;
INSERT INTO events (id, created_by, event_type_id, title, description, event_date, venue_id, duration_minutes, cancelled, cancellation_reason, external_event_id)
VALUES (
  '628a1237-b966-42f2-8927-678809d67be4',
  '77d77471-1250-47e0-81ab-d4626595d63c',
  '550e8400-e29b-41d4-a716-446655440402',
  'Milan Football Club vs Real Central NJ II',
  NULL,
  '2025-09-14 14:00:00',
  NULL,
  NULL,
  false,
  NULL,
  NULL
)
ON CONFLICT (id) DO UPDATE SET
  title = EXCLUDED.title,
  updated_at = EXCLUDED.updated_at;

INSERT INTO matches (id, home_team_id, away_team_id, home_away_status_id, home_team_score, away_team_score, match_status, competition_name, competition_round)
VALUES (
  '628a1237-b966-42f2-8927-678809d67be4',
  'cc98cc5e-8b54-4c55-8564-a7ebeaccc68b',
  'bb5768e2-fac3-42e0-8d07-f18a63fb2278',
  '550e8400-e29b-41d4-a716-446655440801',
  NULL,
  NULL,
  'scheduled',
  'Central NJ Liga 1',
  NULL
)
ON CONFLICT (id) DO UPDATE SET
  home_team_score = EXCLUDED.home_team_score,
  away_team_score = EXCLUDED.away_team_score,
  match_status = EXCLUDED.match_status;

INSERT INTO event_participants (id, event_id, team_id, participation_status_id)
VALUES 
  ('4c0f01d7-152b-4203-b459-b92a49382036', '628a1237-b966-42f2-8927-678809d67be4', 'cc98cc5e-8b54-4c55-8564-a7ebeaccc68b', '550e8400-e29b-41d4-a716-446655440701'),
  ('d214a287-fc99-4382-af49-bb72f439bc2c', '628a1237-b966-42f2-8927-678809d67be4', 'bb5768e2-fac3-42e0-8d07-f18a63fb2278', '550e8400-e29b-41d4-a716-446655440701')
ON CONFLICT (id) DO NOTHING;
INSERT INTO events (id, created_by, event_type_id, title, description, event_date, venue_id, duration_minutes, cancelled, cancellation_reason, external_event_id)
VALUES (
  'cfe2ecfa-b9b4-4f2c-8baf-25cd902551e9',
  '77d77471-1250-47e0-81ab-d4626595d63c',
  '550e8400-e29b-41d4-a716-446655440402',
  'MFC Stars vs Princeton International FC',
  NULL,
  '2025-09-14 20:00:00',
  NULL,
  NULL,
  false,
  NULL,
  NULL
)
ON CONFLICT (id) DO UPDATE SET
  title = EXCLUDED.title,
  updated_at = EXCLUDED.updated_at;

INSERT INTO matches (id, home_team_id, away_team_id, home_away_status_id, home_team_score, away_team_score, match_status, competition_name, competition_round)
VALUES (
  'cfe2ecfa-b9b4-4f2c-8baf-25cd902551e9',
  '3e87d61d-3093-41a0-888a-83f66923a34b',
  '7708a49e-8512-43b2-8b85-13e98a4af318',
  '550e8400-e29b-41d4-a716-446655440801',
  NULL,
  NULL,
  'scheduled',
  'Central NJ Liga 1',
  NULL
)
ON CONFLICT (id) DO UPDATE SET
  home_team_score = EXCLUDED.home_team_score,
  away_team_score = EXCLUDED.away_team_score,
  match_status = EXCLUDED.match_status;

INSERT INTO event_participants (id, event_id, team_id, participation_status_id)
VALUES 
  ('2976ab27-9e56-40ff-ace9-45bacbc2a0ae', 'cfe2ecfa-b9b4-4f2c-8baf-25cd902551e9', '3e87d61d-3093-41a0-888a-83f66923a34b', '550e8400-e29b-41d4-a716-446655440701'),
  ('d3f014e0-0b16-4635-86be-6b031486365c', 'cfe2ecfa-b9b4-4f2c-8baf-25cd902551e9', '7708a49e-8512-43b2-8b85-13e98a4af318', '550e8400-e29b-41d4-a716-446655440701')
ON CONFLICT (id) DO NOTHING;
INSERT INTO events (id, created_by, event_type_id, title, description, event_date, venue_id, duration_minutes, cancelled, cancellation_reason, external_event_id)
VALUES (
  'b0dfa54d-7374-4e08-8840-cafe6aa4b951',
  '77d77471-1250-47e0-81ab-d4626595d63c',
  '550e8400-e29b-41d4-a716-446655440402',
  'Princeton International FC vs Monmouth Light FC',
  NULL,
  '2025-09-21 14:00:00',
  NULL,
  NULL,
  false,
  NULL,
  NULL
)
ON CONFLICT (id) DO UPDATE SET
  title = EXCLUDED.title,
  updated_at = EXCLUDED.updated_at;

INSERT INTO matches (id, home_team_id, away_team_id, home_away_status_id, home_team_score, away_team_score, match_status, competition_name, competition_round)
VALUES (
  'b0dfa54d-7374-4e08-8840-cafe6aa4b951',
  '7708a49e-8512-43b2-8b85-13e98a4af318',
  'd9b9ff4c-052c-4c9f-8d2d-483f66125de4',
  '550e8400-e29b-41d4-a716-446655440801',
  NULL,
  NULL,
  'scheduled',
  'Central NJ Liga 1',
  NULL
)
ON CONFLICT (id) DO UPDATE SET
  home_team_score = EXCLUDED.home_team_score,
  away_team_score = EXCLUDED.away_team_score,
  match_status = EXCLUDED.match_status;

INSERT INTO event_participants (id, event_id, team_id, participation_status_id)
VALUES 
  ('580bc5b2-5eeb-4c93-ac1d-0a5bc3c7f37a', 'b0dfa54d-7374-4e08-8840-cafe6aa4b951', '7708a49e-8512-43b2-8b85-13e98a4af318', '550e8400-e29b-41d4-a716-446655440701'),
  ('61c328d6-fe94-4ad6-a435-a1816d1159a7', 'b0dfa54d-7374-4e08-8840-cafe6aa4b951', 'd9b9ff4c-052c-4c9f-8d2d-483f66125de4', '550e8400-e29b-41d4-a716-446655440701')
ON CONFLICT (id) DO NOTHING;
